timestamp,open,high,low,close,volume
2026-04-20T00:00:00+00:00,73801.80000000,74360.43000000,73724.31000000,74280.01000000,787.93368000
2026-04-20T01:00:00+00:00,74280.01000000,74746.93000000,74214.67000000,74595.13000000,689.61016000
2026-04-20T02:00:00+00:00,74595.12000000,74627.99000000,74304.84000000,74410.01000000,739.68976000
2026-04-20T03:00:00+00:00,74410.01000000,74640.65000000,74359.04000000,74634.00000000,281.20310000
2026-04-20T04:00:00+00:00,74634.01000000,74637.43000000,74435.19000000,74567.64000000,333.76794000
2026-04-20T05:00:00+00:00,74567.63000000,74567.63000000,74095.18000000,74264.15000000,529.73957000
2026-04-20T06:00:00+00:00,74264.16000000,74894.11000000,74250.00000000,74786.59000000,441.30070000
2026-04-20T07:00:00+00:00,74786.59000000,75572.00000000,74670.86000000,74837.17000000,1175.74482000
2026-04-20T08:00:00+00:00,74837.18000000,74998.83000000,74619.41000000,74728.91000000,538.52852000
2026-04-20T09:00:00+00:00,74728.92000000,75233.00000000,74706.87000000,75062.77000000,502.56404000
2026-04-20T10:00:00+00:00,75062.77000000,75404.63000000,75003.63000000,75027.26000000,321.32100000
2026-04-20T11:00:00+00:00,75027.26000000,75287.88000000,74957.51000000,75192.71000000,284.12016000
2026-04-20T12:00:00+00:00,75192.72000000,75650.00000000,75043.86000000,75289.90000000,698.85484000
2026-04-20T13:00:00+00:00,75289.91000000,75434.41000000,74859.11000000,75269.38000000,774.09093000
2026-04-20T14:00:00+00:00,75269.37000000,75766.74000000,74921.42000000,75034.79000000,1047.20928000
2026-04-20T15:00:00+00:00,75034.79000000,75772.72000000,74702.00000000,75716.77000000,1196.95260000
2026-04-20T16:00:00+00:00,75716.78000000,75723.99000000,75299.26000000,75338.74000000,630.71705000
2026-04-20T17:00:00+00:00,75338.75000000,75991.47000000,75289.92000000,75898.14000000,642.61045000
2026-04-20T18:00:00+00:00,75898.14000000,76453.19000000,75898.14000000,76423.69000000,1544.76303000
2026-04-20T19:00:00+00:00,76423.69000000,76486.67000000,76154.49000000,76296.96000000,1368.12243000
2026-04-20T20:00:00+00:00,76296.97000000,76558.62000000,76113.07000000,76276.17000000,1418.85750000
2026-04-20T21:00:00+00:00,76276.18000000,76357.20000000,75784.05000000,75954.71000000,523.28232000
2026-04-20T22:00:00+00:00,75954.72000000,76143.71000000,75904.39000000,75974.24000000,220.64170000
2026-04-20T23:00:00+00:00,75974.24000000,75974.24000000,75617.60000000,75840.97000000,301.78476000
2026-04-21T00:00:00+00:00,75840.97000000,76099.19000000,75700.00000000,76092.45000000,428.95831000
2026-04-21T01:00:00+00:00,76092.46000000,76263.40000000,75866.01000000,75927.59000000,391.13593000
2026-04-21T02:00:00+00:00,75927.58000000,75932.70000000,75580.00000000,75581.33000000,536.09341000
2026-04-21T03:00:00+00:00,75581.33000000,75721.12000000,75474.77000000,75710.30000000,256.25150000
2026-04-21T04:00:00+00:00,75710.31000000,75823.49000000,75600.00000000,75813.81000000,259.64273000
2026-04-21T05:00:00+00:00,75813.80000000,75981.10000000,75782.75000000,75802.00000000,321.53858000
2026-04-21T06:00:00+00:00,75802.00000000,76129.95000000,75703.85000000,75974.11000000,408.87339000
2026-04-21T07:00:00+00:00,75974.12000000,76300.00000000,75814.26000000,76084.34000000,1236.72448000
2026-04-21T08:00:00+00:00,76084.34000000,76927.57000000,76063.98000000,76507.21000000,915.23783000
2026-04-21T09:00:00+00:00,76507.21000000,76587.82000000,76155.00000000,76362.77000000,582.67237000
2026-04-21T10:00:00+00:00,76362.78000000,76866.55000000,76349.59000000,76746.41000000,536.34243000
2026-04-21T11:00:00+00:00,76746.41000000,76750.68000000,76342.00000000,76452.94000000,624.94284000
2026-04-21T12:00:00+00:00,76452.94000000,76528.11000000,75709.03000000,76009.46000000,1039.78515000
2026-04-21T13:00:00+00:00,76009.46000000,76179.75000000,75736.33000000,75899.98000000,686.08493000
2026-04-21T14:00:00+00:00,75899.98000000,76595.30000000,75625.28000000,75675.05000000,949.21411000
2026-04-21T15:00:00+00:00,75675.04000000,75979.78000000,75430.62000000,75834.65000000,923.86151000
2026-04-21T16:00:00+00:00,75834.66000000,76190.72000000,75760.00000000,75781.18000000,496.33064000
2026-04-21T17:00:00+00:00,75781.19000000,75912.98000000,75052.64000000,75545.62000000,995.08460000
2026-04-21T18:00:00+00:00,75545.62000000,75668.24000000,75310.88000000,75610.21000000,456.47055000
2026-04-21T19:00:00+00:00,75610.21000000,75919.50000000,74821.57000000,75023.43000000,954.26760000
2026-04-21T20:00:00+00:00,75023.43000000,75859.56000000,74967.58000000,75698.51000000,797.25703000
2026-04-21T21:00:00+00:00,75698.51000000,75777.38000000,75431.62000000,75549.99000000,249.37655000
2026-04-21T22:00:00+00:00,75549.99000000,75650.04000000,75302.01000000,75650.04000000,389.29388000
2026-04-21T23:00:00+00:00,75650.03000000,76425.37000000,75622.00000000,76336.15000000,477.13097000
2026-04-22T00:00:00+00:00,76336.14000000,76500.00000000,76220.40000000,76370.45000000,496.92701000
2026-04-22T01:00:00+00:00,76370.46000000,76416.24000000,76132.95000000,76297.99000000,351.48706000
2026-04-22T02:00:00+00:00,76297.99000000,77645.35000000,76223.90000000,77604.71000000,1622.85639000
2026-04-22T03:00:00+00:00,77604.70000000,77733.11000000,77397.88000000,77521.48000000,956.65280000
2026-04-22T04:00:00+00:00,77521.47000000,77700.00000000,77364.25000000,77523.00000000,547.15780000
2026-04-22T05:00:00+00:00,77523.01000000,78452.18000000,77450.00000000,77994.93000000,2386.48879000
2026-04-22T06:00:00+00:00,77994.92000000,78042.84000000,77900.00000000,78010.72000000,576.88586000
2026-04-22T07:00:00+00:00,78010.73000000,78111.00000000,77825.00000000,78012.79000000,880.52640000
2026-04-22T08:00:00+00:00,78012.78000000,78219.41000000,77941.59000000,78010.92000000,987.44812000
2026-04-22T09:00:00+00:00,78010.92000000,78184.70000000,77956.76000000,78001.95000000,415.39605000
2026-04-22T10:00:00+00:00,78001.96000000,78180.00000000,77951.17000000,78157.41000000,352.72131000
2026-04-22T11:00:00+00:00,78157.41000000,78399.00000000,78102.00000000,78300.00000000,560.88264000
2026-04-22T12:00:00+00:00,78300.00000000,78508.18000000,78114.04000000,78236.05000000,952.94008000
2026-04-22T13:00:00+00:00,78236.05000000,78850.00000000,78162.64000000,78840.94000000,1253.18724000
2026-04-22T14:00:00+00:00,78840.94000000,79174.68000000,78577.86000000,79045.75000000,1847.69509000
2026-04-22T15:00:00+00:00,79045.75000000,79400.00000000,78837.66000000,79272.90000000,1412.00400000
2026-04-22T16:00:00+00:00,79272.91000000,79472.82000000,78632.37000000,78743.59000000,1010.97362000
2026-04-22T17:00:00+00:00,78743.60000000,79034.73000000,78705.71000000,78900.00000000,502.31388000
2026-04-22T18:00:00+00:00,78900.01000000,79163.66000000,78828.76000000,79022.39000000,322.94022000
2026-04-22T19:00:00+00:00,79022.40000000,79067.60000000,78706.81000000,78846.62000000,557.30668000
2026-04-22T20:00:00+00:00,78846.62000000,78915.84000000,78410.00000000,78436.68000000,436.66543000
2026-04-22T21:00:00+00:00,78436.69000000,78821.86000000,78425.00000000,78762.69000000,299.34545000
2026-04-22T22:00:00+00:00,78762.68000000,78824.00000000,78456.15000000,78607.95000000,294.64140000
2026-04-22T23:00:00+00:00,78607.95000000,78607.95000000,78155.83000000,78178.23000000,712.06893000
2026-04-23T00:00:00+00:00,78178.22000000,78574.44000000,77582.17000000,78424.29000000,1778.58027000
2026-04-23T01:00:00+00:00,78424.30000000,78472.95000000,78057.50000000,78359.23000000,586.86850000
2026-04-23T02:00:00+00:00,78359.71000000,78359.72000000,77761.20000000,77939.92000000,508.32327000
2026-04-23T03:00:00+00:00,77939.91000000,78025.99000000,77453.43000000,77746.46000000,609.20360000
2026-04-23T04:00:00+00:00,77746.47000000,77949.09000000,77675.80000000,77920.09000000,305.04990000
2026-04-23T05:00:00+00:00,77920.09000000,78110.01000000,77750.00000000,78033.87000000,680.89298000
2026-04-23T06:00:00+00:00,78034.00000000,78339.35000000,78034.00000000,78211.43000000,433.12959000
2026-04-23T07:00:00+00:00,78211.43000000,78248.39000000,77981.88000000,78048.62000000,292.35484000
2026-04-23T08:00:00+00:00,78048.61000000,78175.52000000,77714.86000000,77858.35000000,1135.26875000
2026-04-23T09:00:00+00:00,77858.34000000,77860.80000000,77440.85000000,77655.34000000,772.05261000
2026-04-23T10:00:00+00:00,77655.35000000,77709.16000000,77174.01000000,77403.63000000,1129.48909000
2026-04-23T11:00:00+00:00,77403.63000000,77757.31000000,77365.57000000,77704.62000000,525.42671000
2026-04-23T12:00:00+00:00,77704.61000000,77870.54000000,77491.18000000,77870.53000000,636.21566000
2026-04-23T13:00:00+00:00,77870.54000000,77904.37000000,77379.92000000,77532.23000000,592.70115000
2026-04-23T14:00:00+00:00,77532.23000000,78201.53000000,77414.00000000,78180.77000000,926.52082000
2026-04-23T15:00:00+00:00,78180.78000000,78662.50000000,77983.25000000,78376.76000000,1008.45262000
2026-04-23T16:00:00+00:00,78376.77000000,78509.82000000,78030.00000000,78103.72000000,661.93618000
2026-04-23T17:00:00+00:00,78103.72000000,78184.85000000,76960.00000000,77769.21000000,1724.53866000
2026-04-23T18:00:00+00:00,77769.20000000,78146.75000000,77678.65000000,77678.65000000,731.06838000
2026-04-23T19:00:00+00:00,77678.65000000,77886.88000000,77592.92000000,77727.26000000,830.20485000
2026-04-23T20:00:00+00:00,77727.25000000,78050.00000000,77637.50000000,77886.97000000,391.74493000
2026-04-23T21:00:00+00:00,77886.97000000,78070.00000000,77800.00000000,77864.83000000,211.37751000
2026-04-23T22:00:00+00:00,77864.84000000,78331.00000000,77864.83000000,78235.30000000,271.33020000
2026-04-23T23:00:00+00:00,78235.29000000,78298.01000000,78030.00000000,78257.48000000,228.06394000
2026-04-24T00:00:00+00:00,78257.48000000,78490.83000000,78172.01000000,78417.22000000,451.37457000
2026-04-24T01:00:00+00:00,78417.22000000,78450.00000000,77952.16000000,78429.73000000,533.84795000
2026-04-24T02:00:00+00:00,78429.73000000,78581.93000000,78067.17000000,78125.65000000,425.56297000
2026-04-24T03:00:00+00:00,78125.65000000,78178.40000000,77555.00000000,77737.85000000,639.95986000
2026-04-24T04:00:00+00:00,77737.84000000,77854.57000000,77482.49000000,77670.00000000,605.14416000
2026-04-24T05:00:00+00:00,77670.01000000,78057.65000000,77457.00000000,77953.48000000,423.67180000
2026-04-24T06:00:00+00:00,77953.48000000,77979.54000000,77761.20000000,77789.75000000,280.75336000
2026-04-24T07:00:00+00:00,77789.75000000,77855.67000000,77543.52000000,77644.60000000,696.90666000
2026-04-24T08:00:00+00:00,77644.59000000,78000.00000000,77550.73000000,77785.71000000,731.67499000
2026-04-24T09:00:00+00:00,77785.70000000,77804.23000000,77402.01000000,77527.69000000,621.09775000
2026-04-24T10:00:00+00:00,77527.70000000,77784.00000000,77444.95000000,77752.36000000,379.99202000
2026-04-24T11:00:00+00:00,77752.37000000,78372.58000000,77752.37000000,78240.26000000,1186.36064000
2026-04-24T12:00:00+00:00,78240.27000000,78345.15000000,78016.51000000,78275.66000000,579.40035000
2026-04-24T13:00:00+00:00,78275.65000000,78479.37000000,77913.27000000,78093.79000000,852.96848000
2026-04-24T14:00:00+00:00,78093.80000000,78093.80000000,77681.74000000,78037.64000000,755.72516000
2026-04-24T15:00:00+00:00,78037.65000000,78233.18000000,77577.22000000,78038.62000000,662.02033000
2026-04-24T16:00:00+00:00,78038.63000000,78060.29000000,77586.86000000,77777.28000000,525.06319000
2026-04-24T17:00:00+00:00,77776.76000000,77829.17000000,77489.60000000,77681.71000000,537.36482000
2026-04-24T18:00:00+00:00,77681.72000000,77717.08000000,77363.63000000,77618.24000000,321.31558000
2026-04-24T19:00:00+00:00,77618.25000000,77748.66000000,77532.46000000,77628.85000000,250.57895000
2026-04-24T20:00:00+00:00,77628.84000000,77757.14000000,77458.00000000,77718.31000000,376.29595000
2026-04-24T21:00:00+00:00,77718.31000000,77756.15000000,77536.48000000,77536.48000000,322.69633000
2026-04-24T22:00:00+00:00,77536.49000000,77616.78000000,77264.08000000,77328.91000000,278.27896000
2026-04-24T23:00:00+00:00,77328.92000000,77456.87000000,77328.92000000,77437.13000000,237.08832000
2026-04-25T00:00:00+00:00,77437.13000000,77502.99000000,77309.92000000,77456.88000000,429.63681000
2026-04-25T01:00:00+00:00,77456.88000000,77620.52000000,77440.80000000,77541.63000000,200.07888000
2026-04-25T02:00:00+00:00,77541.63000000,77644.04000000,77504.43000000,77607.80000000,171.07030000
2026-04-25T03:00:00+00:00,77607.80000000,77711.87000000,77550.27000000,77679.07000000,142.22205000
2026-04-25T04:00:00+00:00,77679.08000000,77691.23000000,77596.37000000,77619.05000000,275.21191000
2026-04-25T05:00:00+00:00,77619.05000000,77619.05000000,77485.51000000,77510.28000000,174.55862000
2026-04-25T06:00:00+00:00,77510.27000000,77582.28000000,77489.35000000,77503.63000000,269.54814000
2026-04-25T07:00:00+00:00,77503.63000000,77566.26000000,77450.00000000,77501.19000000,174.69907000
2026-04-25T08:00:00+00:00,77501.19000000,77654.41000000,77491.36000000,77643.37000000,116.50084000
2026-04-25T09:00:00+00:00,77643.38000000,77779.65000000,77587.10000000,77714.55000000,144.65626000
2026-04-25T10:00:00+00:00,77714.56000000,77885.35000000,77714.55000000,77787.77000000,306.44644000
2026-04-25T11:00:00+00:00,77787.76000000,77787.77000000,77607.03000000,77682.30000000,185.59351000
2026-04-25T12:00:00+00:00,77682.29000000,77717.95000000,77550.61000000,77557.14000000,161.82067000
2026-04-25T13:00:00+00:00,77557.14000000,77710.91000000,77557.14000000,77691.69000000,161.65796000
2026-04-25T14:00:00+00:00,77691.70000000,77752.54000000,77638.00000000,77656.75000000,202.75966000
2026-04-25T15:00:00+00:00,77656.74000000,77722.70000000,77299.89000000,77330.26000000,480.35839000
2026-04-25T16:00:00+00:00,77330.25000000,77454.31000000,77140.23000000,77397.27000000,471.60364000
2026-04-25T17:00:00+00:00,77397.27000000,77407.03000000,77210.96000000,77245.77000000,151.09691000
2026-04-25T18:00:00+00:00,77245.78000000,77389.01000000,77216.29000000,77313.00000000,331.13304000
2026-04-25T19:00:00+00:00,77313.00000000,77343.81000000,77193.79000000,77330.01000000,293.84127000
2026-04-25T20:00:00+00:00,77330.00000000,77481.70000000,77311.05000000,77479.13000000,85.63447000
2026-04-25T21:00:00+00:00,77479.14000000,77530.00000000,77415.20000000,77525.84000000,150.55151000
2026-04-25T22:00:00+00:00,77525.83000000,77634.77000000,77498.81000000,77557.01000000,242.12513000
2026-04-25T23:00:00+00:00,77557.01000000,77650.00000000,77530.00000000,77625.00000000,362.30872000
2026-04-26T00:00:00+00:00,77625.00000000,77642.43000000,77445.94000000,77502.40000000,307.91239000
2026-04-26T01:00:00+00:00,77502.39000000,77572.81000000,77451.16000000,77461.16000000,130.56583000
2026-04-26T02:00:00+00:00,77461.16000000,77590.97000000,77452.07000000,77512.67000000,85.92459000
2026-04-26T03:00:00+00:00,77512.67000000,77541.96000000,77326.51000000,77400.21000000,146.77411000
2026-04-26T04:00:00+00:00,77400.21000000,77814.43000000,77383.46000000,77774.29000000,227.07196000
2026-04-26T05:00:00+00:00,77774.29000000,78200.00000000,77719.77000000,77983.31000000,797.06637000
2026-04-26T06:00:00+00:00,77983.31000000,78045.00000000,77899.45000000,77999.04000000,206.01822000
2026-04-26T07:00:00+00:00,77999.04000000,78121.45000000,77968.36000000,78102.53000000,175.61130000
2026-04-26T08:00:00+00:00,78102.53000000,78210.00000000,78019.65000000,78032.59000000,265.96473000
2026-04-26T09:00:00+00:00,78032.59000000,78058.45000000,77926.59000000,77999.99000000,168.80014000
2026-04-26T10:00:00+00:00,78000.00000000,78050.19000000,77954.00000000,78002.43000000,153.34740000
2026-04-26T11:00:00+00:00,78002.43000000,78149.99000000,78002.42000000,78101.44000000,133.58626000
2026-04-26T12:00:00+00:00,78101.43000000,78101.50000000,77770.00000000,77833.08000000,296.93614000
2026-04-26T13:00:00+00:00,77833.08000000,77996.69000000,77797.13000000,77977.79000000,254.46962000
2026-04-26T14:00:00+00:00,77977.79000000,78173.15000000,77871.85000000,78095.66000000,401.66239000
2026-04-26T15:00:00+00:00,78095.65000000,78121.92000000,77988.89000000,78049.00000000,177.47420000
2026-04-26T16:00:00+00:00,78049.00000000,78086.47000000,77919.42000000,77919.43000000,198.96678000
2026-04-26T17:00:00+00:00,77919.43000000,78050.00000000,77850.00000000,78018.57000000,373.25532000
2026-04-26T18:00:00+00:00,78018.57000000,78346.89000000,77988.11000000,78283.96000000,421.27794000
2026-04-26T19:00:00+00:00,78283.97000000,78500.00000000,78013.76000000,78221.16000000,511.56000000
2026-04-26T20:00:00+00:00,78221.17000000,78377.77000000,78158.04000000,78194.22000000,172.13709000
2026-04-26T21:00:00+00:00,78194.21000000,78961.00000000,77843.75000000,78417.41000000,977.34524000
2026-04-26T22:00:00+00:00,78417.41000000,78850.30000000,77953.26000000,78313.52000000,710.63176000
2026-04-26T23:00:00+00:00,78313.52000000,78901.63000000,78041.05000000,78657.55000000,669.20184000
2026-04-27T00:00:00+00:00,78657.55000000,79392.40000000,78400.03000000,79308.60000000,1271.22649000
2026-04-27T01:00:00+00:00,79309.00000000,79485.66000000,78730.71000000,79283.66000000,993.09217000
2026-04-27T02:00:00+00:00,79283.65000000,79304.00000000,79030.91000000,79130.01000000,381.22923000
2026-04-27T03:00:00+00:00,79130.01000000,79316.50000000,79077.81000000,79105.49000000,397.44839000
2026-04-27T04:00:00+00:00,79105.50000000,79160.00000000,78872.42000000,78924.22000000,417.67922000
2026-04-27T05:00:00+00:00,78924.21000000,78938.00000000,77562.63000000,77785.54000000,1805.78745000
2026-04-27T06:00:00+00:00,77785.55000000,77871.90000000,77465.05000000,77700.12000000,641.73182000
2026-04-27T07:00:00+00:00,77700.12000000,77734.79000000,77562.08000000,77606.60000000,743.19766000
2026-04-27T08:00:00+00:00,77606.59000000,77816.18000000,77553.23000000,77804.34000000,465.54163000
2026-04-27T09:00:00+00:00,77804.34000000,77980.00000000,77700.00000000,77900.01000000,578.50773000
2026-04-27T10:00:00+00:00,77900.01000000,77935.66000000,77792.46000000,77850.01000000,311.10764000
2026-04-27T11:00:00+00:00,77850.01000000,77885.46000000,77740.39000000,77844.26000000,252.77882000
2026-04-27T12:00:00+00:00,77844.25000000,77867.33000000,77620.00000000,77667.36000000,415.46743000
2026-04-27T13:00:00+00:00,77667.36000000,77966.80000000,77571.79000000,77746.74000000,762.71670000
2026-04-27T14:00:00+00:00,77746.74000000,78265.34000000,77680.00000000,77815.25000000,744.42829000
2026-04-27T15:00:00+00:00,77815.26000000,77827.17000000,76564.33000000,76793.09000000,1882.17067000
2026-04-27T16:00:00+00:00,76793.10000000,76868.01000000,76546.00000000,76618.59000000,809.46498000
2026-04-27T17:00:00+00:00,76618.59000000,76990.43000000,76618.59000000,76743.24000000,874.80558000
2026-04-27T18:00:00+00:00,76743.23000000,76890.99000000,76668.52000000,76834.06000000,361.97331000
2026-04-27T19:00:00+00:00,76834.05000000,76894.70000000,76459.64000000,76878.07000000,598.68003000
2026-04-27T20:00:00+00:00,76878.23000000,77067.80000000,76844.16000000,76960.43000000,310.80766000
2026-04-27T21:00:00+00:00,76960.43000000,76981.53000000,76786.80000000,76786.81000000,223.94467000
2026-04-27T22:00:00+00:00,76786.81000000,77082.78000000,76763.71000000,77066.42000000,364.86359000
2026-04-27T23:00:00+00:00,77066.42000000,77450.00000000,77018.56000000,77371.32000000,438.27302000
2026-04-28T00:00:00+00:00,77371.32000000,77478.00000000,77210.92000000,77379.62000000,327.26244000
2026-04-28T01:00:00+00:00,77379.62000000,77394.10000000,77038.10000000,77084.68000000,404.77602000
2026-04-28T02:00:00+00:00,77084.69000000,77227.03000000,76672.56000000,76890.93000000,437.75480000
2026-04-28T03:00:00+00:00,76890.92000000,76890.92000000,76672.00000000,76815.18000000,278.47081000
2026-04-28T04:00:00+00:00,76815.18000000,76950.00000000,76701.35000000,76888.08000000,274.86374000
2026-04-28T05:00:00+00:00,76888.08000000,77154.00000000,76811.01000000,76885.98000000,510.80129000
2026-04-28T06:00:00+00:00,76885.97000000,77027.91000000,76588.00000000,76720.00000000,465.05641000
2026-04-28T07:00:00+00:00,76720.01000000,76922.22000000,76424.90000000,76879.28000000,1631.99051000
2026-04-28T08:00:00+00:00,76879.28000000,77013.63000000,76741.12000000,76858.59000000,1043.07562000
2026-04-28T09:00:00+00:00,76858.59000000,76863.54000000,76495.91000000,76598.00000000,361.69239000
2026-04-28T10:00:00+00:00,76597.99000000,76692.19000000,76484.70000000,76618.35000000,418.24563000
2026-04-28T11:00:00+00:00,76618.35000000,76649.86000000,76130.10000000,76229.00000000,1019.71842000
2026-04-28T12:00:00+00:00,76228.99000000,76421.94000000,76168.84000000,76372.05000000,652.01316000
2026-04-28T13:00:00+00:00,76372.04000000,76411.72000000,75924.98000000,76189.84000000,1288.52500000
2026-04-28T14:00:00+00:00,76189.85000000,76199.99000000,75666.60000000,75949.99000000,1264.27580000
2026-04-28T15:00:00+00:00,75950.00000000,76085.42000000,75836.88000000,76066.38000000,571.95819000
2026-04-28T16:00:00+00:00,76066.37000000,76218.06000000,75881.28000000,76125.04000000,447.54534000
2026-04-28T17:00:00+00:00,76125.04000000,76262.63000000,75959.05000000,76187.30000000,337.12149000
2026-04-28T18:00:00+00:00,76187.30000000,76280.91000000,76137.86000000,76242.18000000,337.48355000
2026-04-28T19:00:00+00:00,76242.17000000,76380.83000000,76066.35000000,76330.97000000,259.65416000
2026-04-28T20:00:00+00:00,76330.97000000,76480.00000000,76323.71000000,76463.95000000,259.71578000
2026-04-28T21:00:00+00:00,76463.95000000,76481.30000000,76267.61000000,76357.15000000,281.17357000
2026-04-28T22:00:00+00:00,76357.15000000,76446.26000000,76218.00000000,76242.17000000,157.60986000
2026-04-28T23:00:00+00:00,76242.17000000,76370.00000000,76197.02000000,76342.77000000,179.93985000
2026-04-29T00:00:00+00:00,76342.78000000,76557.97000000,76276.00000000,76512.00000000,636.88517000
2026-04-29T01:00:00+00:00,76511.99000000,76668.02000000,76187.75000000,76571.00000000,371.48818000
2026-04-29T02:00:00+00:00,76571.00000000,76666.82000000,76402.72000000,76531.29000000,315.29662000
2026-04-29T03:00:00+00:00,76531.29000000,77127.62000000,76519.94000000,76994.78000000,568.25927000
2026-04-29T04:00:00+00:00,76994.77000000,77455.71000000,76880.00000000,77269.76000000,655.24397000
2026-04-29T05:00:00+00:00,77269.76000000,77329.31000000,77198.07000000,77288.38000000,412.95649000
2026-04-29T06:00:00+00:00,77288.39000000,77337.57000000,76907.07000000,77031.06000000,974.38933000
2026-04-29T07:00:00+00:00,77031.07000000,77182.91000000,77031.06000000,77053.64000000,931.98531000
2026-04-29T08:00:00+00:00,77053.65000000,77148.79000000,76972.32000000,77046.32000000,539.09721000
2026-04-29T09:00:00+00:00,77046.31000000,77800.00000000,76972.32000000,77642.00000000,835.54071000
2026-04-29T10:00:00+00:00,77642.00000000,77904.93000000,77559.19000000,77619.61000000,790.81622000
2026-04-29T11:00:00+00:00,77619.62000000,77694.61000000,77485.81000000,77590.03000000,531.75140000
2026-04-29T12:00:00+00:00,77590.04000000,77596.39000000,76850.00000000,77143.68000000,1776.35149000
2026-04-29T13:00:00+00:00,77143.68000000,77240.00000000,76425.62000000,76783.43000000,1000.69490000
2026-04-29T14:00:00+00:00,76783.42000000,76927.69000000,76489.99000000,76570.00000000,1353.72071000
2026-04-29T15:00:00+00:00,76570.00000000,76634.61000000,75705.32000000,75924.25000000,1132.75734000
2026-04-29T16:00:00+00:00,75924.24000000,76125.47000000,75696.13000000,75803.54000000,1021.10079000
2026-04-29T17:00:00+00:00,75803.55000000,76184.01000000,75803.55000000,76184.01000000,549.93434000
2026-04-29T18:00:00+00:00,76184.00000000,76274.80000000,74937.52000000,75513.91000000,1926.88309000
2026-04-29T19:00:00+00:00,75513.92000000,75591.83000000,75302.31000000,75563.86000000,464.57540000
2026-04-29T20:00:00+00:00,75563.87000000,75857.32000000,75497.43000000,75676.79000000,575.31173000
2026-04-29T21:00:00+00:00,75676.79000000,76088.90000000,75607.70000000,75933.93000000,363.06477000
2026-04-29T22:00:00+00:00,75933.94000000,76004.14000000,75818.14000000,75927.38000000,272.33397000
2026-04-29T23:00:00+00:00,75927.38000000,75990.06000000,75692.33000000,75780.00000000,279.49181000
2026-04-30T00:00:00+00:00,75780.00000000,76344.61000000,75656.03000000,76248.74000000,562.71461000
2026-04-30T01:00:00+00:00,76248.76000000,76473.26000000,76178.73000000,76232.80000000,331.53653000
2026-04-30T02:00:00+00:00,76232.81000000,76351.04000000,75494.70000000,75704.74000000,537.06765000
2026-04-30T03:00:00+00:00,75704.74000000,75994.26000000,75659.85000000,75928.10000000,182.12647000
2026-04-30T04:00:00+00:00,75928.09000000,75963.92000000,75414.57000000,75497.00000000,426.96926000
2026-04-30T05:00:00+00:00,75497.01000000,75750.00000000,75323.65000000,75600.09000000,491.70915000
2026-04-30T06:00:00+00:00,75600.09000000,75867.90000000,75569.99000000,75753.53000000,372.15072000
2026-04-30T07:00:00+00:00,75753.54000000,76179.91000000,75718.50000000,76161.67000000,516.75183000
2026-04-30T08:00:00+00:00,76161.67000000,76208.92000000,76019.57000000,76058.17000000,350.94571000
2026-04-30T09:00:00+00:00,76058.17000000,76339.38000000,76012.60000000,76097.19000000,445.01057000
2026-04-30T10:00:00+00:00,76097.19000000,76163.52000000,75974.93000000,76028.66000000,365.18719000
2026-04-30T11:00:00+00:00,76028.66000000,76244.36000000,75876.29000000,76059.43000000,550.88667000
2026-04-30T12:00:00+00:00,76059.42000000,76511.22000000,76042.75000000,76308.48000000,1520.57994000
2026-04-30T13:00:00+00:00,76308.48000000,76669.14000000,76116.20000000,76420.44000000,927.16622000
2026-04-30T14:00:00+00:00,76420.45000000,76597.51000000,76093.81000000,76301.24000000,683.75312000
2026-04-30T15:00:00+00:00,76301.25000000,76653.60000000,76163.16000000,76473.60000000,374.70038000
2026-04-30T16:00:00+00:00,76473.60000000,76484.60000000,76228.27000000,76261.03000000,165.45041000
2026-04-30T17:00:00+00:00,76261.04000000,76328.71000000,76111.00000000,76250.01000000,273.82279000
2026-04-30T18:00:00+00:00,76250.00000000,76468.84000000,76204.40000000,76350.00000000,184.15567000
2026-04-30T19:00:00+00:00,76350.00000000,76514.80000000,76308.33000000,76412.80000000,307.53776000
2026-04-30T20:00:00+00:00,76412.80000000,76568.90000000,76318.31000000,76492.46000000,287.06721000
2026-04-30T21:00:00+00:00,76492.45000000,76535.42000000,76240.78000000,76241.78000000,183.08169000
2026-04-30T22:00:00+00:00,76241.77000000,76449.16000000,76206.02000000,76237.06000000,158.56535000
2026-04-30T23:00:00+00:00,76237.07000000,76380.20000000,76217.96000000,76346.57000000,182.87917000
2026-05-01T00:00:00+00:00,76346.58000000,76591.00000000,76320.42000000,76458.05000000,502.88844000
2026-05-01T01:00:00+00:00,76458.06000000,76776.21000000,76449.50000000,76686.13000000,486.84554000
2026-05-01T02:00:00+00:00,76686.12000000,76744.60000000,76533.74000000,76592.54000000,204.45438000
2026-05-01T03:00:00+00:00,76592.54000000,77453.74000000,76555.06000000,77131.08000000,1056.19913000
2026-05-01T04:00:00+00:00,77131.08000000,77206.38000000,76653.60000000,77042.44000000,995.75921000
2026-05-01T05:00:00+00:00,77042.44000000,77184.96000000,77033.91000000,77165.98000000,283.75111000
2026-05-01T06:00:00+00:00,77165.99000000,77179.53000000,76882.00000000,76993.48000000,439.15205000
2026-05-01T07:00:00+00:00,76993.49000000,77140.36000000,76957.04000000,77130.54000000,633.73250000
2026-05-01T08:00:00+00:00,77130.54000000,77500.00000000,77048.00000000,77377.47000000,697.73561000
2026-05-01T09:00:00+00:00,77377.48000000,77391.99000000,77200.15000000,77268.55000000,355.16559000
2026-05-01T10:00:00+00:00,77268.56000000,77433.72000000,77146.48000000,77304.34000000,330.99244000
2026-05-01T11:00:00+00:00,77303.80000000,77600.00000000,77263.66000000,77463.98000000,584.37960000
2026-05-01T12:00:00+00:00,77463.98000000,78170.20000000,77408.73000000,77896.01000000,1392.97654000
2026-05-01T13:00:00+00:00,77896.01000000,78914.12000000,77896.00000000,78737.25000000,2354.33999000
2026-05-01T14:00:00+00:00,78737.26000000,78871.80000000,78051.86000000,78358.75000000,1970.70152000
2026-05-01T15:00:00+00:00,78358.74000000,78735.92000000,78176.06000000,78445.89000000,1013.17746000
2026-05-01T16:00:00+00:00,78445.88000000,78683.23000000,78167.53000000,78214.36000000,704.68666000
2026-05-01T17:00:00+00:00,78214.36000000,78584.61000000,78131.02000000,78552.94000000,489.31938000
2026-05-01T18:00:00+00:00,78552.93000000,78623.37000000,78375.53000000,78423.90000000,487.76487000
2026-05-01T19:00:00+00:00,78423.91000000,78540.00000000,78313.16000000,78360.00000000,512.65483000
2026-05-01T20:00:00+00:00,78360.01000000,78422.81000000,77752.00000000,77880.18000000,827.52759000
2026-05-01T21:00:00+00:00,77880.18000000,78200.00000000,77857.97000000,78199.99000000,485.72824000
2026-05-01T22:00:00+00:00,78200.00000000,78411.13000000,78144.70000000,78153.38000000,331.97786000
2026-05-01T23:00:00+00:00,78153.37000000,78249.60000000,78043.28000000,78231.13000000,173.55448000
2026-05-02T00:00:00+00:00,78231.13000000,78393.39000000,78166.48000000,78341.75000000,211.29374000
2026-05-02T01:00:00+00:00,78341.75000000,78441.31000000,78294.19000000,78355.00000000,400.98852000
2026-05-02T02:00:00+00:00,78355.00000000,78513.70000000,78260.95000000,78353.93000000,283.69022000
2026-05-02T03:00:00+00:00,78353.93000000,78514.82000000,78237.25000000,78400.00000000,300.16391000
2026-05-02T04:00:00+00:00,78399.99000000,78448.99000000,78123.53000000,78175.50000000,411.85061000
2026-05-02T05:00:00+00:00,78175.50000000,78235.25000000,78040.00000000,78174.00000000,526.60294000
2026-05-02T06:00:00+00:00,78174.00000000,78363.21000000,78148.24000000,78327.80000000,366.56450000
2026-05-02T07:00:00+00:00,78327.80000000,78342.18000000,78207.20000000,78220.00000000,170.02066000
2026-05-02T08:00:00+00:00,78220.00000000,78356.51000000,78165.30000000,78315.37000000,204.83037000
2026-05-02T09:00:00+00:00,78315.36000000,78394.00000000,78220.00000000,78293.57000000,257.64077000
2026-05-02T10:00:00+00:00,78293.57000000,78311.97000000,78225.22000000,78249.30000000,136.41815000
2026-05-02T11:00:00+00:00,78249.31000000,78249.31000000,78094.43000000,78143.08000000,269.24301000
2026-05-02T12:00:00+00:00,78143.09000000,78262.37000000,78108.41000000,78211.24000000,182.77682000
2026-05-02T13:00:00+00:00,78211.24000000,78423.85000000,78211.24000000,78367.06000000,227.00487000
2026-05-02T14:00:00+00:00,78367.06000000,78484.42000000,78309.84000000,78423.98000000,190.15931000
2026-05-02T15:00:00+00:00,78423.98000000,78487.68000000,78365.96000000,78487.67000000,126.14054000
2026-05-02T16:00:00+00:00,78487.67000000,78596.61000000,78430.07000000,78455.02000000,194.42514000
2026-05-02T17:00:00+00:00,78455.02000000,78485.53000000,78368.24000000,78398.02000000,213.39843000
2026-05-02T18:00:00+00:00,78398.03000000,78493.31000000,78310.54000000,78466.62000000,118.15969000
2026-05-02T19:00:00+00:00,78466.63000000,78521.68000000,78440.11000000,78486.00000000,182.05466000
2026-05-02T20:00:00+00:00,78486.23000000,78491.26000000,78418.32000000,78451.38000000,61.92886000
2026-05-02T21:00:00+00:00,78451.37000000,79199.48000000,78439.51000000,78719.78000000,734.53837000
2026-05-02T22:00:00+00:00,78719.78000000,78872.39000000,78610.46000000,78832.98000000,266.49012000
2026-05-02T23:00:00+00:00,78832.98000000,78832.98000000,78631.90000000,78686.85000000,114.49221000
2026-05-03T00:00:00+00:00,78686.84000000,78754.55000000,78490.61000000,78542.32000000,233.96416000
2026-05-03T01:00:00+00:00,78542.33000000,78542.33000000,78152.25000000,78240.83000000,391.01401000
2026-05-03T02:00:00+00:00,78240.84000000,78309.09000000,78108.75000000,78171.85000000,222.42918000
2026-05-03T03:00:00+00:00,78171.86000000,78217.59000000,78109.94000000,78203.08000000,200.35590000
2026-05-03T04:00:00+00:00,78203.07000000,78236.45000000,78120.00000000,78163.19000000,89.71363000
2026-05-03T05:00:00+00:00,78163.19000000,78260.75000000,78163.17000000,78249.42000000,98.09285000
2026-05-03T06:00:00+00:00,78249.41000000,78337.26000000,78084.08000000,78288.30000000,306.94233000
2026-05-03T07:00:00+00:00,78288.30000000,78483.67000000,78288.29000000,78363.25000000,299.42086000
2026-05-03T08:00:00+00:00,78363.24000000,78505.92000000,78363.24000000,78387.86000000,102.01693000
2026-05-03T09:00:00+00:00,78387.87000000,78604.67000000,78354.53000000,78529.57000000,293.13210000
2026-05-03T10:00:00+00:00,78529.57000000,78534.40000000,78406.97000000,78408.01000000,140.79481000
2026-05-03T11:00:00+00:00,78408.01000000,78849.22000000,78380.00000000,78656.01000000,412.83130000
2026-05-03T12:00:00+00:00,78656.01000000,78878.77000000,78656.00000000,78747.09000000,294.28187000
2026-05-03T13:00:00+00:00,78747.09000000,78769.63000000,78586.99000000,78670.01000000,196.40341000
2026-05-03T14:00:00+00:00,78670.01000000,78786.57000000,78608.70000000,78741.00000000,409.96615000
2026-05-03T15:00:00+00:00,78741.00000000,78815.19000000,78633.40000000,78668.36000000,237.20487000
2026-05-03T16:00:00+00:00,78668.36000000,78784.56000000,78600.00000000,78654.00000000,167.53902000
2026-05-03T17:00:00+00:00,78654.01000000,78822.83000000,78558.65000000,78725.76000000,357.92550000
2026-05-03T18:00:00+00:00,78725.76000000,78763.57000000,78631.61000000,78739.67000000,138.18974000
2026-05-03T19:00:00+00:00,78739.68000000,78853.32000000,78676.67000000,78760.32000000,252.60944000
2026-05-03T20:00:00+00:00,78760.32000000,79268.00000000,78732.04000000,78915.99000000,645.79790000
2026-05-03T21:00:00+00:00,78915.99000000,79056.59000000,78650.00000000,78831.59000000,357.48617000
2026-05-03T22:00:00+00:00,78831.60000000,79447.00000000,78831.60000000,79177.29000000,934.95879000
2026-05-03T23:00:00+00:00,79177.29000000,79287.82000000,78484.42000000,78568.57000000,642.72198000
2026-05-04T00:00:00+00:00,78568.58000000,78572.57000000,78288.88000000,78547.14000000,434.86007000
2026-05-04T01:00:00+00:00,78547.15000000,79848.84000000,78412.49000000,79769.43000000,1366.42153000
2026-05-04T02:00:00+00:00,79769.43000000,80420.90000000,79540.05000000,80173.30000000,2278.14954000
2026-05-04T03:00:00+00:00,80173.30000000,80458.00000000,79926.90000000,80316.31000000,1012.18218000
2026-05-04T04:00:00+00:00,80316.30000000,80635.51000000,80233.04000000,80332.06000000,1362.02834000
2026-05-04T05:00:00+00:00,80332.06000000,80395.96000000,79956.25000000,80027.26000000,746.81318000
2026-05-04T06:00:00+00:00,80027.26000000,80048.64000000,79500.00000000,79877.90000000,1103.73906000
2026-05-04T07:00:00+00:00,79877.91000000,79946.33000000,79672.00000000,79696.75000000,419.83178000
2026-05-04T08:00:00+00:00,79696.75000000,79800.00000000,79602.32000000,79708.30000000,435.36516000
2026-05-04T09:00:00+00:00,79708.30000000,79930.00000000,79647.87000000,79838.48000000,473.40316000
2026-05-04T10:00:00+00:00,79838.49000000,79880.00000000,78202.00000000,78940.26000000,4380.72428000
2026-05-04T11:00:00+00:00,78940.27000000,79124.83000000,78708.87000000,78793.67000000,699.54546000
2026-05-04T12:00:00+00:00,78793.67000000,79020.00000000,78718.55000000,78857.18000000,426.01688000
2026-05-04T13:00:00+00:00,78857.18000000,79124.83000000,78581.74000000,78790.00000000,725.07004000
2026-05-04T14:00:00+00:00,78790.01000000,80545.17000000,78500.00000000,80216.16000000,2308.42012000
2026-05-04T15:00:00+00:00,80216.15000000,80367.93000000,79320.28000000,80028.85000000,2458.63305000
2026-05-04T16:00:00+00:00,80028.85000000,80395.68000000,79619.33000000,80025.03000000,1492.78417000
2026-05-04T17:00:00+00:00,80025.03000000,80776.99000000,80021.50000000,80390.81000000,1080.11249000
2026-05-04T18:00:00+00:00,80390.80000000,80439.18000000,80035.32000000,80114.91000000,663.99913000
2026-05-04T19:00:00+00:00,80114.91000000,80138.00000000,79900.00000000,80053.31000000,505.59924000
2026-05-04T20:00:00+00:00,80053.31000000,80154.12000000,79901.00000000,79936.70000000,459.51864000
2026-05-04T21:00:00+00:00,79936.70000000,80383.15000000,79936.70000000,80259.17000000,343.30642000
2026-05-04T22:00:00+00:00,80259.18000000,80397.19000000,80042.84000000,80067.23000000,272.35375000
2026-05-04T23:00:00+00:00,80067.22000000,80067.22000000,79744.91000000,79861.01000000,594.08368000
2026-05-05T00:00:00+00:00,79861.01000000,80183.33000000,79808.72000000,80170.66000000,425.73287000
2026-05-05T01:00:00+00:00,80170.66000000,80385.06000000,80080.76000000,80352.00000000,530.02962000
2026-05-05T02:00:00+00:00,80351.99000000,80900.00000000,80300.00000000,80554.68000000,768.44478000
2026-05-05T03:00:00+00:00,80554.69000000,81083.98000000,80457.93000000,80893.08000000,677.93372000
2026-05-05T04:00:00+00:00,80893.08000000,80982.59000000,80725.00000000,80902.44000000,528.94138000
2026-05-05T05:00:00+00:00,80902.44000000,81323.52000000,80830.06000000,80970.00000000,1011.38606000
2026-05-05T06:00:00+00:00,80969.99000000,81016.42000000,80800.00000000,80976.00000000,389.83367000
2026-05-05T07:00:00+00:00,80976.00000000,81136.59000000,80826.00000000,80855.59000000,1044.43230000
2026-05-05T08:00:00+00:00,80855.59000000,80895.50000000,80723.20000000,80815.24000000,474.45790000
2026-05-05T09:00:00+00:00,80815.24000000,80815.24000000,80527.76000000,80586.02000000,865.34761000
2026-05-05T10:00:00+00:00,80586.02000000,80831.87000000,80530.82000000,80823.61000000,521.10422000
2026-05-05T11:00:00+00:00,80823.61000000,81095.48000000,80780.00000000,81014.05000000,623.66253000
2026-05-05T12:00:00+00:00,81014.05000000,81329.61000000,80932.54000000,81279.41000000,607.82057000
2026-05-05T13:00:00+00:00,81279.40000000,81712.32000000,81196.00000000,81330.00000000,1771.41690000
2026-05-05T14:00:00+00:00,81330.00000000,81500.00000000,80939.87000000,81336.59000000,1282.91373000
2026-05-05T15:00:00+00:00,81336.59000000,81689.20000000,81235.00000000,81525.19000000,899.04049000
2026-05-05T16:00:00+00:00,81525.19000000,81615.33000000,81050.04000000,81285.75000000,707.45267000
2026-05-05T17:00:00+00:00,81285.75000000,81458.26000000,81185.02000000,81270.60000000,280.80669000
2026-05-05T18:00:00+00:00,81270.61000000,81599.00000000,81270.61000000,81515.00000000,427.56223000
2026-05-05T19:00:00+00:00,81515.00000000,81680.00000000,81407.58000000,81606.35000000,364.63717000
2026-05-05T20:00:00+00:00,81606.35000000,81770.00000000,81510.13000000,81646.38000000,724.67261000
2026-05-05T21:00:00+00:00,81646.39000000,81791.48000000,81305.27000000,81407.11000000,618.58873000
2026-05-05T22:00:00+00:00,81407.11000000,81600.00000000,80817.72000000,81111.27000000,921.88572000
2026-05-05T23:00:00+00:00,81111.27000000,81222.03000000,80790.00000000,80905.52000000,479.07578000
2026-05-06T00:00:00+00:00,80905.53000000,81262.28000000,80731.14000000,81030.01000000,876.19915000
2026-05-06T01:00:00+00:00,81030.00000000,81534.23000000,80996.00000000,81439.34000000,803.82574000
2026-05-06T02:00:00+00:00,81439.34000000,81449.04000000,81047.01000000,81363.54000000,621.19491000
2026-05-06T03:00:00+00:00,81363.54000000,81760.84000000,81358.17000000,81581.69000000,710.52364000
2026-05-06T04:00:00+00:00,81581.70000000,81649.99000000,81270.00000000,81331.10000000,575.64130000
2026-05-06T05:00:00+00:00,81331.10000000,81360.30000000,81060.00000000,81333.00000000,592.18650000
2026-05-06T06:00:00+00:00,81333.00000000,81516.90000000,81211.34000000,81476.71000000,524.13540000
2026-05-06T07:00:00+00:00,81476.71000000,81611.00000000,81307.81000000,81359.82000000,608.74333000
2026-05-06T08:00:00+00:00,81359.82000000,81986.00000000,81328.68000000,81945.66000000,1353.41416000
2026-05-06T09:00:00+00:00,81945.66000000,82060.00000000,81682.70000000,81997.00000000,1096.73350000
2026-05-06T10:00:00+00:00,81997.00000000,82390.00000000,81953.25000000,82290.04000000,1302.85091000
2026-05-06T11:00:00+00:00,82290.03000000,82850.00000000,82261.60000000,82522.89000000,1435.93329000
2026-05-06T12:00:00+00:00,82522.88000000,82539.33000000,82164.61000000,82220.47000000,820.92810000
2026-05-06T13:00:00+00:00,82220.47000000,82220.47000000,81600.00000000,81670.89000000,1247.90169000
2026-05-06T14:00:00+00:00,81670.90000000,81980.72000000,81136.00000000,81526.73000000,1615.07708000
2026-05-06T15:00:00+00:00,81526.74000000,81823.00000000,81316.28000000,81704.25000000,824.75333000
2026-05-06T16:00:00+00:00,81704.25000000,81907.51000000,81431.16000000,81630.94000000,983.55485000
2026-05-06T17:00:00+00:00,81630.94000000,81709.32000000,81394.00000000,81452.63000000,417.39237000
2026-05-06T18:00:00+00:00,81452.63000000,81559.17000000,81271.06000000,81353.14000000,451.84587000
2026-05-06T19:00:00+00:00,81353.15000000,81522.41000000,81200.00000000,81464.87000000,517.12437000
2026-05-06T20:00:00+00:00,81464.86000000,81700.00000000,81302.35000000,81427.52000000,436.46876000
2026-05-06T21:00:00+00:00,81427.52000000,81618.77000000,81294.64000000,81539.16000000,310.38464000
2026-05-06T22:00:00+00:00,81539.16000000,81540.91000000,81240.00000000,81342.39000000,229.58883000
2026-05-06T23:00:00+00:00,81342.39000000,81447.30000000,81000.00000000,81447.01000000,442.37224000
2026-05-07T00:00:00+00:00,81447.01000000,81490.03000000,80980.00000000,81016.96000000,407.52958000
2026-05-07T01:00:00+00:00,81016.96000000,81284.67000000,80830.23000000,81167.80000000,565.39571000
2026-05-07T02:00:00+00:00,81167.79000000,81180.74000000,80883.54000000,81113.34000000,749.95215000
2026-05-07T03:00:00+00:00,81113.35000000,81113.35000000,80834.61000000,80834.91000000,345.29566000
2026-05-07T04:00:00+00:00,80834.92000000,80989.59000000,80725.09000000,80979.19000000,387.82747000
2026-05-07T05:00:00+00:00,80979.19000000,81172.27000000,80974.06000000,81088.00000000,355.34634000
2026-05-07T06:00:00+00:00,81088.00000000,81443.21000000,80874.41000000,81438.61000000,613.68575000
2026-05-07T07:00:00+00:00,81438.62000000,81708.32000000,81390.30000000,81518.58000000,681.98013000
2026-05-07T08:00:00+00:00,81518.57000000,81590.00000000,81194.74000000,81231.24000000,647.38206000
2026-05-07T09:00:00+00:00,81231.25000000,81231.25000000,80852.33000000,80929.00000000,659.04219000
2026-05-07T10:00:00+00:00,80929.00000000,80997.00000000,80572.40000000,80850.75000000,690.56353000
2026-05-07T11:00:00+00:00,80850.76000000,81041.15000000,80786.50000000,80866.65000000,367.10915000
2026-05-07T12:00:00+00:00,80866.65000000,81180.00000000,80846.87000000,81162.01000000,429.19223000
2026-05-07T13:00:00+00:00,81162.00000000,81162.01000000,80260.98000000,80503.68000000,1211.56578000
2026-05-07T14:00:00+00:00,80503.69000000,80685.70000000,80046.00000000,80171.38000000,1538.09475000
2026-05-07T15:00:00+00:00,80171.37000000,80271.42000000,79699.52000000,79890.63000000,1647.81030000
2026-05-07T16:00:00+00:00,79890.00000000,80020.00000000,79646.79000000,79801.08000000,1424.92395000
2026-05-07T17:00:00+00:00,79801.08000000,80135.17000000,79500.00000000,80094.52000000,919.74045000
2026-05-07T18:00:00+00:00,80094.52000000,80269.06000000,80004.40000000,80200.59000000,527.27769000
2026-05-07T19:00:00+00:00,80200.60000000,80224.00000000,79934.30000000,80146.11000000,443.20216000
2026-05-07T20:00:00+00:00,80146.77000000,80371.23000000,79859.51000000,79879.99000000,400.51449000
2026-05-07T21:00:00+00:00,79880.00000000,79934.92000000,79660.00000000,79735.01000000,401.75461000
2026-05-07T22:00:00+00:00,79735.00000000,79990.00000000,79582.95000000,79919.01000000,495.14556000
2026-05-07T23:00:00+00:00,79919.00000000,80068.03000000,79871.98000000,80006.00000000,244.47169000
2026-05-08T00:00:00+00:00,80006.00000000,80142.84000000,79729.72000000,79831.99000000,958.06006000
2026-05-08T01:00:00+00:00,79831.98000000,79900.11000000,79612.63000000,79740.01000000,539.33838000
2026-05-08T02:00:00+00:00,79740.01000000,79761.61000000,79316.99000000,79488.46000000,1066.54641000
2026-05-08T03:00:00+00:00,79488.47000000,79666.66000000,79181.48000000,79578.85000000,529.79179000
2026-05-08T04:00:00+00:00,79578.84000000,79748.00000000,79551.26000000,79655.23000000,317.73705000
2026-05-08T05:00:00+00:00,79655.22000000,79778.95000000,79600.00000000,79600.01000000,307.79364000
2026-05-08T06:00:00+00:00,79600.01000000,79654.00000000,79411.00000000,79525.76000000,792.09671000
2026-05-08T07:00:00+00:00,79525.77000000,79727.00000000,79248.58000000,79682.40000000,992.93778000
2026-05-08T08:00:00+00:00,79682.40000000,79987.27000000,79666.05000000,79886.01000000,628.59636000
2026-05-08T09:00:00+00:00,79886.00000000,80061.17000000,79794.88000000,79872.72000000,481.81051000
2026-05-08T10:00:00+00:00,79872.72000000,80278.92000000,79788.01000000,80212.56000000,650.80764000
2026-05-08T11:00:00+00:00,80212.55000000,80340.94000000,80127.54000000,80231.22000000,586.98252000
2026-05-08T12:00:00+00:00,80231.22000000,80500.00000000,79966.14000000,80025.82000000,831.54339000
2026-05-08T13:00:00+00:00,80025.81000000,80095.99000000,79549.54000000,79647.80000000,1091.58342000
2026-05-08T14:00:00+00:00,79647.81000000,80441.79000000,79647.80000000,80150.97000000,1005.37450000
2026-05-08T15:00:00+00:00,80150.97000000,80200.00000000,79625.00000000,80142.14000000,812.90032000
2026-05-08T16:00:00+00:00,80142.13000000,80182.18000000,79741.30000000,79802.34000000,665.76300000
2026-05-08T17:00:00+00:00,79802.35000000,80261.87000000,79738.75000000,80060.00000000,1502.98426000
2026-05-08T18:00:00+00:00,80060.00000000,80299.99000000,80059.99000000,80078.40000000,470.37331000
2026-05-08T19:00:00+00:00,80078.39000000,80181.66000000,79954.54000000,80179.94000000,408.77976000
2026-05-08T20:00:00+00:00,80180.00000000,80299.93000000,80089.76000000,80133.09000000,330.63666000
2026-05-08T21:00:00+00:00,80133.08000000,80264.00000000,80116.32000000,80263.99000000,269.62208000
2026-05-08T22:00:00+00:00,80264.00000000,80409.09000000,80238.42000000,80262.00000000,318.15524000
2026-05-08T23:00:00+00:00,80262.00000000,80299.27000000,80111.02000000,80193.17000000,441.09530000
2026-05-09T00:00:00+00:00,80193.18000000,80240.87000000,80129.85000000,80238.76000000,206.53644000
2026-05-09T01:00:00+00:00,80238.75000000,80446.58000000,80217.46000000,80327.75000000,266.81337000
2026-05-09T02:00:00+00:00,80327.75000000,80477.47000000,80327.75000000,80417.87000000,231.63268000
2026-05-09T03:00:00+00:00,80417.88000000,80550.67000000,80307.76000000,80383.95000000,388.12699000
2026-05-09T04:00:00+00:00,80383.96000000,80666.66000000,80373.55000000,80379.90000000,404.43634000
2026-05-09T05:00:00+00:00,80379.90000000,80480.49000000,80343.00000000,80379.49000000,360.73513000
2026-05-09T06:00:00+00:00,80379.50000000,80428.01000000,80201.60000000,80263.92000000,270.37474000
2026-05-09T07:00:00+00:00,80263.93000000,80309.05000000,80135.00000000,80228.89000000,445.94164000
2026-05-09T08:00:00+00:00,80228.88000000,80452.44000000,80220.00000000,80407.12000000,297.06841000
2026-05-09T09:00:00+00:00,80407.12000000,80415.83000000,80214.00000000,80242.53000000,211.41081000
2026-05-09T10:00:00+00:00,80242.54000000,80346.94000000,80166.26000000,80264.02000000,234.54075000
2026-05-09T11:00:00+00:00,80264.01000000,80366.07000000,80256.95000000,80345.46000000,266.71827000
2026-05-09T12:00:00+00:00,80345.47000000,80416.21000000,80274.03000000,80397.97000000,357.45715000
2026-05-09T13:00:00+00:00,80397.97000000,80422.00000000,80318.70000000,80391.18000000,341.73909000
2026-05-09T14:00:00+00:00,80391.18000000,80426.90000000,80254.71000000,80332.22000000,322.24573000
2026-05-09T15:00:00+00:00,80332.23000000,80600.00000000,80234.00000000,80527.92000000,418.47876000
2026-05-09T16:00:00+00:00,80527.92000000,80777.00000000,80487.40000000,80625.01000000,546.55445000
2026-05-09T17:00:00+00:00,80625.00000000,80928.56000000,80625.00000000,80812.70000000,430.13867000
2026-05-09T18:00:00+00:00,80812.69000000,81080.00000000,80787.39000000,80907.65000000,339.35386000
2026-05-09T19:00:00+00:00,80907.66000000,80958.00000000,80776.99000000,80938.53000000,217.80867000
2026-05-09T20:00:00+00:00,80938.53000000,80938.53000000,80744.98000000,80805.50000000,144.14004000
2026-05-09T21:00:00+00:00,80805.51000000,80896.00000000,80744.98000000,80780.83000000,149.85415000
2026-05-09T22:00:00+00:00,80780.83000000,80823.24000000,80670.01000000,80782.38000000,199.54802000
2026-05-09T23:00:00+00:00,80782.38000000,80850.00000000,80621.88000000,80678.40000000,496.76761000
2026-05-10T00:00:00+00:00,80678.41000000,80770.51000000,80610.64000000,80680.04000000,346.27712000
2026-05-10T01:00:00+00:00,80680.03000000,80690.73000000,80572.77000000,80685.56000000,410.62072000
2026-05-10T02:00:00+00:00,80685.55000000,80790.00000000,80611.00000000,80777.42000000,290.59888000
2026-05-10T03:00:00+00:00,80777.42000000,80887.15000000,80709.59000000,80775.00000000,284.77121000
2026-05-10T04:00:00+00:00,80774.99000000,80840.00000000,80722.78000000,80759.93000000,253.45188000
2026-05-10T05:00:00+00:00,80759.93000000,80816.52000000,80682.00000000,80700.77000000,372.73913000
2026-05-10T06:00:00+00:00,80700.76000000,80753.04000000,80658.97000000,80733.75000000,211.55020000
2026-05-10T07:00:00+00:00,80733.75000000,80827.14000000,80720.10000000,80736.03000000,400.67517000
2026-05-10T08:00:00+00:00,80736.03000000,80909.65000000,80715.33000000,80830.33000000,252.36808000
2026-05-10T09:00:00+00:00,80830.34000000,80913.80000000,80756.53000000,80807.96000000,237.31778000
2026-05-10T10:00:00+00:00,80807.95000000,80883.48000000,80691.00000000,80873.79000000,279.49023000
2026-05-10T11:00:00+00:00,80873.80000000,80975.40000000,80750.00000000,80821.21000000,339.53296000
2026-05-10T12:00:00+00:00,80821.21000000,80950.00000000,80784.20000000,80927.72000000,235.68491000
2026-05-10T13:00:00+00:00,80927.71000000,81000.01000000,80865.44000000,80971.67000000,254.25083000
2026-05-10T14:00:00+00:00,80971.66000000,80999.36000000,80816.22000000,80990.11000000,372.45860000
2026-05-10T15:00:00+00:00,80990.11000000,81442.81000000,80936.00000000,81418.01000000,780.28503000
2026-05-10T16:00:00+00:00,81418.01000000,81500.00000000,81200.00000000,81378.25000000,595.22707000
2026-05-10T17:00:00+00:00,81378.25000000,81583.11000000,81220.00000000,81476.18000000,599.74468000
2026-05-10T18:00:00+00:00,81476.18000000,81493.11000000,81231.14000000,81271.96000000,268.90805000
2026-05-10T19:00:00+00:00,81271.96000000,81481.92000000,81148.00000000,81437.83000000,334.34752000
2026-05-10T20:00:00+00:00,81437.83000000,81459.66000000,80279.77000000,80734.88000000,1021.73969000
2026-05-10T21:00:00+00:00,80734.88000000,80944.44000000,80571.97000000,80720.47000000,691.73163000
2026-05-10T22:00:00+00:00,80720.47000000,82171.96000000,80666.66000000,82044.49000000,1804.86462000
2026-05-10T23:00:00+00:00,82044.49000000,82479.32000000,82044.49000000,82210.07000000,1395.68283000
2026-05-11T00:00:00+00:00,82210.07000000,82380.00000000,81280.00000000,81471.13000000,1294.00066000
2026-05-11T01:00:00+00:00,81471.13000000,81744.85000000,81291.23000000,81501.72000000,495.92379000
2026-05-11T02:00:00+00:00,81501.73000000,81572.40000000,81117.64000000,81169.08000000,491.97068000
2026-05-11T03:00:00+00:00,81169.09000000,81188.97000000,80525.00000000,80736.01000000,857.95581000
2026-05-11T04:00:00+00:00,80736.00000000,80879.12000000,80639.99000000,80824.61000000,378.47076000
2026-05-11T05:00:00+00:00,80824.61000000,80981.80000000,80761.73000000,80832.33000000,423.68877000
2026-05-11T06:00:00+00:00,80832.34000000,81049.51000000,80762.00000000,80822.86000000,296.00491000
2026-05-11T07:00:00+00:00,80822.86000000,80840.30000000,80663.11000000,80740.40000000,496.93812000
2026-05-11T08:00:00+00:00,80740.40000000,80863.42000000,80621.87000000,80767.97000000,463.92135000
2026-05-11T09:00:00+00:00,80767.97000000,80997.63000000,80758.30000000,80966.57000000,330.83757000
2026-05-11T10:00:00+00:00,80966.58000000,81200.00000000,80940.00000000,80940.00000000,488.26383000
2026-05-11T11:00:00+00:00,80940.00000000,81196.95000000,80900.00000000,81196.94000000,356.37085000
2026-05-11T12:00:00+00:00,81196.95000000,81356.46000000,81029.77000000,81054.65000000,485.89630000
2026-05-11T13:00:00+00:00,81054.65000000,81332.29000000,80739.63000000,81072.00000000,767.39683000
2026-05-11T14:00:00+00:00,81072.01000000,81252.72000000,80462.97000000,80953.38000000,767.64104000
2026-05-11T15:00:00+00:00,80953.39000000,81458.00000000,80826.02000000,81445.90000000,647.30001000
2026-05-11T16:00:00+00:00,81445.89000000,81910.35000000,81344.72000000,81575.85000000,1113.46844000
2026-05-11T17:00:00+00:00,81575.84000000,82071.77000000,81369.42000000,81941.09000000,565.28919000
2026-05-11T18:00:00+00:00,81941.09000000,82137.26000000,81836.15000000,81858.96000000,536.09834000
2026-05-11T19:00:00+00:00,81858.97000000,82091.11000000,81739.09000000,81961.99000000,458.60970000
2026-05-11T20:00:00+00:00,81961.99000000,82078.91000000,81758.50000000,81821.02000000,322.40099000
2026-05-11T21:00:00+00:00,81821.03000000,81906.35000000,81600.00000000,81821.18000000,268.82965000
2026-05-11T22:00:00+00:00,81821.18000000,81969.99000000,81729.99000000,81833.92000000,366.43361000
2026-05-11T23:00:00+00:00,81833.92000000,81833.92000000,81596.31000000,81745.65000000,278.04936000
2026-05-12T00:00:00+00:00,81745.66000000,81788.00000000,81478.75000000,81545.20000000,419.66559000
2026-05-12T01:00:00+00:00,81545.20000000,81615.67000000,80714.28000000,81199.18000000,866.00547000
2026-05-12T02:00:00+00:00,81199.18000000,81332.29000000,81087.63000000,81249.93000000,386.77691000
2026-05-12T03:00:00+00:00,81249.93000000,81294.42000000,81024.41000000,81058.80000000,187.87319000
2026-05-12T04:00:00+00:00,81058.79000000,81303.99000000,81000.00000000,81240.01000000,398.28206000
2026-05-12T05:00:00+00:00,81240.01000000,81305.24000000,81181.56000000,81224.03000000,329.93857000
2026-05-12T06:00:00+00:00,81224.04000000,81300.00000000,81010.01000000,81022.44000000,448.36294000
2026-05-12T07:00:00+00:00,81022.44000000,81137.27000000,80800.77000000,80865.40000000,603.31882000
2026-05-12T08:00:00+00:00,80865.40000000,80964.13000000,80760.53000000,80843.31000000,478.61372000
2026-05-12T09:00:00+00:00,80843.30000000,80963.35000000,80720.00000000,80837.15000000,506.71585000
2026-05-12T10:00:00+00:00,80837.15000000,80848.27000000,80601.27000000,80666.37000000,487.71377000
2026-05-12T11:00:00+00:00,80666.38000000,80785.38000000,80496.57000000,80784.87000000,500.02112000
2026-05-12T12:00:00+00:00,80784.86000000,80999.00000000,80619.19000000,80881.26000000,585.87948000
2026-05-12T13:00:00+00:00,80881.25000000,80928.26000000,80397.07000000,80466.91000000,795.94705000
2026-05-12T14:00:00+00:00,80466.91000000,80888.01000000,80397.88000000,80540.00000000,865.59094000
2026-05-12T15:00:00+00:00,80540.00000000,80676.78000000,80188.65000000,80336.01000000,958.32005000
2026-05-12T16:00:00+00:00,80336.01000000,80435.99000000,79843.59000000,80000.01000000,1473.45450000
2026-05-12T17:00:00+00:00,80000.01000000,80593.06000000,79951.05000000,80527.69000000,486.64257000
2026-05-12T18:00:00+00:00,80527.69000000,80763.81000000,80430.00000000,80679.12000000,367.35810000
2026-05-12T19:00:00+00:00,80679.11000000,80874.42000000,80679.11000000,80834.64000000,346.22158000
2026-05-12T20:00:00+00:00,80835.30000000,80896.25000000,80642.85000000,80696.87000000,292.49967000
2026-05-12T21:00:00+00:00,80696.87000000,80738.00000000,80497.00000000,80587.44000000,202.53849000
2026-05-12T22:00:00+00:00,80587.45000000,80791.94000000,80587.45000000,80656.43000000,151.10909000
2026-05-12T23:00:00+00:00,80656.44000000,80714.00000000,80439.91000000,80504.47000000,247.40723000
2026-05-13T00:00:00+00:00,80504.47000000,80768.95000000,80412.15000000,80718.00000000,230.81443000
2026-05-13T01:00:00+00:00,80718.00000000,81195.69000000,80683.12000000,81006.00000000,633.76198000
2026-05-13T02:00:00+00:00,81005.99000000,81281.66000000,80934.69000000,81050.00000000,333.93602000
2026-05-13T03:00:00+00:00,81050.00000000,81299.99000000,80976.27000000,81249.99000000,377.40594000
2026-05-13T04:00:00+00:00,81249.99000000,81281.07000000,81124.87000000,81231.96000000,253.70329000
2026-05-13T05:00:00+00:00,81231.96000000,81247.22000000,80999.99000000,81019.99000000,266.87053000
2026-05-13T06:00:00+00:00,81020.00000000,81160.36000000,80972.94000000,80980.05000000,499.16530000
2026-05-13T07:00:00+00:00,80980.06000000,81049.01000000,80889.12000000,81026.92000000,476.02435000
2026-05-13T08:00:00+00:00,81026.92000000,81200.00000000,80943.63000000,81196.57000000,372.92514000
2026-05-13T09:00:00+00:00,81196.57000000,81324.64000000,81137.77000000,81291.38000000,435.50222000
2026-05-13T10:00:00+00:00,81291.37000000,81298.50000000,80809.01000000,80809.01000000,364.76288000
2026-05-13T11:00:00+00:00,80809.01000000,80843.87000000,80494.98000000,80501.22000000,668.09274000
2026-05-13T12:00:00+00:00,80501.22000000,80592.65000000,79852.00000000,80202.78000000,1194.36751000
2026-05-13T13:00:00+00:00,80202.78000000,80345.45000000,79576.47000000,79656.01000000,1205.27854000
2026-05-13T14:00:00+00:00,79656.01000000,79898.00000000,79481.56000000,79756.01000000,942.38578000
2026-05-13T15:00:00+00:00,79756.02000000,79856.08000000,78807.22000000,78827.21000000,1731.43058000
2026-05-13T16:00:00+00:00,78827.21000000,79222.22000000,78754.65000000,79108.39000000,1522.11383000
2026-05-13T17:00:00+00:00,79108.39000000,79556.36000000,79100.00000000,79514.97000000,611.40519000
2026-05-13T18:00:00+00:00,79514.97000000,79800.00000000,79514.97000000,79598.15000000,747.58594000
2026-05-13T19:00:00+00:00,79598.15000000,79646.29000000,79400.00000000,79642.41000000,463.49581000
2026-05-13T20:00:00+00:00,79642.41000000,79760.00000000,79622.70000000,79698.95000000,225.22286000
2026-05-13T21:00:00+00:00,79698.95000000,79705.73000000,79340.39000000,79398.54000000,418.00056000
2026-05-13T22:00:00+00:00,79398.54000000,79470.00000000,79228.00000000,79428.46000000,338.28664000
2026-05-13T23:00:00+00:00,79428.46000000,79499.01000000,79233.83000000,79313.61000000,497.51837000
2026-05-14T00:00:00+00:00,79313.61000000,79681.73000000,79308.00000000,79580.00000000,443.66772000
2026-05-14T01:00:00+00:00,79580.00000000,79681.73000000,79409.42000000,79604.60000000,369.48629000
2026-05-14T02:00:00+00:00,79604.61000000,79676.11000000,79222.22000000,79370.24000000,684.03959000
2026-05-14T03:00:00+00:00,79370.24000000,79460.00000000,78922.00000000,79044.85000000,712.36112000
2026-05-14T04:00:00+00:00,79044.86000000,79474.41000000,78982.06000000,79451.63000000,437.35487000
2026-05-14T05:00:00+00:00,79451.62000000,79998.00000000,79359.49000000,79809.16000000,850.16622000
2026-05-14T06:00:00+00:00,79809.15000000,79953.35000000,79769.12000000,79804.71000000,301.13354000
2026-05-14T07:00:00+00:00,79804.72000000,79937.59000000,79702.05000000,79745.98000000,480.32483000
2026-05-14T08:00:00+00:00,79745.99000000,79936.98000000,79644.44000000,79821.56000000,652.77033000
2026-05-14T09:00:00+00:00,79821.55000000,79905.99000000,79569.81000000,79635.52000000,445.75367000
2026-05-14T10:00:00+00:00,79635.53000000,79756.98000000,79409.42000000,79570.01000000,384.95969000
2026-05-14T11:00:00+00:00,79570.01000000,79600.00000000,79234.00000000,79258.27000000,362.97846000
2026-05-14T12:00:00+00:00,79258.27000000,79775.02000000,79230.31000000,79767.11000000,526.41242000
2026-05-14T13:00:00+00:00,79767.10000000,80059.71000000,79670.88000000,79701.73000000,1000.54213000
2026-05-14T14:00:00+00:00,79701.73000000,81020.00000000,79561.52000000,80964.85000000,1882.78042000
2026-05-14T15:00:00+00:00,80964.84000000,81332.23000000,80816.08000000,81301.23000000,2292.36231000
2026-05-14T16:00:00+00:00,81301.22000000,81904.44000000,81080.25000000,81888.40000000,2732.81932000
2026-05-14T17:00:00+00:00,81888.40000000,82048.13000000,81271.00000000,81668.48000000,1967.47911000
2026-05-14T18:00:00+00:00,81668.49000000,81949.15000000,81440.38000000,81581.99000000,1012.79720000
2026-05-14T19:00:00+00:00,81582.00000000,81718.73000000,81330.12000000,81419.74000000,566.84044000
2026-05-14T20:00:00+00:00,81419.75000000,81590.19000000,81166.22000000,81412.04000000,471.62836000
2026-05-14T21:00:00+00:00,81412.05000000,81526.08000000,81268.38000000,81396.61000000,292.07185000
2026-05-14T22:00:00+00:00,81396.61000000,81559.71000000,81335.48000000,81456.00000000,322.84736000
2026-05-14T23:00:00+00:00,81456.00000000,81456.00000000,81059.93000000,81089.99000000,534.29082000
2026-05-15T00:00:00+00:00,81090.00000000,81664.45000000,81068.52000000,81518.67000000,578.54980000
2026-05-15T01:00:00+00:00,81518.66000000,81612.73000000,81106.20000000,81131.01000000,538.82284000
2026-05-15T02:00:00+00:00,81131.00000000,81350.00000000,80750.00000000,81299.14000000,829.40160000
2026-05-15T03:00:00+00:00,81299.14000000,81340.81000000,80930.82000000,81059.15000000,506.95135000
2026-05-15T04:00:00+00:00,81059.15000000,81100.00000000,80709.09000000,80724.71000000,367.57246000
2026-05-15T05:00:00+00:00,80724.71000000,80882.45000000,80314.00000000,80360.01000000,1029.21412000
2026-05-15T06:00:00+00:00,80360.01000000,80644.50000000,80314.01000000,80580.00000000,815.53271000
2026-05-15T07:00:00+00:00,80580.00000000,81003.37000000,80559.88000000,80814.88000000,878.78211000
2026-05-15T08:00:00+00:00,80814.88000000,80822.95000000,80415.84000000,80638.00000000,538.63644000
2026-05-15T09:00:00+00:00,80638.00000000,80670.51000000,80369.00000000,80489.80000000,471.66166000
2026-05-15T10:00:00+00:00,80489.81000000,80776.33000000,80407.60000000,80716.23000000,444.96934000
2026-05-15T11:00:00+00:00,80716.22000000,80750.56000000,80590.08000000,80628.53000000,250.99223000
2026-05-15T12:00:00+00:00,80628.52000000,80635.44000000,80340.83000000,80385.11000000,535.00082000
2026-05-15T13:00:00+00:00,80385.10000000,80385.11000000,78698.69000000,78758.59000000,3101.88518000
2026-05-15T14:00:00+00:00,78758.59000000,79353.32000000,78659.00000000,79150.37000000,1965.21031000
2026-05-15T15:00:00+00:00,79150.36000000,79369.36000000,79013.81000000,79150.27000000,606.47310000
2026-05-15T16:00:00+00:00,79150.26000000,79382.30000000,79131.01000000,79294.31000000,514.78679000
2026-05-15T17:00:00+00:00,79294.31000000,79504.83000000,79224.00000000,79460.00000000,478.80422000
2026-05-15T18:00:00+00:00,79460.00000000,79561.94000000,79170.47000000,79284.00000000,544.01093000
2026-05-15T19:00:00+00:00,79284.01000000,79290.00000000,79051.00000000,79146.50000000,421.75884000
2026-05-15T20:00:00+00:00,79146.50000000,79217.07000000,79000.00000000,79123.12000000,224.44355000
2026-05-15T21:00:00+00:00,79123.13000000,79200.00000000,78911.42000000,78973.50000000,682.32127000
2026-05-15T22:00:00+00:00,78973.50000000,79145.44000000,78973.49000000,79107.38000000,347.86808000
2026-05-15T23:00:00+00:00,79107.38000000,79161.86000000,79077.96000000,79113.21000000,677.62104000
2026-05-16T00:00:00+00:00,79113.20000000,79227.77000000,79075.09000000,79111.92000000,314.01240000
2026-05-16T01:00:00+00:00,79111.92000000,79186.05000000,79010.00000000,79168.00000000,357.20294000
2026-05-16T02:00:00+00:00,79168.00000000,79211.77000000,79080.10000000,79155.54000000,208.30505000
2026-05-16T03:00:00+00:00,79155.55000000,79187.71000000,79059.77000000,79083.18000000,368.66241000
2026-05-16T04:00:00+00:00,79083.19000000,79129.71000000,78860.00000000,79035.26000000,321.76822000
2026-05-16T05:00:00+00:00,79035.25000000,79039.49000000,78933.63000000,79027.37000000,183.05543000
2026-05-16T06:00:00+00:00,79027.36000000,79047.94000000,78459.87000000,78648.00000000,632.26156000
2026-05-16T07:00:00+00:00,78648.00000000,78651.63000000,78066.00000000,78369.77000000,1267.74437000
2026-05-16T08:00:00+00:00,78369.78000000,78530.52000000,78334.21000000,78426.56000000,379.04319000
2026-05-16T09:00:00+00:00,78426.55000000,78440.81000000,77906.10000000,78083.48000000,1104.43110000
2026-05-16T10:00:00+00:00,78083.47000000,78101.43000000,77640.00000000,77960.00000000,1759.70594000
2026-05-16T11:00:00+00:00,77959.99000000,78193.88000000,77959.99000000,78081.71000000,602.91980000
2026-05-16T12:00:00+00:00,78080.46000000,78133.38000000,77918.62000000,78007.23000000,791.53177000
2026-05-16T13:00:00+00:00,78007.24000000,78014.60000000,77833.40000000,78014.60000000,830.86287000
2026-05-16T14:00:00+00:00,78014.60000000,78346.00000000,77895.20000000,78130.55000000,729.04785000
2026-05-16T15:00:00+00:00,78130.55000000,78285.00000000,78078.22000000,78238.67000000,332.91477000
2026-05-16T16:00:00+00:00,78238.68000000,78364.65000000,78119.72000000,78205.96000000,328.10255000
2026-05-16T17:00:00+00:00,78205.96000000,78320.41000000,78199.00000000,78201.50000000,350.20669000
2026-05-16T18:00:00+00:00,78201.50000000,78327.75000000,78142.99000000,78229.81000000,310.63405000
2026-05-16T19:00:00+00:00,78229.82000000,78314.69000000,78204.22000000,78259.66000000,271.10252000
2026-05-16T20:00:00+00:00,78259.67000000,78318.94000000,78201.42000000,78261.00000000,194.34290000
2026-05-16T21:00:00+00:00,78261.00000000,78308.33000000,78206.85000000,78265.73000000,237.27188000
2026-05-16T22:00:00+00:00,78265.73000000,78279.28000000,78171.02000000,78186.25000000,128.79242000
2026-05-16T23:00:00+00:00,78186.25000000,78267.46000000,78125.32000000,78148.05000000,128.93924000
2026-05-17T00:00:00+00:00,78148.05000000,78243.19000000,77812.00000000,77945.85000000,311.59646000
2026-05-17T01:00:00+00:00,77945.85000000,78114.00000000,77721.19000000,77725.71000000,516.53667000
2026-05-17T02:00:00+00:00,77725.72000000,77938.00000000,77725.71000000,77895.51000000,256.64293000
2026-05-17T03:00:00+00:00,77895.50000000,78079.30000000,77888.00000000,78028.88000000,200.15322000
2026-05-17T04:00:00+00:00,78028.88000000,78203.93000000,78003.35000000,78158.09000000,375.99093000
2026-05-17T05:00:00+00:00,78158.08000000,78323.96000000,78102.42000000,78121.41000000,258.98839000
2026-05-17T06:00:00+00:00,78121.41000000,78204.01000000,78017.00000000,78104.80000000,136.86954000
2026-05-17T07:00:00+00:00,78104.79000000,78208.69000000,78053.79000000,78180.01000000,180.24659000
2026-05-17T08:00:00+00:00,78180.00000000,78200.91000000,78033.01000000,78089.80000000,117.37418000
2026-05-17T09:00:00+00:00,78089.80000000,78293.97000000,78073.52000000,78249.33000000,196.43485000
2026-05-17T10:00:00+00:00,78249.33000000,78599.99000000,78249.03000000,78465.99000000,564.92985000
2026-05-17T11:00:00+00:00,78465.99000000,78473.82000000,78289.00000000,78415.99000000,257.44450000
2026-05-17T12:00:00+00:00,78415.99000000,78550.00000000,78333.80000000,78364.83000000,254.43689000
2026-05-17T13:00:00+00:00,78364.83000000,78364.83000000,78173.15000000,78202.91000000,260.27625000
2026-05-17T14:00:00+00:00,78202.91000000,78217.33000000,77850.00000000,78051.51000000,397.56893000
2026-05-17T15:00:00+00:00,78051.51000000,78119.42000000,77920.76000000,78051.41000000,203.63392000
2026-05-17T16:00:00+00:00,78051.42000000,78193.66000000,78025.23000000,78034.36000000,142.87987000
2026-05-17T17:00:00+00:00,78034.37000000,78092.44000000,77856.69000000,78089.98000000,296.43890000
2026-05-17T18:00:00+00:00,78089.99000000,78271.59000000,78014.33000000,78268.05000000,172.43416000
2026-05-17T19:00:00+00:00,78268.04000000,78468.46000000,78209.96000000,78415.30000000,225.32283000
2026-05-17T20:00:00+00:00,78415.29000000,78435.32000000,78248.80000000,78277.36000000,205.39109000
2026-05-17T21:00:00+00:00,78277.36000000,78485.36000000,78243.50000000,78405.72000000,293.90051000
2026-05-17T22:00:00+00:00,78405.72000000,78414.16000000,77830.00000000,77997.24000000,585.78673000
2026-05-17T23:00:00+00:00,77997.24000000,78008.18000000,76735.16000000,77457.67000000,2031.42401000
2026-05-18T00:00:00+00:00,77457.67000000,77477.99000000,76916.60000000,77209.95000000,1062.83033000
2026-05-18T01:00:00+00:00,77209.95000000,77291.54000000,76744.95000000,77109.22000000,771.47833000
2026-05-18T02:00:00+00:00,77109.21000000,77222.03000000,76707.61000000,76835.41000000,544.67309000
2026-05-18T03:00:00+00:00,76835.41000000,77030.42000000,76817.14000000,76924.65000000,509.02980000
2026-05-18T04:00:00+00:00,76924.66000000,77069.77000000,76772.01000000,77038.49000000,354.48166000
2026-05-18T05:00:00+00:00,77038.49000000,77080.93000000,76884.33000000,76931.40000000,586.83852000
2026-05-18T06:00:00+00:00,76931.40000000,76967.80000000,76583.33000000,76912.52000000,621.71728000
2026-05-18T07:00:00+00:00,76912.53000000,77089.29000000,76771.53000000,77073.69000000,1139.62980000
2026-05-18T08:00:00+00:00,77073.69000000,77181.88000000,76890.34000000,77040.42000000,562.21651000
2026-05-18T09:00:00+00:00,77040.43000000,77048.14000000,76877.17000000,76933.16000000,365.74952000
2026-05-18T10:00:00+00:00,76933.17000000,76957.35000000,76716.99000000,76764.74000000,432.20236000
2026-05-18T11:00:00+00:00,76764.75000000,77403.48000000,76668.58000000,77285.83000000,692.38548000
2026-05-18T12:00:00+00:00,77285.83000000,77800.00000000,77275.96000000,77639.98000000,980.76582000
2026-05-18T13:00:00+00:00,77639.99000000,77639.99000000,76695.31000000,76937.70000000,1116.56330000
2026-05-18T14:00:00+00:00,76937.70000000,76954.25000000,76230.02000000,76393.65000000,2158.59337000
2026-05-18T15:00:00+00:00,76393.66000000,76485.29000000,76051.00000000,76409.46000000,1960.17489000
2026-05-18T16:00:00+00:00,76409.46000000,76665.68000000,76218.00000000,76410.01000000,1252.93830000
2026-05-18T17:00:00+00:00,76410.00000000,76757.21000000,76366.13000000,76706.39000000,450.87486000
2026-05-18T18:00:00+00:00,76706.38000000,76706.38000000,76144.24000000,76252.50000000,779.57136000
2026-05-18T19:00:00+00:00,76252.01000000,76995.00000000,76235.00000000,76928.00000000,812.47229000
2026-05-18T20:00:00+00:00,76928.00000000,77182.14000000,76874.73000000,76909.92000000,463.85785000
2026-05-18T21:00:00+00:00,76909.92000000,77174.23000000,76800.00000000,77103.05000000,491.73560000
2026-05-18T22:00:00+00:00,77103.04000000,77222.79000000,76937.19000000,77078.22000000,359.68174000
2026-05-18T23:00:00+00:00,77078.22000000,77160.79000000,76948.80000000,77001.87000000,275.05472000
2026-05-19T00:00:00+00:00,77001.88000000,77414.62000000,76955.99000000,77140.87000000,556.43712000
2026-05-19T01:00:00+00:00,77140.86000000,77156.20000000,76667.00000000,76667.01000000,769.46148000
2026-05-19T02:00:00+00:00,76667.01000000,76997.33000000,76487.83000000,76617.47000000,469.02583000
2026-05-19T03:00:00+00:00,76617.46000000,76867.23000000,76586.11000000,76787.11000000,211.83571000
2026-05-19T04:00:00+00:00,76787.10000000,76943.75000000,76700.00000000,76927.25000000,239.72033000
2026-05-19T05:00:00+00:00,76927.25000000,77000.00000000,76644.98000000,76911.24000000,392.43215000
2026-05-19T06:00:00+00:00,76911.25000000,77108.68000000,76886.13000000,77029.40000000,386.11356000
2026-05-19T07:00:00+00:00,77029.41000000,77278.57000000,76974.72000000,77233.69000000,490.19350000
2026-05-19T08:00:00+00:00,77233.68000000,77317.02000000,76972.96000000,77048.71000000,465.92336000
2026-05-19T09:00:00+00:00,77048.72000000,77074.05000000,76709.29000000,76818.80000000,385.08727000
2026-05-19T10:00:00+00:00,76818.80000000,77103.97000000,76704.00000000,77041.87000000,464.38738000
2026-05-19T11:00:00+00:00,77041.87000000,77076.53000000,76633.83000000,76714.62000000,430.29111000
2026-05-19T12:00:00+00:00,76714.61000000,76982.89000000,76650.06000000,76940.21000000,257.11004000
2026-05-19T13:00:00+00:00,76940.20000000,77048.72000000,76596.00000000,76872.75000000,906.63403000
2026-05-19T14:00:00+00:00,76872.74000000,77023.75000000,76144.71000000,76392.43000000,1426.24149000
2026-05-19T15:00:00+00:00,76392.43000000,76675.76000000,76337.97000000,76521.23000000,773.78391000
2026-05-19T16:00:00+00:00,76521.24000000,76911.00000000,76407.72000000,76894.59000000,568.91388000
2026-05-19T17:00:00+00:00,76894.59000000,77015.41000000,76759.39000000,76856.76000000,442.15826000
2026-05-19T18:00:00+00:00,76856.76000000,76947.20000000,76744.80000000,76803.28000000,282.19478000
2026-05-19T19:00:00+00:00,76803.28000000,77065.80000000,76765.14000000,76818.74000000,341.73224000
2026-05-19T20:00:00+00:00,76818.73000000,77040.24000000,76818.73000000,77022.23000000,147.68289000
2026-05-19T21:00:00+00:00,77022.22000000,77040.83000000,76973.76000000,76982.34000000,185.29058000
2026-05-19T22:00:00+00:00,76982.34000000,76982.34000000,76642.95000000,76712.21000000,233.07768000
2026-05-19T23:00:00+00:00,76712.22000000,76980.07000000,76670.52000000,76834.36000000,199.13120000
2026-05-20T00:00:00+00:00,76834.36000000,76896.50000000,76516.74000000,76788.83000000,236.25061000
2026-05-20T01:00:00+00:00,76788.83000000,76922.46000000,76536.59000000,76820.98000000,358.53384000
2026-05-20T02:00:00+00:00,76820.98000000,76909.62000000,76600.00000000,76690.42000000,293.25018000
2026-05-20T03:00:00+00:00,76690.42000000,76829.61000000,76604.99000000,76723.54000000,673.76637000
2026-05-20T04:00:00+00:00,76723.55000000,76836.82000000,76692.00000000,76780.37000000,365.31048000
2026-05-20T05:00:00+00:00,76780.37000000,77320.00000000,76780.37000000,77196.99000000,973.23466000
2026-05-20T06:00:00+00:00,77196.99000000,77422.00000000,77179.93000000,77414.11000000,528.12463000
2026-05-20T07:00:00+00:00,77414.10000000,77472.21000000,77241.13000000,77282.64000000,351.42212000
2026-05-20T08:00:00+00:00,77282.65000000,77635.52000000,77210.33000000,77458.04000000,548.89961000
2026-05-20T09:00:00+00:00,77458.05000000,77543.59000000,77365.94000000,77485.13000000,360.90275000
2026-05-20T10:00:00+00:00,77485.14000000,77663.00000000,77485.14000000,77517.45000000,409.79863000
2026-05-20T11:00:00+00:00,77517.46000000,77569.10000000,77328.20000000,77382.49000000,362.81092000
2026-05-20T12:00:00+00:00,77382.50000000,77748.05000000,77365.52000000,77617.26000000,377.41047000
2026-05-20T13:00:00+00:00,77617.26000000,77650.62000000,76968.05000000,77204.61000000,682.21238000
2026-05-20T14:00:00+00:00,77204.61000000,77574.29000000,76891.61000000,77446.08000000,1202.39421000
2026-05-20T15:00:00+00:00,77446.01000000,77853.04000000,77300.00000000,77455.46000000,777.75101000
2026-05-20T16:00:00+00:00,77455.45000000,77557.00000000,77018.38000000,77338.60000000,407.46410000
2026-05-20T17:00:00+00:00,77338.60000000,77713.66000000,77230.86000000,77568.95000000,501.34929000
2026-05-20T18:00:00+00:00,77568.95000000,77634.52000000,77398.63000000,77415.09000000,414.50917000
2026-05-20T19:00:00+00:00,77415.09000000,77709.68000000,77350.71000000,77667.49000000,388.96569000
2026-05-20T20:00:00+00:00,77667.49000000,77760.00000000,77476.19000000,77720.01000000,357.71030000
2026-05-20T21:00:00+00:00,77720.01000000,77766.60000000,77500.00000000,77500.01000000,158.00627000
2026-05-20T22:00:00+00:00,77500.01000000,77504.69000000,77226.61000000,77504.69000000,367.95652000
2026-05-20T23:00:00+00:00,77504.69000000,77559.34000000,77386.93000000,77552.23000000,198.22886000
2026-05-21T00:00:00+00:00,77552.24000000,78071.42000000,77525.00000000,77967.09000000,547.83434000
2026-05-21T01:00:00+00:00,77967.09000000,78173.15000000,77800.00000000,77863.85000000,453.71737000
2026-05-21T02:00:00+00:00,77863.85000000,78100.00000000,77820.10000000,77955.78000000,820.79860000
2026-05-21T03:00:00+00:00,77955.78000000,78098.85000000,77908.00000000,78078.72000000,441.60659000
2026-05-21T04:00:00+00:00,78078.72000000,78180.01000000,77965.36000000,78035.80000000,365.79347000
2026-05-21T05:00:00+00:00,78035.80000000,78147.07000000,77714.94000000,77828.00000000,390.37362000
2026-05-21T06:00:00+00:00,77828.00000000,77873.15000000,77533.45000000,77622.14000000,317.41875000
2026-05-21T07:00:00+00:00,77622.14000000,77901.06000000,77521.00000000,77889.01000000,380.50650000
2026-05-21T08:00:00+00:00,77889.01000000,78200.00000000,77885.53000000,77924.63000000,493.47370000
2026-05-21T09:00:00+00:00,77924.63000000,77977.53000000,77633.02000000,77633.02000000,277.92731000
2026-05-21T10:00:00+00:00,77633.03000000,77678.01000000,77190.09000000,77198.08000000,783.43483000
2026-05-21T11:00:00+00:00,77198.09000000,77372.00000000,77147.15000000,77189.10000000,380.03818000
2026-05-21T12:00:00+00:00,77189.10000000,77363.32000000,77080.72000000,77278.53000000,382.67307000
2026-05-21T13:00:00+00:00,77278.52000000,77358.05000000,76719.47000000,77122.68000000,862.17497000
2026-05-21T14:00:00+00:00,77122.67000000,77240.82000000,76788.80000000,76984.61000000,697.95187000
2026-05-21T15:00:00+00:00,76984.61000000,77402.12000000,76900.00000000,77259.46000000,411.10449000
2026-05-21T16:00:00+00:00,77259.45000000,77344.01000000,77008.75000000,77207.93000000,404.33559000
2026-05-21T17:00:00+00:00,77207.92000000,78098.16000000,77181.83000000,77869.38000000,1291.96294000
2026-05-21T18:00:00+00:00,77869.38000000,77922.01000000,77230.00000000,77387.74000000,559.91554000
2026-05-21T19:00:00+00:00,77387.74000000,77802.51000000,77365.97000000,77690.56000000,437.10444000
2026-05-21T20:00:00+00:00,77690.56000000,77804.75000000,77647.75000000,77705.81000000,144.76199000
2026-05-21T21:00:00+00:00,77705.80000000,77813.35000000,77645.40000000,77672.29000000,182.97007000
2026-05-21T22:00:00+00:00,77672.30000000,77750.61000000,77555.33000000,77628.00000000,130.38276000
2026-05-21T23:00:00+00:00,77628.01000000,77745.39000000,77534.43000000,77615.52000000,159.99742000
2026-05-22T00:00:00+00:00,77615.52000000,77628.38000000,77369.49000000,77373.57000000,228.62269000
2026-05-22T01:00:00+00:00,77373.57000000,77673.50000000,77327.28000000,77616.00000000,252.86608000
2026-05-22T02:00:00+00:00,77616.00000000,77728.01000000,77593.16000000,77673.36000000,244.81122000
2026-05-22T03:00:00+00:00,77673.37000000,77817.80000000,77673.36000000,77779.98000000,158.00162000
2026-05-22T04:00:00+00:00,77779.98000000,77900.00000000,77637.99000000,77655.42000000,475.76681000
2026-05-22T05:00:00+00:00,77655.43000000,77726.00000000,77454.56000000,77489.00000000,344.31720000
2026-05-22T06:00:00+00:00,77489.00000000,77525.85000000,77370.40000000,77423.41000000,542.83384000
2026-05-22T07:00:00+00:00,77423.41000000,77543.38000000,77288.77000000,77408.06000000,393.92568000
2026-05-22T08:00:00+00:00,77408.07000000,77535.00000000,77216.00000000,77267.38000000,509.65577000
2026-05-22T09:00:00+00:00,77267.39000000,77360.00000000,77200.00000000,77307.11000000,276.32946000
2026-05-22T10:00:00+00:00,77307.12000000,77363.01000000,77261.73000000,77312.00000000,275.01820000
2026-05-22T11:00:00+00:00,77311.99000000,77430.55000000,77184.45000000,77428.84000000,375.53110000
2026-05-22T12:00:00+00:00,77428.83000000,77584.94000000,77395.45000000,77533.90000000,317.41573000
2026-05-22T13:00:00+00:00,77533.91000000,77547.56000000,77130.99000000,77290.01000000,419.18989000
2026-05-22T14:00:00+00:00,77290.00000000,77290.00000000,76751.00000000,76774.23000000,1004.66190000
2026-05-22T15:00:00+00:00,76774.23000000,77030.64000000,76570.00000000,76790.59000000,872.56913000
2026-05-22T16:00:00+00:00,76790.60000000,77006.69000000,76767.00000000,76950.68000000,481.05047000
2026-05-22T17:00:00+00:00,76950.67000000,77093.72000000,76750.00000000,76750.00000000,322.37426000
2026-05-22T18:00:00+00:00,76750.01000000,76898.00000000,76101.00000000,76537.47000000,809.74159000
2026-05-22T19:00:00+00:00,76537.47000000,76590.68000000,75668.76000000,75860.44000000,1201.88912000
2026-05-22T20:00:00+00:00,75860.44000000,76080.95000000,75826.00000000,75984.47000000,415.32736000
2026-05-22T21:00:00+00:00,75984.47000000,76087.85000000,75926.20000000,75978.83000000,349.85112000
2026-05-22T22:00:00+00:00,75978.83000000,75978.84000000,75558.28000000,75737.52000000,473.52886000
2026-05-22T23:00:00+00:00,75737.53000000,75881.18000000,75359.18000000,75539.50000000,527.08224000
2026-05-23T00:00:00+00:00,75539.50000000,75635.59000000,75220.00000000,75352.64000000,828.38332000
2026-05-23T01:00:00+00:00,75352.64000000,75500.00000000,75350.00000000,75489.84000000,466.00374000
2026-05-23T02:00:00+00:00,75489.83000000,75581.27000000,75417.56000000,75572.07000000,334.42834000
2026-05-23T03:00:00+00:00,75572.07000000,75664.62000000,75563.33000000,75635.22000000,267.29386000
2026-05-23T04:00:00+00:00,75635.22000000,75650.63000000,75507.01000000,75539.77000000,198.60310000
2026-05-23T05:00:00+00:00,75539.77000000,75562.40000000,75469.89000000,75482.68000000,267.20559000
2026-05-23T06:00:00+00:00,75482.68000000,75501.09000000,75394.54000000,75398.33000000,189.47214000
2026-05-23T07:00:00+00:00,75398.33000000,75443.44000000,74289.60000000,74609.36000000,2035.70931000
2026-05-23T08:00:00+00:00,74609.37000000,74746.67000000,74303.56000000,74684.30000000,963.94720000
2026-05-23T09:00:00+00:00,74684.29000000,74752.45000000,74624.50000000,74656.91000000,431.50710000
2026-05-23T10:00:00+00:00,74656.91000000,74797.01000000,74656.91000000,74705.00000000,625.72233000
2026-05-23T11:00:00+00:00,74705.00000000,74873.55000000,74704.99000000,74789.99000000,487.91960000
2026-05-23T12:00:00+00:00,74789.99000000,74798.41000000,74660.05000000,74753.93000000,570.81814000
2026-05-23T13:00:00+00:00,74753.94000000,75262.86000000,74753.93000000,75213.90000000,815.89889000
2026-05-23T14:00:00+00:00,75213.90000000,75726.30000000,75108.15000000,75537.72000000,922.06012000
2026-05-23T15:00:00+00:00,75537.73000000,75676.00000000,75405.40000000,75520.00000000,634.72295000
2026-05-23T16:00:00+00:00,75519.99000000,75638.62000000,75415.17000000,75444.70000000,411.95204000
2026-05-23T17:00:00+00:00,75444.71000000,75522.00000000,75371.72000000,75488.18000000,566.20129000
2026-05-23T18:00:00+00:00,75488.17000000,75986.24000000,75472.04000000,75845.82000000,429.21806000
2026-05-23T19:00:00+00:00,75845.82000000,76012.22000000,75780.90000000,75983.45000000,364.90120000
2026-05-23T20:00:00+00:00,75983.45000000,77300.00000000,75953.94000000,77287.58000000,1242.58285000
2026-05-23T21:00:00+00:00,77286.08000000,77404.18000000,76538.04000000,76804.99000000,1147.59506000
2026-05-23T22:00:00+00:00,76805.00000000,76885.00000000,76396.06000000,76584.45000000,464.30329000
2026-05-23T23:00:00+00:00,76584.45000000,76822.00000000,76538.36000000,76752.01000000,420.43862000
2026-05-24T00:00:00+00:00,76752.00000000,76930.65000000,76629.02000000,76835.16000000,392.54327000
2026-05-24T01:00:00+00:00,76835.16000000,76921.45000000,76754.53000000,76890.04000000,225.24128000
2026-05-24T02:00:00+00:00,76890.04000000,76968.04000000,76704.32000000,76830.00000000,185.87406000
2026-05-24T03:00:00+00:00,76830.01000000,77011.62000000,76738.50000000,76750.00000000,248.04543000
2026-05-24T04:00:00+00:00,76750.01000000,76858.26000000,76730.00000000,76786.50000000,163.64327000
2026-05-24T05:00:00+00:00,76786.50000000,76861.78000000,76651.59000000,76822.23000000,202.16815000
2026-05-24T06:00:00+00:00,76822.23000000,77065.94000000,76716.02000000,76987.58000000,257.89170000
2026-05-24T07:00:00+00:00,76987.58000000,77014.24000000,76786.20000000,76799.99000000,193.96514000
2026-05-24T08:00:00+00:00,76799.99000000,76861.77000000,76734.42000000,76830.69000000,226.94949000
2026-05-24T09:00:00+00:00,76830.69000000,77046.67000000,76821.86000000,77020.53000000,369.92973000
2026-05-24T10:00:00+00:00,77020.54000000,77543.15000000,76927.04000000,77190.74000000,863.69953000
2026-05-24T11:00:00+00:00,77190.73000000,77356.62000000,77190.73000000,77320.06000000,285.66801000
2026-05-24T12:00:00+00:00,77320.06000000,77325.72000000,77044.73000000,77118.73000000,271.94108000
2026-05-24T13:00:00+00:00,77118.72000000,77127.54000000,76688.89000000,76802.23000000,474.39799000
2026-05-24T14:00:00+00:00,76802.23000000,76840.01000000,76195.36000000,76465.16000000,837.87651000
2026-05-24T15:00:00+00:00,76465.15000000,76539.38000000,76362.78000000,76371.59000000,398.04105000
2026-05-24T16:00:00+00:00,76371.59000000,76734.30000000,76371.59000000,76671.70000000,359.46109000
2026-05-24T17:00:00+00:00,76671.69000000,76799.99000000,76566.15000000,76693.34000000,249.31214000
2026-05-24T18:00:00+00:00,76693.34000000,76788.01000000,76596.00000000,76665.73000000,148.14196000
2026-05-24T19:00:00+00:00,76665.72000000,76783.51000000,76611.17000000,76773.34000000,125.12918000
2026-05-24T20:00:00+00:00,76773.33000000,76796.18000000,76596.37000000,76668.40000000,560.38206000
2026-05-24T21:00:00+00:00,76668.41000000,76748.12000000,76108.00000000,76151.14000000,497.80071000
2026-05-24T22:00:00+00:00,76151.14000000,77012.01000000,76132.00000000,76803.99000000,543.11534000
2026-05-24T23:00:00+00:00,76803.99000000,77225.97000000,76803.99000000,77064.96000000,316.78339000
2026-05-25T00:00:00+00:00,77064.96000000,77288.00000000,77064.95000000,77153.01000000,281.30951000
2026-05-25T01:00:00+00:00,77153.01000000,77245.67000000,76914.25000000,76945.27000000,574.42489000
2026-05-25T02:00:00+00:00,76945.28000000,77485.00000000,76945.28000000,77108.77000000,313.96478000
2026-05-25T03:00:00+00:00,77108.77000000,77169.88000000,77002.30000000,77026.67000000,198.70522000
2026-05-25T04:00:00+00:00,77026.68000000,77450.00000000,76990.78000000,77391.07000000,251.77406000
2026-05-25T05:00:00+00:00,77391.07000000,77498.00000000,77324.00000000,77407.00000000,306.77798000
2026-05-25T06:00:00+00:00,77406.99000000,77650.00000000,77222.22000000,77419.87000000,413.85927000
2026-05-25T07:00:00+00:00,77419.87000000,77520.00000000,77184.62000000,77401.12000000,376.11814000
2026-05-25T08:00:00+00:00,77401.11000000,77469.64000000,77280.32000000,77456.94000000,352.62980000
2026-05-25T09:00:00+00:00,77456.94000000,77699.97000000,77425.17000000,77604.56000000,369.10396000
2026-05-25T10:00:00+00:00,77604.56000000,77681.37000000,77490.37000000,77545.65000000,283.53522000
2026-05-25T11:00:00+00:00,77545.65000000,77545.65000000,77333.33000000,77357.50000000,209.17805000
2026-05-25T12:00:00+00:00,77357.50000000,77440.46000000,77286.50000000,77367.98000000,261.28583000
2026-05-25T13:00:00+00:00,77367.98000000,77450.00000000,77286.50000000,77341.05000000,199.52985000
2026-05-25T14:00:00+00:00,77341.05000000,77773.69000000,77304.84000000,77714.00000000,603.07815000
2026-05-25T15:00:00+00:00,77713.99000000,77905.52000000,77557.00000000,77628.82000000,499.50313000
2026-05-25T16:00:00+00:00,77628.82000000,77807.29000000,77508.88000000,77735.69000000,342.64397000
2026-05-25T17:00:00+00:00,77735.69000000,77804.48000000,77550.39000000,77564.01000000,278.21782000
2026-05-25T18:00:00+00:00,77564.00000000,77658.01000000,77543.38000000,77543.39000000,204.76460000
2026-05-25T19:00:00+00:00,77543.39000000,77543.39000000,77343.61000000,77441.86000000,295.53937000
2026-05-25T20:00:00+00:00,77441.85000000,77500.00000000,77220.00000000,77273.06000000,314.11527000
2026-05-25T21:00:00+00:00,77273.06000000,77396.08000000,77273.05000000,77367.03000000,183.92616000
2026-05-25T22:00:00+00:00,77367.03000000,77449.94000000,77019.82000000,77116.21000000,395.72227000
2026-05-25T23:00:00+00:00,77116.21000000,77367.44000000,77072.36000000,77322.01000000,162.61467000
2026-05-26T00:00:00+00:00,77322.01000000,77345.00000000,76575.49000000,76792.71000000,686.17714000
2026-05-26T01:00:00+00:00,76792.24000000,76888.01000000,76590.90000000,76756.98000000,342.05131000
2026-05-26T02:00:00+00:00,76756.98000000,76810.00000000,76512.98000000,76660.00000000,721.43857000
2026-05-26T03:00:00+00:00,76660.00000000,76705.71000000,76475.59000000,76664.01000000,396.14567000
2026-05-26T04:00:00+00:00,76664.00000000,76817.28000000,76606.79000000,76749.50000000,392.59093000
2026-05-26T05:00:00+00:00,76749.51000000,76989.23000000,76704.80000000,76930.01000000,556.04320000
2026-05-26T06:00:00+00:00,76930.00000000,77059.74000000,76775.00000000,76908.01000000,658.30833000
2026-05-26T07:00:00+00:00,76908.00000000,76924.55000000,76603.73000000,76730.84000000,436.26184000
2026-05-26T08:00:00+00:00,76730.84000000,76852.01000000,76693.21000000,76726.37000000,246.06951000
2026-05-26T09:00:00+00:00,76726.37000000,76804.00000000,76649.79000000,76672.19000000,350.52370000
2026-05-26T10:00:00+00:00,76672.20000000,77621.75000000,76586.94000000,77430.00000000,897.13516000
2026-05-26T11:00:00+00:00,77430.00000000,77516.93000000,77174.94000000,77183.55000000,403.26795000
2026-05-26T12:00:00+00:00,77183.56000000,77232.52000000,76877.94000000,77132.50000000,402.68245000
2026-05-26T13:00:00+00:00,77132.51000000,77464.01000000,76691.88000000,77231.56000000,659.96680000
2026-05-26T14:00:00+00:00,77231.56000000,78080.00000000,76724.63000000,76908.01000000,2020.17697000
2026-05-26T15:00:00+00:00,76908.01000000,77012.00000000,76272.63000000,76518.10000000,1751.25838000
2026-05-26T16:00:00+00:00,76518.10000000,76710.01000000,76209.58000000,76558.00000000,2070.02098000
2026-05-26T17:00:00+00:00,76558.00000000,76649.91000000,75850.00000000,75935.08000000,1190.65802000
2026-05-26T18:00:00+00:00,75935.09000000,76273.66000000,75779.30000000,75840.55000000,846.30902000
2026-05-26T19:00:00+00:00,75840.55000000,76104.49000000,75805.23000000,76052.00000000,581.71052000
2026-05-26T20:00:00+00:00,76052.00000000,76180.00000000,75982.64000000,76106.86000000,324.41575000
2026-05-26T21:00:00+00:00,76106.86000000,76117.31000000,75850.00000000,75890.00000000,275.58323000
2026-05-26T22:00:00+00:00,75890.00000000,75998.94000000,75677.97000000,75749.02000000,428.12169000
2026-05-26T23:00:00+00:00,75749.02000000,75986.45000000,75749.02000000,75930.01000000,316.55917000
2026-05-27T00:00:00+00:00,75930.01000000,76089.70000000,75872.71000000,76085.01000000,780.41682000
2026-05-27T01:00:00+00:00,76085.00000000,76104.02000000,75824.00000000,75877.44000000,573.72878000
2026-05-27T02:00:00+00:00,75877.44000000,75890.59000000,75682.99000000,75879.00000000,437.25803000
2026-05-27T03:00:00+00:00,75879.01000000,75966.91000000,75607.62000000,75683.00000000,612.84746000
2026-05-27T04:00:00+00:00,75683.00000000,75706.77000000,75310.90000000,75579.01000000,817.05359000
2026-05-27T05:00:00+00:00,75579.01000000,75739.36000000,75579.00000000,75697.99000000,490.56114000
2026-05-27T06:00:00+00:00,75697.99000000,75900.00000000,75690.01000000,75838.65000000,482.86494000
2026-05-27T07:00:00+00:00,75838.65000000,75980.00000000,75764.00000000,75977.17000000,433.92885000
2026-05-27T08:00:00+00:00,75977.16000000,76071.41000000,75843.02000000,75873.24000000,308.77238000
2026-05-27T09:00:00+00:00,75873.25000000,75978.01000000,75710.76000000,75912.60000000,294.26595000
2026-05-27T10:00:00+00:00,75912.61000000,76043.94000000,75880.00000000,75909.82000000,372.61961000
2026-05-27T11:00:00+00:00,75909.82000000,76029.24000000,75754.10000000,75769.18000000,316.01081000
2026-05-27T12:00:00+00:00,75769.18000000,76174.15000000,75575.75000000,75688.00000000,621.24106000
2026-05-27T13:00:00+00:00,75688.01000000,75760.00000000,74866.18000000,75073.40000000,2200.23684000
2026-05-27T14:00:00+00:00,75073.40000000,75274.11000000,74758.33000000,75031.92000000,1567.20208000
2026-05-27T15:00:00+00:00,75031.92000000,75502.29000000,74983.77000000,75326.01000000,797.52340000
2026-05-27T16:00:00+00:00,75326.02000000,75408.01000000,75000.00000000,75304.01000000,632.49097000
2026-05-27T17:00:00+00:00,75304.01000000,75344.01000000,74685.58000000,74860.42000000,1103.99219000
2026-05-27T18:00:00+00:00,74860.42000000,75032.01000000,74663.45000000,75026.67000000,549.25309000
2026-05-27T19:00:00+00:00,75026.67000000,75105.17000000,74952.36000000,75066.08000000,879.80197000
2026-05-27T20:00:00+00:00,75066.09000000,75415.81000000,75056.25000000,75274.58000000,389.41476000
2026-05-27T21:00:00+00:00,75274.58000000,75274.58000000,74341.76000000,74473.01000000,653.21971000
2026-05-27T22:00:00+00:00,74473.01000000,74775.50000000,74260.91000000,74418.13000000,624.64107000
2026-05-27T23:00:00+00:00,74418.12000000,74572.00000000,74243.99000000,74449.30000000,938.42933000
2026-05-28T00:00:00+00:00,74449.31000000,74580.00000000,74366.89000000,74570.66000000,476.29695000
2026-05-28T01:00:00+00:00,74570.67000000,74590.77000000,74156.00000000,74344.08000000,653.98384000
2026-05-28T02:00:00+00:00,74344.07000000,74400.00000000,74127.57000000,74287.42000000,717.91596000
2026-05-28T03:00:00+00:00,74287.43000000,74380.39000000,73060.59000000,73258.01000000,3879.74728000
2026-05-28T04:00:00+00:00,73258.00000000,73260.01000000,72728.85000000,73181.95000000,1588.42564000
2026-05-28T05:00:00+00:00,73181.95000000,73181.95000000,72908.67000000,72990.87000000,850.50171000
2026-05-28T06:00:00+00:00,72990.87000000,73213.11000000,72761.11000000,73202.70000000,1248.76931000
2026-05-28T07:00:00+00:00,73202.71000000,73512.14000000,73158.00000000,73498.00000000,1111.91354000
2026-05-28T08:00:00+00:00,73498.00000000,73500.00000000,73193.13000000,73325.88000000,567.79073000
2026-05-28T09:00:00+00:00,73325.88000000,73560.00000000,73261.60000000,73541.24000000,547.18862000
2026-05-28T10:00:00+00:00,73541.25000000,73616.00000000,73349.91000000,73400.01000000,495.53335000
2026-05-28T11:00:00+00:00,73400.01000000,73532.01000000,73319.36000000,73505.66000000,383.87102000
2026-05-28T12:00:00+00:00,73505.65000000,73580.75000000,73245.56000000,73518.01000000,454.53291000
2026-05-28T13:00:00+00:00,73518.01000000,73574.60000000,72771.64000000,73022.02000000,1277.58759000
2026-05-28T14:00:00+00:00,73022.01000000,73573.21000000,72582.82000000,73033.06000000,2189.62010000
2026-05-28T15:00:00+00:00,73033.06000000,73180.01000000,72700.00000000,72928.73000000,710.64433000
2026-05-28T16:00:00+00:00,72928.73000000,73440.67000000,72741.40000000,73440.67000000,821.59668000
2026-05-28T17:00:00+00:00,73440.66000000,73734.72000000,73316.31000000,73554.82000000,737.45631000
2026-05-28T18:00:00+00:00,73554.81000000,73749.69000000,73514.57000000,73652.88000000,517.48323000
2026-05-28T19:00:00+00:00,73652.87000000,73652.88000000,73381.81000000,73419.32000000,447.75042000
2026-05-28T20:00:00+00:00,73419.31000000,73721.45000000,73241.48000000,73579.99000000,441.85746000
2026-05-28T21:00:00+00:00,73580.00000000,73926.22000000,73560.45000000,73817.31000000,386.07817000
2026-05-28T22:00:00+00:00,73817.31000000,73949.22000000,73448.55000000,73464.80000000,445.66881000
2026-05-28T23:00:00+00:00,73464.80000000,73714.90000000,73464.79000000,73617.51000000,321.80630000
2026-05-29T00:00:00+00:00,73617.52000000,73854.77000000,73617.51000000,73716.37000000,592.13944000
2026-05-29T01:00:00+00:00,73716.37000000,73868.33000000,73463.52000000,73586.83000000,543.44041000
2026-05-29T02:00:00+00:00,73586.83000000,73646.68000000,73189.11000000,73225.06000000,716.13416000
2026-05-29T03:00:00+00:00,73225.07000000,73456.63000000,73225.07000000,73301.52000000,271.59006000
2026-05-29T04:00:00+00:00,73301.53000000,73508.97000000,73210.21000000,73507.69000000,462.74907000
2026-05-29T05:00:00+00:00,73507.68000000,73719.39000000,73500.00000000,73706.00000000,814.30980000
2026-05-29T06:00:00+00:00,73706.00000000,73939.19000000,73641.05000000,73786.32000000,283.07172000
2026-05-29T07:00:00+00:00,73786.32000000,73830.01000000,73373.37000000,73528.56000000,1081.67640000
2026-05-29T08:00:00+00:00,73528.55000000,73835.58000000,73524.00000000,73653.40000000,690.03943000
2026-05-29T09:00:00+00:00,73653.40000000,73902.85000000,73649.58000000,73744.96000000,506.90617000
2026-05-29T10:00:00+00:00,73744.96000000,73749.53000000,73588.13000000,73634.64000000,583.75086000
2026-05-29T11:00:00+00:00,73634.64000000,73700.41000000,73341.85000000,73487.98000000,417.09649000
2026-05-29T12:00:00+00:00,73487.98000000,73487.98000000,73202.00000000,73295.73000000,419.42757000
2026-05-29T13:00:00+00:00,73295.73000000,73346.04000000,72900.46000000,73135.70000000,883.40251000
2026-05-29T14:00:00+00:00,73135.70000000,73198.17000000,72512.49000000,73096.85000000,1512.76179000
2026-05-29T15:00:00+00:00,73096.84000000,74200.00000000,73008.98000000,73808.26000000,1809.34020000
2026-05-29T16:00:00+00:00,73808.25000000,74124.73000000,73565.73000000,74056.50000000,1160.72957000
2026-05-29T17:00:00+00:00,74056.49000000,74514.10000000,73925.33000000,73980.94000000,2917.46541000
2026-05-29T18:00:00+00:00,73980.94000000,74065.29000000,73187.25000000,73374.52000000,1065.50146000
2026-05-29T19:00:00+00:00,73374.51000000,73727.95000000,73239.36000000,73520.28000000,453.16949000
2026-05-29T20:00:00+00:00,73520.29000000,73760.00000000,73514.00000000,73673.61000000,155.12213000
2026-05-29T21:00:00+00:00,73673.62000000,73844.00000000,73408.80000000,73409.27000000,412.83689000
2026-05-29T22:00:00+00:00,73409.27000000,73571.81000000,73379.79000000,73483.52000000,662.84770000
2026-05-29T23:00:00+00:00,73483.51000000,73510.00000000,73320.00000000,73460.78000000,271.23268000
2026-05-30T00:00:00+00:00,73460.78000000,73579.82000000,73408.62000000,73498.80000000,545.20652000
2026-05-30T01:00:00+00:00,73498.80000000,73663.08000000,73472.80000000,73657.90000000,386.87772000
2026-05-30T02:00:00+00:00,73657.90000000,73786.70000000,73613.85000000,73786.69000000,268.52358000
2026-05-30T03:00:00+00:00,73786.70000000,73796.43000000,73524.01000000,73524.01000000,339.03494000
2026-05-30T04:00:00+00:00,73524.01000000,73575.00000000,73216.00000000,73402.84000000,466.81865000
2026-05-30T05:00:00+00:00,73402.85000000,73635.00000000,73346.85000000,73604.99000000,464.14797000
2026-05-30T06:00:00+00:00,73604.99000000,73709.91000000,73530.00000000,73584.99000000,331.33867000
2026-05-30T07:00:00+00:00,73584.99000000,73588.20000000,73486.00000000,73548.60000000,225.56478000
2026-05-30T08:00:00+00:00,73548.60000000,73567.59000000,73500.02000000,73530.07000000,274.14087000
2026-05-30T09:00:00+00:00,73530.07000000,73615.47000000,73503.07000000,73615.46000000,201.26346000
2026-05-30T10:00:00+00:00,73615.46000000,73680.75000000,73592.57000000,73655.85000000,283.97060000
2026-05-30T11:00:00+00:00,73655.85000000,73655.86000000,73564.62000000,73602.02000000,317.10370000
2026-05-30T12:00:00+00:00,73602.01000000,73717.07000000,73594.40000000,73698.18000000,369.23500000
2026-05-30T13:00:00+00:00,73698.17000000,73837.06000000,73676.10000000,73829.31000000,249.39427000
2026-05-30T14:00:00+00:00,73829.31000000,74100.00000000,73820.91000000,73929.11000000,565.07041000
2026-05-30T15:00:00+00:00,73929.11000000,74042.88000000,73836.70000000,73930.14000000,301.39896000
2026-05-30T16:00:00+00:00,73930.13000000,73985.84000000,73880.10000000,73934.99000000,193.46997000
2026-05-30T17:00:00+00:00,73935.00000000,74047.26000000,73811.30000000,74020.07000000,308.74992000
2026-05-30T18:00:00+00:00,74020.06000000,74143.76000000,73945.00000000,74043.38000000,188.56655000
2026-05-30T19:00:00+00:00,74043.39000000,74072.00000000,73971.30000000,74016.65000000,145.42131000
2026-05-30T20:00:00+00:00,74016.64000000,74016.65000000,73926.68000000,73979.84000000,104.99480000
2026-05-30T21:00:00+00:00,73979.85000000,74054.00000000,73929.07000000,73981.99000000,224.47070000
2026-05-30T22:00:00+00:00,73981.99000000,73982.00000000,73796.01000000,73883.30000000,391.66756000
2026-05-30T23:00:00+00:00,73883.30000000,73995.98000000,73781.30000000,73884.38000000,368.97818000
2026-05-31T00:00:00+00:00,73884.38000000,74041.72000000,73858.56000000,74038.20000000,241.35407000
2026-05-31T01:00:00+00:00,74038.20000000,74275.66000000,74028.64000000,74058.01000000,363.47802000
2026-05-31T02:00:00+00:00,74058.01000000,74243.94000000,73890.49000000,74090.84000000,304.85670000
2026-05-31T03:00:00+00:00,74090.84000000,74226.78000000,74074.05000000,74150.64000000,189.87382000
2026-05-31T04:00:00+00:00,74150.64000000,74221.33000000,74109.00000000,74178.40000000,194.38913000
2026-05-31T05:00:00+00:00,74178.41000000,74207.20000000,74055.16000000,74055.98000000,231.70947000
2026-05-31T06:00:00+00:00,74055.99000000,74109.39000000,73985.34000000,74054.87000000,141.21825000
2026-05-31T07:00:00+00:00,74054.86000000,74054.87000000,73836.00000000,73871.24000000,302.07421000
2026-05-31T08:00:00+00:00,73871.25000000,73980.00000000,73850.05000000,73937.61000000,348.32905000
2026-05-31T09:00:00+00:00,73937.62000000,74024.00000000,73813.44000000,73841.79000000,323.04158000
2026-05-31T10:00:00+00:00,73841.79000000,73900.00000000,73699.20000000,73900.00000000,400.29833000
2026-05-31T11:00:00+00:00,73900.00000000,73972.00000000,73899.99000000,73937.79000000,178.92390000
2026-05-31T12:00:00+00:00,73937.63000000,73995.88000000,73874.00000000,73920.00000000,222.22652000
2026-05-31T13:00:00+00:00,73920.00000000,74023.99000000,73807.43000000,73872.80000000,178.44734000
2026-05-31T14:00:00+00:00,73872.80000000,73872.80000000,73483.05000000,73602.17000000,681.72491000
2026-05-31T15:00:00+00:00,73602.18000000,73775.79000000,73588.80000000,73655.21000000,266.93299000
2026-05-31T16:00:00+00:00,73655.20000000,73730.00000000,73400.00000000,73526.14000000,319.75425000
2026-05-31T17:00:00+00:00,73526.15000000,73734.00000000,73466.67000000,73709.44000000,195.46974000
2026-05-31T18:00:00+00:00,73709.43000000,73713.34000000,73585.49000000,73603.69000000,214.37074000
2026-05-31T19:00:00+00:00,73603.68000000,73649.93000000,73456.48000000,73563.42000000,255.80848000
2026-05-31T20:00:00+00:00,73563.41000000,73760.00000000,73563.41000000,73739.66000000,381.56410000
2026-05-31T21:00:00+00:00,73739.67000000,73924.00000000,73626.67000000,73892.52000000,391.01047000
2026-05-31T22:00:00+00:00,73892.52000000,73997.56000000,73686.00000000,73944.62000000,284.29172000
2026-05-31T23:00:00+00:00,73944.62000000,74198.00000000,73500.00000000,73674.39000000,375.30928000
2026-06-01T00:00:00+00:00,73674.39000000,74092.00000000,73654.06000000,73885.00000000,366.48970000
2026-06-01T01:00:00+00:00,73885.01000000,73916.01000000,73278.02000000,73292.92000000,464.54265000
2026-06-01T02:00:00+00:00,73292.92000000,73892.52000000,73222.00000000,73790.00000000,506.50025000
2026-06-01T03:00:00+00:00,73789.99000000,74019.58000000,73735.47000000,73769.06000000,460.44243000
2026-06-01T04:00:00+00:00,73769.06000000,73841.37000000,73348.74000000,73536.01000000,335.64727000
2026-06-01T05:00:00+00:00,73536.01000000,73541.48000000,73328.32000000,73350.00000000,404.19791000
2026-06-01T06:00:00+00:00,73349.99000000,73368.00000000,72950.01000000,73135.74000000,740.28999000
2026-06-01T07:00:00+00:00,73135.75000000,73203.85000000,72704.00000000,72818.00000000,833.64063000
2026-06-01T08:00:00+00:00,72818.00000000,72921.38000000,72610.03000000,72902.65000000,751.49608000
2026-06-01T09:00:00+00:00,72902.64000000,73095.64000000,72600.00000000,72880.00000000,2061.21620000
2026-06-01T10:00:00+00:00,72880.00000000,72900.73000000,72592.27000000,72748.88000000,482.48740000
2026-06-01T11:00:00+00:00,72748.88000000,72768.11000000,72290.00000000,72479.99000000,769.61036000
2026-06-01T12:00:00+00:00,72480.00000000,72610.00000000,71902.98000000,72221.73000000,1854.73885000
2026-06-01T13:00:00+00:00,72221.74000000,72243.52000000,71389.88000000,71711.89000000,3036.53496000
2026-06-01T14:00:00+00:00,71711.89000000,71887.60000000,71363.43000000,71567.91000000,2060.71568000
2026-06-01T15:00:00+00:00,71567.91000000,71677.55000000,71066.33000000,71129.62000000,1656.46415000
2026-06-01T16:00:00+00:00,71129.62000000,71599.95000000,70686.68000000,71564.01000000,2820.57409000
2026-06-01T17:00:00+00:00,71564.01000000,71800.73000000,71469.64000000,71646.01000000,999.45739000
2026-06-01T18:00:00+00:00,71646.00000000,71687.28000000,71382.00000000,71498.64000000,667.35668000
2026-06-01T19:00:00+00:00,71498.64000000,71666.00000000,71386.00000000,71595.24000000,432.84579000
2026-06-01T20:00:00+00:00,71595.24000000,71690.00000000,71419.64000000,71446.00000000,273.27230000
2026-06-01T21:00:00+00:00,71445.99000000,71449.98000000,70941.95000000,71038.01000000,573.85796000
2026-06-01T22:00:00+00:00,71038.01000000,71460.00000000,70840.90000000,71408.00000000,770.63523000
2026-06-01T23:00:00+00:00,71407.99000000,71583.29000000,71225.29000000,71408.90000000,598.07789000
2026-06-02T00:00:00+00:00,71408.90000000,71408.90000000,71100.00000000,71289.23000000,677.70318000
2026-06-02T01:00:00+00:00,71289.24000000,71372.00000000,70607.57000000,70652.47000000,1034.85247000
2026-06-02T02:00:00+00:00,70652.47000000,70880.63000000,70111.00000000,70846.49000000,1320.14440000
2026-06-02T03:00:00+00:00,70846.48000000,71041.04000000,70806.00000000,70953.69000000,492.94753000
2026-06-02T04:00:00+00:00,70953.70000000,71048.00000000,70713.54000000,70810.00000000,489.36754000
2026-06-02T05:00:00+00:00,70810.00000000,70847.66000000,70267.79000000,70268.96000000,832.11781000
2026-06-02T06:00:00+00:00,70268.97000000,70442.00000000,69958.49000000,70106.31000000,1507.14949000
2026-06-02T07:00:00+00:00,70106.31000000,70275.86000000,69733.00000000,70118.42000000,1388.79813000
2026-06-02T08:00:00+00:00,70118.42000000,70172.00000000,69705.30000000,69821.99000000,944.64990000
2026-06-02T09:00:00+00:00,69822.00000000,69849.00000000,69324.65000000,69426.01000000,1499.21853000
2026-06-02T10:00:00+00:00,69426.01000000,69756.00000000,69336.98000000,69652.19000000,904.86792000
2026-06-02T11:00:00+00:00,69652.18000000,69659.47000000,69397.83000000,69461.72000000,417.59402000
2026-06-02T12:00:00+00:00,69461.73000000,69548.13000000,68989.61000000,69010.42000000,1382.26152000
2026-06-02T13:00:00+00:00,69010.41000000,69180.00000000,68757.03000000,68811.91000000,1762.82906000
2026-06-02T14:00:00+00:00,68809.93000000,68836.00000000,67617.85000000,68019.30000000,3845.79627000
2026-06-02T15:00:00+00:00,68019.30000000,68094.60000000,67076.00000000,67304.28000000,2543.79469000
2026-06-02T16:00:00+00:00,67304.29000000,68146.30000000,67228.45000000,67413.44000000,1789.92962000
2026-06-02T17:00:00+00:00,67413.44000000,67837.53000000,67378.00000000,67492.34000000,905.89150000
2026-06-02T18:00:00+00:00,67492.34000000,67661.70000000,67124.20000000,67341.99000000,926.14597000
2026-06-02T19:00:00+00:00,67341.99000000,67498.00000000,66432.00000000,67315.14000000,2333.17121000
2026-06-02T20:00:00+00:00,67315.14000000,67689.65000000,66911.20000000,67587.77000000,1637.61606000
2026-06-02T21:00:00+00:00,67587.78000000,67923.24000000,67412.00000000,67566.01000000,765.53933000
2026-06-02T22:00:00+00:00,67566.01000000,67566.01000000,66244.02000000,66385.20000000,1856.41667000
2026-06-02T23:00:00+00:00,66385.20000000,66868.62000000,66193.00000000,66760.83000000,1599.39304000
2026-06-03T00:00:00+00:00,66760.84000000,67204.15000000,66654.00000000,66938.01000000,1238.50805000
2026-06-03T01:00:00+00:00,66938.01000000,67050.00000000,66472.65000000,66920.00000000,973.29949000
2026-06-03T02:00:00+00:00,66920.00000000,66920.01000000,66586.17000000,66620.01000000,773.38787000
2026-06-03T03:00:00+00:00,66620.00000000,66653.67000000,65426.34000000,65849.90000000,2891.72624000
2026-06-03T04:00:00+00:00,65849.90000000,66623.44000000,65834.00000000,66465.98000000,1263.85794000
2026-06-03T05:00:00+00:00,66465.99000000,67398.28000000,66465.99000000,67330.01000000,1773.95829000
2026-06-03T06:00:00+00:00,67330.00000000,67516.00000000,66962.95000000,66983.27000000,1658.04956000
2026-06-03T07:00:00+00:00,66983.27000000,67334.40000000,66872.01000000,67220.03000000,1003.46306000
2026-06-03T08:00:00+00:00,67220.03000000,67264.34000000,66974.00000000,67028.00000000,1273.47385000
2026-06-03T09:00:00+00:00,67028.01000000,67322.00000000,66656.48000000,67075.17000000,1438.06157000
2026-06-03T10:00:00+00:00,67075.18000000,67476.69000000,67068.51000000,67294.52000000,639.46259000
2026-06-03T11:00:00+00:00,67294.51000000,67366.82000000,67056.58000000,67067.37000000,489.69833000
2026-06-03T12:00:00+00:00,67067.37000000,67163.82000000,66782.65000000,67078.72000000,856.74966000
2026-06-03T13:00:00+00:00,67078.72000000,67244.62000000,66635.00000000,66906.01000000,1223.17247000
2026-06-03T14:00:00+00:00,66906.00000000,66990.66000000,66643.96000000,66864.95000000,936.44379000
2026-06-03T15:00:00+00:00,66864.95000000,66898.00000000,66076.00000000,66076.01000000,1521.34921000
2026-06-03T16:00:00+00:00,66076.01000000,66373.18000000,65555.00000000,66061.83000000,1633.14277000
2026-06-03T17:00:00+00:00,66061.83000000,66189.80000000,65704.80000000,65964.08000000,810.29365000
2026-06-03T18:00:00+00:00,65964.08000000,66161.24000000,65744.01000000,66036.57000000,600.59221000
2026-06-03T19:00:00+00:00,66036.56000000,66054.00000000,65251.00000000,65462.00000000,1198.70968000
2026-06-03T20:00:00+00:00,65461.99000000,65614.74000000,64766.00000000,65007.27000000,1892.05101000
2026-06-03T21:00:00+00:00,65007.27000000,65860.00000000,64960.87000000,65768.88000000,1254.10382000
2026-06-03T22:00:00+00:00,65768.89000000,65841.23000000,64778.15000000,64912.98000000,974.52056000
2026-06-03T23:00:00+00:00,64912.97000000,64979.99000000,64092.49000000,64142.75000000,1820.23083000
2026-06-04T00:00:00+00:00,64142.75000000,64428.00000000,63000.00000000,63344.97000000,3512.79677000
2026-06-04T01:00:00+00:00,63344.98000000,63500.00000000,62100.01000000,62178.10000000,4759.04130000
2026-06-04T02:00:00+00:00,62178.10000000,63622.70000000,61383.56000000,63231.99000000,6283.29826000
2026-06-04T03:00:00+00:00,63232.00000000,64540.30000000,63218.48000000,64363.49000000,2402.09774000
2026-06-04T04:00:00+00:00,64363.49000000,64764.32000000,64265.73000000,64399.99000000,1421.62502000
2026-06-04T05:00:00+00:00,64399.99000000,64400.00000000,63648.01000000,63955.47000000,1272.84935000
2026-06-04T06:00:00+00:00,63955.48000000,64481.22000000,63892.00000000,64027.99000000,802.33437000
2026-06-04T07:00:00+00:00,64027.99000000,64062.81000000,63492.89000000,63603.15000000,1503.87893000
2026-06-04T08:00:00+00:00,63603.15000000,63904.63000000,63245.90000000,63629.99000000,1570.23316000
2026-06-04T09:00:00+00:00,63629.99000000,63644.00000000,62703.33000000,63266.00000000,2329.32820000
2026-06-04T10:00:00+00:00,63266.01000000,63276.00000000,62301.21000000,62420.00000000,3046.35677000
2026-06-04T11:00:00+00:00,62420.01000000,62833.82000000,62205.00000000,62545.99000000,1649.57305000
2026-06-04T12:00:00+00:00,62546.00000000,63966.48000000,62392.00000000,63766.82000000,1740.31399000
2026-06-04T13:00:00+00:00,63766.82000000,64244.00000000,63068.41000000,64230.00000000,2087.69891000
2026-06-04T14:00:00+00:00,64230.00000000,64494.92000000,63785.33000000,63958.97000000,1314.77170000
2026-06-04T15:00:00+00:00,63958.97000000,64404.00000000,63691.70000000,63896.17000000,1043.20477000
2026-06-04T16:00:00+00:00,63896.16000000,63920.00000000,63456.00000000,63563.51000000,778.58090000
2026-06-04T17:00:00+00:00,63563.51000000,63722.00000000,62944.91000000,63540.97000000,1048.08269000
2026-06-04T18:00:00+00:00,63540.96000000,64110.28000000,63149.76000000,63819.62000000,1198.01807000
2026-06-04T19:00:00+00:00,63819.62000000,64163.93000000,63544.00000000,63629.38000000,699.04403000
2026-06-04T20:00:00+00:00,63629.38000000,63653.20000000,63182.84000000,63638.40000000,753.64631000
2026-06-04T21:00:00+00:00,63638.40000000,63876.00000000,63106.04000000,63286.21000000,982.36997000
2026-06-04T22:00:00+00:00,63286.21000000,63772.00000000,63194.00000000,63735.43000000,816.54763000
2026-06-04T23:00:00+00:00,63735.42000000,63918.00000000,63376.00000000,63885.99000000,561.48382000
2026-06-05T00:00:00+00:00,63885.99000000,63978.00000000,63396.57000000,63426.72000000,799.55012000
2026-06-05T01:00:00+00:00,63426.73000000,63566.00000000,63052.00000000,63374.67000000,974.10885000
2026-06-05T02:00:00+00:00,63374.67000000,63436.00000000,62588.77000000,62617.72000000,1167.70132000
2026-06-05T03:00:00+00:00,62617.72000000,62888.00000000,62339.00000000,62730.00000000,1221.63780000
2026-06-05T04:00:00+00:00,62730.00000000,63646.00000000,62487.24000000,63615.23000000,1133.49083000
2026-06-05T05:00:00+00:00,63615.22000000,63688.00000000,62278.00000000,62329.35000000,1503.31179000
2026-06-05T06:00:00+00:00,62329.36000000,62634.53000000,61126.01000000,61946.57000000,5277.47749000
2026-06-05T07:00:00+00:00,61946.57000000,63116.00000000,61378.38000000,63115.99000000,2819.14343000
2026-06-05T08:00:00+00:00,63115.99000000,63120.98000000,62288.88000000,62454.64000000,1381.33567000
2026-06-05T09:00:00+00:00,62454.64000000,63259.90000000,62442.00000000,62860.09000000,970.25310000
2026-06-05T10:00:00+00:00,62860.09000000,62931.81000000,62375.00000000,62536.87000000,753.84533000
2026-06-05T11:00:00+00:00,62536.87000000,62644.48000000,61964.98000000,61964.99000000,1191.72996000
2026-06-05T12:00:00+00:00,61964.99000000,62457.86000000,61620.47000000,61959.73000000,1931.26312000
2026-06-05T13:00:00+00:00,61959.72000000,62326.00000000,60732.35000000,60732.36000000,3644.72891000
2026-06-05T14:00:00+00:00,60732.36000000,61227.98000000,60334.97000000,60868.97000000,4753.25938000
2026-06-05T15:00:00+00:00,60868.98000000,61126.00000000,60000.00000000,60438.01000000,4471.76201000
2026-06-05T16:00:00+00:00,60438.00000000,61547.24000000,59786.00000000,61394.39000000,5595.70288000
2026-06-05T17:00:00+00:00,61394.38000000,61508.85000000,60660.00000000,60813.99000000,1735.74281000
2026-06-05T18:00:00+00:00,60814.00000000,60950.00000000,59141.00000000,59395.99000000,3853.37743000
2026-06-05T19:00:00+00:00,59396.00000000,60459.41000000,59130.91000000,60300.24000000,2562.76919000
2026-06-05T20:00:00+00:00,60300.24000000,61787.01000000,59940.01000000,61620.01000000,2519.32621000
2026-06-05T21:00:00+00:00,61620.01000000,62000.00000000,61444.20000000,61670.38000000,1754.60125000
2026-06-05T22:00:00+00:00,61670.38000000,61966.00000000,61207.82000000,61584.49000000,1799.61028000
2026-06-05T23:00:00+00:00,61584.49000000,61776.00000000,60518.00000000,61056.47000000,1211.55891000
2026-06-06T00:00:00+00:00,61056.47000000,61530.05000000,61045.01000000,61273.29000000,769.28059000
2026-06-06T01:00:00+00:00,61273.29000000,61380.00000000,60954.36000000,61058.95000000,701.07746000
2026-06-06T02:00:00+00:00,61058.95000000,61176.00000000,60678.00000000,60951.64000000,778.33004000
2026-06-06T03:00:00+00:00,60951.63000000,60966.86000000,60520.00000000,60687.04000000,696.39105000
2026-06-06T04:00:00+00:00,60687.05000000,60866.00000000,59500.00000000,60101.27000000,2161.93035000
2026-06-06T05:00:00+00:00,60101.28000000,61062.00000000,59621.22000000,60942.38000000,2141.23088000
2026-06-06T06:00:00+00:00,60942.37000000,61276.95000000,60681.00000000,60786.96000000,2095.10137000
2026-06-06T07:00:00+00:00,60786.96000000,61229.17000000,60733.14000000,61004.95000000,664.31126000
2026-06-06T08:00:00+00:00,61004.95000000,61500.00000000,60884.00000000,61264.00000000,724.69988000
2026-06-06T09:00:00+00:00,61264.00000000,61322.00000000,60875.55000000,60981.24000000,580.05282000
2026-06-06T10:00:00+00:00,60981.24000000,60981.24000000,60198.00000000,60593.00000000,1404.76206000
2026-06-06T11:00:00+00:00,60593.00000000,60968.00000000,60552.95000000,60802.91000000,764.04290000
2026-06-06T12:00:00+00:00,60802.90000000,61185.26000000,60641.20000000,61030.63000000,669.86406000
2026-06-06T13:00:00+00:00,61030.63000000,61100.00000000,60701.41000000,60801.20000000,565.41708000
2026-06-06T14:00:00+00:00,60801.20000000,61016.00000000,60768.00000000,60791.05000000,409.85585000
2026-06-06T15:00:00+00:00,60791.06000000,60929.20000000,60396.00000000,60784.00000000,646.35820000
2026-06-06T16:00:00+00:00,60784.01000000,60971.24000000,60466.56000000,60774.00000000,524.00441000
2026-06-06T17:00:00+00:00,60774.00000000,60844.00000000,60501.00000000,60576.20000000,599.85374000
2026-06-06T18:00:00+00:00,60576.19000000,60754.74000000,60393.96000000,60637.21000000,975.00187000
2026-06-06T19:00:00+00:00,60637.20000000,60786.00000000,60536.00000000,60600.01000000,348.13504000
2026-06-06T20:00:00+00:00,60600.00000000,60756.00000000,60522.00000000,60711.69000000,328.01265000
2026-06-06T21:00:00+00:00,60711.69000000,61000.00000000,60707.93000000,60751.21000000,311.33205000
2026-06-06T22:00:00+00:00,60751.22000000,60818.00000000,60429.09000000,60543.53000000,374.15284000
2026-06-06T23:00:00+00:00,60543.52000000,60942.75000000,60543.52000000,60884.62000000,562.39032000
2026-06-07T00:00:00+00:00,60884.62000000,60987.99000000,60746.00000000,60782.01000000,680.45460000
2026-06-07T01:00:00+00:00,60782.00000000,61664.13000000,60758.00000000,61479.75000000,1285.56920000
2026-06-07T02:00:00+00:00,61479.75000000,61568.00000000,61184.00000000,61506.74000000,523.36778000
2026-06-07T03:00:00+00:00,61506.73000000,61778.33000000,61416.10000000,61701.07000000,469.79753000
2026-06-07T04:00:00+00:00,61701.06000000,61907.07000000,61482.46000000,61890.92000000,486.27163000
2026-06-07T05:00:00+00:00,61890.92000000,62159.00000000,61647.00000000,61748.10000000,1139.66042000
2026-06-07T06:00:00+00:00,61748.11000000,62272.00000000,61619.40000000,62101.00000000,1749.12210000
2026-06-07T07:00:00+00:00,62101.01000000,62416.26000000,61983.46000000,62404.73000000,1528.14980000
2026-06-07T08:00:00+00:00,62404.72000000,62960.00000000,62259.37000000,62855.01000000,2005.84536000
2026-06-07T09:00:00+00:00,62855.00000000,62900.00000000,62374.63000000,62530.00000000,1248.75300000
2026-06-07T10:00:00+00:00,62530.00000000,62570.31000000,62298.39000000,62370.52000000,674.16526000
2026-06-07T11:00:00+00:00,62370.53000000,62754.45000000,62359.44000000,62621.96000000,794.29873000
2026-06-07T12:00:00+00:00,62621.97000000,62643.97000000,61577.12000000,61900.67000000,1957.06740000
2026-06-07T13:00:00+00:00,61900.66000000,61907.64000000,61649.12000000,61700.13000000,1146.18923000
2026-06-07T14:00:00+00:00,61700.14000000,62312.67000000,61696.98000000,61905.49000000,923.54392000
2026-06-07T15:00:00+00:00,61905.49000000,62219.92000000,61674.51000000,62093.99000000,527.33835000
2026-06-07T16:00:00+00:00,62093.99000000,62332.00000000,61966.00000000,62083.64000000,482.96030000
2026-06-07T17:00:00+00:00,62083.64000000,62330.00000000,62046.62000000,62160.01000000,573.97699000
2026-06-07T18:00:00+00:00,62160.01000000,62296.00000000,62022.00000000,62030.14000000,373.61361000
2026-06-07T19:00:00+00:00,62030.15000000,62036.78000000,61184.00000000,61328.00000000,1046.65633000
2026-06-07T20:00:00+00:00,61327.99000000,61962.47000000,61217.17000000,61878.01000000,569.10903000
2026-06-07T21:00:00+00:00,61878.00000000,62017.71000000,61652.01000000,61778.41000000,374.19369000
2026-06-07T22:00:00+00:00,61778.42000000,64234.68000000,61728.11000000,62865.87000000,4892.75492000
2026-06-07T23:00:00+00:00,62865.87000000,63444.11000000,62803.42000000,63332.01000000,1159.24525000
2026-06-08T00:00:00+00:00,63332.01000000,63863.06000000,63138.37000000,63631.42000000,1255.61981000
2026-06-08T01:00:00+00:00,63631.43000000,63643.99000000,62720.86000000,63211.41000000,1129.10442000
2026-06-08T02:00:00+00:00,63211.41000000,63260.00000000,62918.00000000,63129.93000000,502.88284000
2026-06-08T03:00:00+00:00,63129.94000000,63458.00000000,62978.36000000,63130.12000000,427.85473000
2026-06-08T04:00:00+00:00,63130.12000000,63171.10000000,62657.07000000,62684.61000000,553.63898000
2026-06-08T05:00:00+00:00,62684.61000000,62825.27000000,62408.00000000,62764.00000000,674.10723000
2026-06-08T06:00:00+00:00,62763.99000000,63144.00000000,62734.00000000,62988.03000000,629.53051000
2026-06-08T07:00:00+00:00,62988.58000000,63350.00000000,62812.00000000,63283.99000000,976.90780000
2026-06-08T08:00:00+00:00,63284.00000000,63284.00000000,62992.01000000,63132.83000000,490.75057000
2026-06-08T09:00:00+00:00,63132.84000000,63577.86000000,63128.47000000,63502.00000000,706.93226000
2026-06-08T10:00:00+00:00,63501.99000000,63568.19000000,63096.88000000,63172.30000000,982.67290000
2026-06-08T11:00:00+00:00,63172.30000000,63873.08000000,63058.00000000,63479.61000000,1572.11873000
2026-06-08T12:00:00+00:00,63479.62000000,63933.18000000,62718.30000000,63872.00000000,2589.09295000
2026-06-08T13:00:00+00:00,63872.00000000,63943.56000000,63362.10000000,63758.00000000,1304.57724000
2026-06-08T14:00:00+00:00,63758.00000000,64077.57000000,63560.68000000,63964.08000000,1937.84618000
2026-06-08T15:00:00+00:00,63964.07000000,64200.00000000,63711.00000000,63774.48000000,2295.29096000
2026-06-08T16:00:00+00:00,63774.48000000,64046.86000000,63472.00000000,63532.01000000,873.93622000
2026-06-08T17:00:00+00:00,63532.01000000,63646.00000000,63268.01000000,63550.00000000,1044.76064000
2026-06-08T18:00:00+00:00,63549.99000000,63690.00000000,63339.98000000,63466.83000000,414.77155000
2026-06-08T19:00:00+00:00,63466.83000000,63596.00000000,63356.00000000,63372.01000000,379.67287000
2026-06-08T20:00:00+00:00,63372.01000000,63485.49000000,63160.31000000,63485.49000000,793.95609000
2026-06-08T21:00:00+00:00,63485.49000000,63850.00000000,63483.41000000,63728.96000000,413.19539000
2026-06-08T22:00:00+00:00,63728.96000000,63728.96000000,63210.00000000,63440.01000000,571.04903000
2026-06-08T23:00:00+00:00,63440.00000000,63594.00000000,62978.66000000,63085.99000000,533.11634000
2026-06-09T00:00:00+00:00,63086.00000000,63184.00000000,62423.07000000,62562.00000000,1868.43384000
2026-06-09T01:00:00+00:00,62562.00000000,62879.10000000,62546.62000000,62764.01000000,752.22836000
2026-06-09T02:00:00+00:00,62764.00000000,62874.00000000,62544.11000000,62868.00000000,357.79841000
2026-06-09T03:00:00+00:00,62867.99000000,62979.94000000,62702.00000000,62875.17000000,780.82683000
2026-06-09T04:00:00+00:00,62875.18000000,63424.00000000,62748.00000000,63242.36000000,1115.32376000
2026-06-09T05:00:00+00:00,63242.36000000,63526.01000000,63120.24000000,63338.68000000,946.88593000
2026-06-09T06:00:00+00:00,63338.69000000,63506.00000000,63230.00000000,63300.00000000,975.96129000
2026-06-09T07:00:00+00:00,63300.00000000,63443.60000000,63012.00000000,63198.44000000,669.83742000
2026-06-09T08:00:00+00:00,63198.44000000,63208.86000000,62769.52000000,62849.75000000,844.01531000
2026-06-09T09:00:00+00:00,62849.75000000,62944.43000000,62590.00000000,62715.37000000,709.25840000
2026-06-09T10:00:00+00:00,62715.37000000,62835.37000000,62596.00000000,62786.01000000,503.06926000
2026-06-09T11:00:00+00:00,62786.00000000,62818.00000000,62498.75000000,62711.12000000,472.29218000
2026-06-09T12:00:00+00:00,62711.12000000,62895.18000000,62421.24000000,62645.15000000,693.60370000
2026-06-09T13:00:00+00:00,62645.14000000,62738.00000000,62140.00000000,62273.61000000,1172.01624000
2026-06-09T14:00:00+00:00,62273.62000000,62395.01000000,61148.07000000,61541.95000000,2741.42922000
2026-06-09T15:00:00+00:00,61541.95000000,61706.86000000,61037.00000000,61131.84000000,1576.39840000
2026-06-09T16:00:00+00:00,61131.85000000,61484.67000000,60780.00000000,61390.51000000,2117.17514000
2026-06-09T17:00:00+00:00,61390.51000000,61889.00000000,61390.51000000,61692.01000000,925.52892000
2026-06-09T18:00:00+00:00,61692.01000000,61964.00000000,61602.00000000,61792.01000000,528.51144000
2026-06-09T19:00:00+00:00,61792.00000000,62103.39000000,61722.00000000,62098.09000000,436.30940000
2026-06-09T20:00:00+00:00,62098.09000000,62272.00000000,61954.39000000,62160.00000000,406.81988000
2026-06-09T21:00:00+00:00,62159.99000000,62176.86000000,61698.00000000,61761.20000000,425.20913000
2026-06-09T22:00:00+00:00,61761.21000000,61976.00000000,61666.66000000,61717.50000000,276.69194000
2026-06-09T23:00:00+00:00,61717.50000000,61878.00000000,61556.00000000,61730.00000000,340.59519000
2026-06-10T00:00:00+00:00,61730.00000000,61930.00000000,61440.00000000,61923.16000000,538.26750000
2026-06-10T01:00:00+00:00,61923.16000000,61974.70000000,61590.00000000,61714.00000000,336.41204000
2026-06-10T02:00:00+00:00,61714.00000000,61837.67000000,61235.29000000,61302.36000000,512.06602000
2026-06-10T03:00:00+00:00,61302.37000000,61594.00000000,61286.00000000,61549.64000000,334.76343000
2026-06-10T04:00:00+00:00,61549.64000000,61560.00000000,61182.65000000,61295.99000000,306.03442000
2026-06-10T05:00:00+00:00,61296.00000000,61400.01000000,61080.00000000,61361.17000000,464.90737000
2026-06-10T06:00:00+00:00,61361.17000000,61521.99000000,61145.50000000,61472.89000000,511.66925000
2026-06-10T07:00:00+00:00,61472.89000000,61813.34000000,61440.00000000,61687.56000000,937.80783000
2026-06-10T08:00:00+00:00,61687.56000000,61736.00000000,61168.00000000,61261.55000000,739.92297000
2026-06-10T09:00:00+00:00,61261.56000000,61421.46000000,60755.00000000,61334.94000000,906.84186000
2026-06-10T10:00:00+00:00,61334.95000000,61456.00000000,61151.40000000,61386.09000000,340.43647000
2026-06-10T11:00:00+00:00,61386.09000000,61430.00000000,60867.19000000,61034.04000000,826.04256000
2026-06-10T12:00:00+00:00,61034.04000000,61950.00000000,60960.00000000,61564.01000000,1340.16125000
2026-06-10T13:00:00+00:00,61564.00000000,62446.00000000,61444.87000000,62146.42000000,1199.64944000
2026-06-10T14:00:00+00:00,62146.43000000,62258.01000000,61814.79000000,62195.99000000,902.47236000
2026-06-10T15:00:00+00:00,62195.99000000,62857.99000000,61852.00000000,62639.23000000,1341.51604000
2026-06-10T16:00:00+00:00,62639.23000000,62646.00000000,61930.00000000,62219.33000000,748.11357000
2026-06-10T17:00:00+00:00,62219.33000000,62360.00000000,61654.54000000,61969.99000000,885.28682000
2026-06-10T18:00:00+00:00,61969.99000000,62162.90000000,61588.80000000,61882.00000000,641.17730000
2026-06-10T19:00:00+00:00,61881.99000000,62062.98000000,61673.79000000,61942.44000000,400.79146000
2026-06-10T20:00:00+00:00,61942.45000000,61949.21000000,61688.00000000,61805.51000000,307.34434000
2026-06-10T21:00:00+00:00,61805.50000000,61805.51000000,61179.19000000,61356.18000000,571.34637000
2026-06-10T22:00:00+00:00,61356.18000000,61574.00000000,61104.24000000,61381.46000000,578.03926000
2026-06-10T23:00:00+00:00,61381.46000000,61604.00000000,61166.00000000,61510.99000000,327.64659000
2026-06-11T00:00:00+00:00,61510.99000000,61974.70000000,61510.99000000,61812.00000000,597.44488000
2026-06-11T01:00:00+00:00,61812.00000000,62378.00000000,61812.00000000,62206.01000000,839.43174000
2026-06-11T02:00:00+00:00,62206.01000000,62304.00000000,61944.19000000,62148.00000000,429.18601000
2026-06-11T03:00:00+00:00,62148.01000000,62848.00000000,62012.00000000,62689.48000000,986.08995000
2026-06-11T04:00:00+00:00,62689.47000000,62854.00000000,62546.34000000,62726.86000000,589.32674000
2026-06-11T05:00:00+00:00,62726.85000000,62726.86000000,62556.84000000,62610.00000000,295.46093000
2026-06-11T06:00:00+00:00,62610.00000000,62997.53000000,62544.89000000,62772.00000000,1198.75098000
2026-06-11T07:00:00+00:00,62772.01000000,62842.92000000,62612.01000000,62719.39000000,399.47563000
2026-06-11T08:00:00+00:00,62719.39000000,63050.00000000,62719.38000000,62957.99000000,546.92925000
2026-06-11T09:00:00+00:00,62958.00000000,62989.97000000,62790.00000000,62927.49000000,401.22464000
2026-06-11T10:00:00+00:00,62927.49000000,63214.97000000,62789.62000000,63148.00000000,666.36315000
2026-06-11T11:00:00+00:00,63148.00000000,63257.21000000,63040.01000000,63108.00000000,563.58106000
2026-06-11T12:00:00+00:00,63108.01000000,63190.00000000,62500.00000000,63010.01000000,1835.01045000
2026-06-11T13:00:00+00:00,63010.00000000,63239.43000000,62677.84000000,63077.57000000,1087.23984000
2026-06-11T14:00:00+00:00,63077.71000000,63100.00000000,62732.60000000,62734.02000000,782.87001000
2026-06-11T15:00:00+00:00,62734.02000000,62887.88000000,62518.10000000,62749.44000000,633.18968000
2026-06-11T16:00:00+00:00,62749.44000000,62842.00000000,62548.79000000,62582.45000000,564.46406000
2026-06-11T17:00:00+00:00,62582.45000000,63655.83000000,62348.00000000,63644.19000000,1821.97042000
2026-06-11T18:00:00+00:00,63644.18000000,63788.00000000,63324.35000000,63461.12000000,793.20489000
2026-06-11T19:00:00+00:00,63461.12000000,63933.02000000,63390.00000000,63605.68000000,946.18552000
2026-06-11T20:00:00+00:00,63605.69000000,63663.40000000,63270.00000000,63393.67000000,556.54606000
2026-06-11T21:00:00+00:00,63393.67000000,63599.99000000,63393.66000000,63519.99000000,269.29173000
2026-06-11T22:00:00+00:00,63519.99000000,63670.00000000,63462.00000000,63500.01000000,226.24918000
2026-06-11T23:00:00+00:00,63500.00000000,63700.00000000,63362.00000000,63625.99000000,351.45962000
2026-06-12T00:00:00+00:00,63626.00000000,63810.01000000,63520.86000000,63648.80000000,1229.60050000
2026-06-12T01:00:00+00:00,63648.80000000,63648.80000000,63301.53000000,63426.20000000,745.50942000
2026-06-12T02:00:00+00:00,63426.21000000,63779.11000000,63426.20000000,63624.07000000,398.45121000
2026-06-12T03:00:00+00:00,63624.07000000,63649.99000000,63357.70000000,63524.82000000,280.54894000
2026-06-12T04:00:00+00:00,63524.81000000,63863.98000000,63426.48000000,63700.00000000,742.01132000
2026-06-12T05:00:00+00:00,63700.00000000,63721.31000000,63310.00000000,63358.20000000,603.70673000
2026-06-12T06:00:00+00:00,63358.20000000,63411.50000000,62829.81000000,62980.45000000,1027.41759000
2026-06-12T07:00:00+00:00,62980.46000000,63211.74000000,62956.00000000,63100.80000000,852.55681000
2026-06-12T08:00:00+00:00,63100.80000000,63615.84000000,63100.80000000,63470.81000000,600.81984000
2026-06-12T09:00:00+00:00,63470.81000000,63953.84000000,63438.00000000,63752.93000000,524.52211000
2026-06-12T10:00:00+00:00,63752.93000000,63852.00000000,63588.34000000,63702.01000000,872.53513000
2026-06-12T11:00:00+00:00,63702.01000000,63884.49000000,63684.44000000,63766.01000000,380.80932000
2026-06-12T12:00:00+00:00,63766.01000000,63775.00000000,63378.00000000,63465.51000000,515.59574000
2026-06-12T13:00:00+00:00,63465.52000000,63532.59000000,63045.29000000,63229.10000000,851.49099000
2026-06-12T14:00:00+00:00,63229.10000000,64000.00000000,63190.00000000,63999.99000000,1065.08825000
2026-06-12T15:00:00+00:00,63999.99000000,64394.44000000,63551.90000000,63593.02000000,1669.96199000
2026-06-12T16:00:00+00:00,63593.02000000,63996.00000000,63510.16000000,63982.48000000,776.01025000
2026-06-12T17:00:00+00:00,63982.48000000,64111.10000000,63745.99000000,63865.44000000,456.29271000
2026-06-12T18:00:00+00:00,63865.45000000,63934.34000000,63686.00000000,63694.00000000,561.84193000
2026-06-12T19:00:00+00:00,63694.01000000,63830.93000000,63589.27000000,63589.27000000,462.65176000
2026-06-12T20:00:00+00:00,63589.28000000,63696.41000000,63400.00000000,63449.00000000,328.72463000
2026-06-12T21:00:00+00:00,63449.01000000,63624.62000000,63440.01000000,63472.00000000,330.50626000
2026-06-12T22:00:00+00:00,63471.99000000,63658.00000000,63471.99000000,63502.00000000,711.15075000
2026-06-12T23:00:00+00:00,63502.00000000,63580.01000000,63426.83000000,63580.01000000,409.24822000
2026-06-13T00:00:00+00:00,63580.00000000,63652.11000000,63507.39000000,63600.01000000,578.94188000
2026-06-13T01:00:00+00:00,63600.01000000,63840.00000000,63600.01000000,63837.89000000,509.63359000
2026-06-13T02:00:00+00:00,63837.88000000,63837.89000000,63558.00000000,63646.01000000,450.79285000
2026-06-13T03:00:00+00:00,63646.01000000,63720.88000000,63418.66000000,63532.00000000,268.55023000
2026-06-13T04:00:00+00:00,63532.00000000,63663.91000000,63484.00000000,63512.01000000,144.15296000
2026-06-13T05:00:00+00:00,63512.01000000,63596.00000000,63493.16000000,63584.03000000,658.62782000
2026-06-13T06:00:00+00:00,63584.03000000,63740.00000000,63550.51000000,63735.74000000,299.54013000
2026-06-13T07:00:00+00:00,63736.00000000,63883.47000000,63674.98000000,63846.00000000,436.97737000
2026-06-13T08:00:00+00:00,63845.99000000,63910.00000000,63766.18000000,63806.00000000,227.43934000
2026-06-13T09:00:00+00:00,63806.00000000,63867.65000000,63742.57000000,63743.12000000,301.95833000
2026-06-13T10:00:00+00:00,63743.13000000,63908.48000000,63726.57000000,63843.01000000,188.76787000
2026-06-13T11:00:00+00:00,63843.01000000,63984.53000000,63843.01000000,63971.28000000,479.05156000
2026-06-13T12:00:00+00:00,63971.28000000,64214.00000000,63921.33000000,64133.12000000,878.04841000
2026-06-13T13:00:00+00:00,64133.12000000,64245.88000000,64060.00000000,64102.69000000,499.73169000
2026-06-13T14:00:00+00:00,64102.61000000,64233.73000000,64090.09000000,64220.97000000,206.46033000
2026-06-13T15:00:00+00:00,64220.96000000,64350.00000000,64186.97000000,64296.15000000,584.92205000
2026-06-13T16:00:00+00:00,64296.15000000,64307.52000000,63920.05000000,64029.17000000,720.74810000
2026-06-13T17:00:00+00:00,64029.17000000,64120.00000000,63944.00000000,63971.19000000,301.75645000
2026-06-13T18:00:00+00:00,63971.20000000,64282.19000000,63971.19000000,64161.46000000,278.72154000
2026-06-13T19:00:00+00:00,64161.46000000,64333.62000000,64152.00000000,64296.59000000,308.71810000
2026-06-13T20:00:00+00:00,64296.59000000,64296.60000000,64226.83000000,64278.31000000,179.31890000
2026-06-13T21:00:00+00:00,64278.31000000,64762.77000000,64226.38000000,64471.04000000,552.39519000
2026-06-13T22:00:00+00:00,64471.04000000,64556.00000000,64383.61000000,64456.47000000,316.27120000
2026-06-13T23:00:00+00:00,64456.46000000,64596.99000000,64382.42000000,64458.01000000,589.21574000
2026-06-14T00:00:00+00:00,64458.01000000,64579.03000000,64380.70000000,64565.00000000,595.05205000
2026-06-14T01:00:00+00:00,64565.01000000,64710.00000000,64507.25000000,64563.00000000,821.19702000
2026-06-14T02:00:00+00:00,64563.00000000,64636.00000000,64476.01000000,64490.01000000,260.23317000
2026-06-14T03:00:00+00:00,64490.01000000,64545.40000000,64466.00000000,64545.30000000,155.67419000
2026-06-14T04:00:00+00:00,64545.30000000,64563.48000000,64325.61000000,64339.07000000,253.74802000
2026-06-14T05:00:00+00:00,64339.07000000,64411.20000000,64293.41000000,64338.00000000,429.46847000
2026-06-14T06:00:00+00:00,64338.00000000,64487.80000000,64232.12000000,64286.10000000,839.75348000
2026-06-14T07:00:00+00:00,64286.10000000,64445.95000000,64214.00000000,64429.39000000,256.82492000
2026-06-14T08:00:00+00:00,64429.39000000,64513.82000000,64392.00000000,64456.33000000,192.66954000
2026-06-14T09:00:00+00:00,64456.33000000,64617.99000000,64321.18000000,64616.00000000,237.38130000
2026-06-14T10:00:00+00:00,64616.00000000,64664.00000000,64498.01000000,64521.13000000,184.13016000
2026-06-14T11:00:00+00:00,64521.13000000,64641.90000000,64460.00000000,64546.00000000,228.11339000
2026-06-14T12:00:00+00:00,64546.01000000,64560.66000000,64295.06000000,64327.53000000,334.09454000
2026-06-14T13:00:00+00:00,64327.54000000,64398.14000000,64244.00000000,64317.99000000,308.61157000
2026-06-14T14:00:00+00:00,64318.00000000,64341.43000000,63866.66000000,63983.55000000,781.47067000
2026-06-14T15:00:00+00:00,63983.56000000,64153.75000000,63980.35000000,64025.07000000,366.74561000
2026-06-14T16:00:00+00:00,64025.06000000,64208.92000000,63936.00000000,63942.63000000,256.58722000
2026-06-14T17:00:00+00:00,63942.63000000,64019.38000000,63694.11000000,63732.64000000,617.57994000
2026-06-14T18:00:00+00:00,63732.65000000,63813.30000000,63678.83000000,63813.30000000,258.88821000
2026-06-14T19:00:00+00:00,63813.30000000,63861.86000000,63734.71000000,63802.00000000,107.59400000
2026-06-14T20:00:00+00:00,63801.99000000,64092.40000000,63794.09000000,64008.64000000,243.20360000
2026-06-14T21:00:00+00:00,64008.64000000,65666.00000000,64007.24000000,65311.59000000,2955.01268000
2026-06-14T22:00:00+00:00,65311.59000000,65580.00000000,64946.12000000,65426.78000000,1554.15469000
2026-06-14T23:00:00+00:00,65426.78000000,65800.00000000,65256.21000000,65746.45000000,964.84531000
2026-06-15T00:00:00+00:00,65746.45000000,65923.00000000,65480.69000000,65625.99000000,1043.52596000
2026-06-15T01:00:00+00:00,65626.00000000,65734.87000000,65354.00000000,65525.00000000,855.38843000
2026-06-15T02:00:00+00:00,65525.01000000,65775.15000000,65415.02000000,65472.01000000,587.73145000
2026-06-15T03:00:00+00:00,65472.01000000,65995.00000000,65422.83000000,65927.10000000,767.65798000
2026-06-15T04:00:00+00:00,65927.11000000,65927.11000000,65633.28000000,65644.01000000,564.25779000
2026-06-15T05:00:00+00:00,65644.00000000,65872.00000000,65611.01000000,65858.01000000,477.26671000
2026-06-15T06:00:00+00:00,65858.00000000,65967.27000000,65775.45000000,65812.01000000,365.24859000
2026-06-15T07:00:00+00:00,65812.01000000,66000.00000000,65628.45000000,65674.76000000,574.31747000
2026-06-15T08:00:00+00:00,65674.76000000,65800.00000000,65620.00000000,65662.01000000,363.00480000
2026-06-15T09:00:00+00:00,65662.00000000,65779.50000000,65512.00000000,65596.86000000,344.30264000
2026-06-15T10:00:00+00:00,65596.86000000,65973.15000000,65584.37000000,65917.37000000,544.78922000
2026-06-15T11:00:00+00:00,65917.37000000,66385.12000000,65832.78000000,66233.90000000,1293.72734000
2026-06-15T12:00:00+00:00,66233.89000000,66600.91000000,66106.00000000,66563.49000000,987.26981000
2026-06-15T13:00:00+00:00,66563.48000000,66949.22000000,66412.00000000,66447.05000000,1919.26303000
2026-06-15T14:00:00+00:00,66447.06000000,66675.83000000,66251.58000000,66591.55000000,940.84640000
2026-06-15T15:00:00+00:00,66591.54000000,67292.15000000,66580.42000000,67292.14000000,1466.95790000
2026-06-15T16:00:00+00:00,67292.15000000,67292.15000000,67088.83000000,67157.99000000,1096.95936000
2026-06-15T17:00:00+00:00,67158.00000000,67158.00000000,66585.26000000,66851.79000000,1340.24388000
2026-06-15T18:00:00+00:00,66851.80000000,66933.86000000,66715.61000000,66766.12000000,590.69175000
2026-06-15T19:00:00+00:00,66766.13000000,66889.85000000,66348.00000000,66614.35000000,780.39583000
2026-06-15T20:00:00+00:00,66615.98000000,66681.30000000,66489.86000000,66519.98000000,339.47285000
2026-06-15T21:00:00+00:00,66519.99000000,66567.38000000,66314.34000000,66368.15000000,347.81382000
2026-06-15T22:00:00+00:00,66368.15000000,66476.64000000,66076.56000000,66206.34000000,520.15584000
2026-06-15T23:00:00+00:00,66206.34000000,66368.00000000,66116.59000000,66328.74000000,448.51217000
2026-06-16T00:00:00+00:00,66328.74000000,66463.26000000,66242.00000000,66250.00000000,457.62239000
2026-06-16T01:00:00+00:00,66250.00000000,66418.01000000,66248.93000000,66346.52000000,456.63949000
2026-06-16T02:00:00+00:00,66346.51000000,66367.69000000,65678.14000000,65741.99000000,964.73227000
2026-06-16T03:00:00+00:00,65742.00000000,66166.61000000,65650.00000000,66165.21000000,802.10485000
2026-06-16T04:00:00+00:00,66165.21000000,66301.83000000,65802.00000000,65840.09000000,694.50218000
2026-06-16T05:00:00+00:00,65840.10000000,66150.22000000,65840.09000000,66045.00000000,739.41945000
2026-06-16T06:00:00+00:00,66044.99000000,66572.99000000,66044.99000000,66446.00000000,556.56171000
2026-06-16T07:00:00+00:00,66446.01000000,66527.23000000,66300.10000000,66372.00000000,385.79165000
2026-06-16T08:00:00+00:00,66372.00000000,66992.00000000,66345.06000000,66899.61000000,688.96018000
2026-06-16T09:00:00+00:00,66899.61000000,66923.99000000,66474.74000000,66510.00000000,600.75927000
2026-06-16T10:00:00+00:00,66510.01000000,66778.00000000,66486.38000000,66514.00000000,387.22813000
2026-06-16T11:00:00+00:00,66514.01000000,66643.23000000,66368.36000000,66481.73000000,467.23900000
2026-06-16T12:00:00+00:00,66481.73000000,66818.00000000,66368.00000000,66429.83000000,562.31913000
2026-06-16T13:00:00+00:00,66429.84000000,66463.13000000,65928.16000000,66052.00000000,1347.85119000
2026-06-16T14:00:00+00:00,66052.01000000,66265.80000000,65360.92000000,65654.90000000,1491.76291000
2026-06-16T15:00:00+00:00,65654.90000000,65999.78000000,65614.30000000,65859.76000000,788.81576000
2026-06-16T16:00:00+00:00,65859.76000000,65953.97000000,65706.00000000,65758.07000000,338.72091000
2026-06-16T17:00:00+00:00,65758.07000000,66011.47000000,65710.34000000,65978.79000000,383.38742000
2026-06-16T18:00:00+00:00,65978.78000000,66248.69000000,65802.00000000,65847.99000000,522.72648000
2026-06-16T19:00:00+00:00,65848.00000000,65848.00000000,65560.00000000,65675.88000000,617.37667000
2026-06-16T20:00:00+00:00,65675.89000000,65865.92000000,65592.00000000,65854.00000000,261.11445000
2026-06-16T21:00:00+00:00,65854.00000000,65938.00000000,65654.90000000,65776.97000000,351.42219000
2026-06-16T22:00:00+00:00,65776.97000000,65882.00000000,65680.00000000,65780.00000000,228.62751000
2026-06-16T23:00:00+00:00,65780.01000000,65834.19000000,65626.90000000,65675.01000000,206.37282000
2026-06-17T00:00:00+00:00,65675.02000000,65848.00000000,65675.02000000,65700.00000000,332.30374000
2026-06-17T01:00:00+00:00,65700.00000000,65956.56000000,65477.50000000,65940.00000000,549.42502000
2026-06-17T02:00:00+00:00,65940.00000000,66200.00000000,65788.00000000,65904.00000000,974.93815000
2026-06-17T03:00:00+00:00,65903.99000000,65904.00000000,65703.45000000,65851.99000000,563.57309000
2026-06-17T04:00:00+00:00,65852.00000000,66048.19000000,65788.31000000,65892.00000000,473.33682000
2026-06-17T05:00:00+00:00,65892.01000000,65978.00000000,65746.51000000,65836.30000000,536.04504000
2026-06-17T06:00:00+00:00,65836.30000000,65896.45000000,65582.63000000,65624.00000000,378.80773000
2026-06-17T07:00:00+00:00,65624.01000000,65710.00000000,65251.00000000,65539.50000000,697.28548000
2026-06-17T08:00:00+00:00,65539.51000000,65574.00000000,64833.07000000,64926.02000000,992.25057000
2026-06-17T09:00:00+00:00,64926.02000000,65076.76000000,64842.01000000,64909.44000000,859.97592000
2026-06-17T10:00:00+00:00,64909.44000000,64993.97000000,64768.00000000,64798.00000000,597.73840000
2026-06-17T11:00:00+00:00,64798.00000000,64868.21000000,64565.00000000,64810.01000000,641.24645000
2026-06-17T12:00:00+00:00,64810.01000000,65108.00000000,64590.53000000,65040.88000000,557.73466000
2026-06-17T13:00:00+00:00,65040.88000000,65369.53000000,64850.00000000,65278.00000000,961.56723000
2026-06-17T14:00:00+00:00,65278.00000000,65461.38000000,64772.72000000,65101.45000000,799.61288000
2026-06-17T15:00:00+00:00,65101.45000000,65855.66000000,64987.74000000,65752.00000000,1172.17515000
2026-06-17T16:00:00+00:00,65751.99000000,66445.93000000,65722.00000000,65864.12000000,1421.90632000
2026-06-17T17:00:00+00:00,65864.13000000,66191.98000000,65800.00000000,66104.08000000,377.59846000
2026-06-17T18:00:00+00:00,66107.99000000,66107.99000000,64800.00000000,65516.00000000,2242.57142000
2026-06-17T19:00:00+00:00,65516.00000000,65666.00000000,63998.35000000,64301.85000000,2173.56430000
2026-06-17T20:00:00+00:00,64301.85000000,64488.96000000,64181.33000000,64434.36000000,504.85432000
2026-06-17T21:00:00+00:00,64434.36000000,64452.00000000,64142.00000000,64257.77000000,458.08471000
2026-06-17T22:00:00+00:00,64257.77000000,64434.84000000,63915.77000000,64300.01000000,492.23769000
2026-06-17T23:00:00+00:00,64300.01000000,64529.20000000,64248.00000000,64509.40000000,289.82054000
2026-06-18T00:00:00+00:00,64509.40000000,64702.00000000,64457.67000000,64468.01000000,396.79150000
2026-06-18T01:00:00+00:00,64468.01000000,64806.00000000,64466.30000000,64548.74000000,382.95414000
2026-06-18T02:00:00+00:00,64548.75000000,64776.66000000,64488.00000000,64689.50000000,323.93999000
2026-06-18T03:00:00+00:00,64689.50000000,64689.50000000,64267.86000000,64282.82000000,548.57792000
2026-06-18T04:00:00+00:00,64282.82000000,64347.09000000,63826.93000000,63883.41000000,831.20199000
2026-06-18T05:00:00+00:00,63883.26000000,64020.00000000,63696.29000000,63994.00000000,597.91477000
2026-06-18T06:00:00+00:00,63994.00000000,64134.33000000,63850.00000000,64083.41000000,767.55142000
2026-06-18T07:00:00+00:00,64084.00000000,64510.50000000,64015.42000000,64510.44000000,524.85633000
2026-06-18T08:00:00+00:00,64510.45000000,64646.75000000,64378.25000000,64399.92000000,714.20438000
2026-06-18T09:00:00+00:00,64399.93000000,64478.00000000,64196.14000000,64199.53000000,300.31875000
2026-06-18T10:00:00+00:00,64199.53000000,64223.79000000,63910.00000000,64078.61000000,445.57306000
2026-06-18T11:00:00+00:00,64078.61000000,64196.00000000,63878.14000000,63974.40000000,378.00473000
2026-06-18T12:00:00+00:00,63974.40000000,64402.01000000,63922.00000000,64378.07000000,417.60478000
2026-06-18T13:00:00+00:00,64378.06000000,64445.19000000,63800.00000000,63984.00000000,984.80789000
2026-06-18T14:00:00+00:00,63983.99000000,64203.66000000,63587.30000000,63816.61000000,998.41474000
2026-06-18T15:00:00+00:00,63816.61000000,63825.99000000,62293.76000000,62369.44000000,2793.66043000
2026-06-18T16:00:00+00:00,62369.43000000,62814.00000000,62349.42000000,62688.00000000,1271.71361000
2026-06-18T17:00:00+00:00,62688.00000000,62750.00000000,62272.07000000,62606.00000000,1003.68212000
2026-06-18T18:00:00+00:00,62606.00000000,62959.75000000,62580.01000000,62708.92000000,727.06223000
2026-06-18T19:00:00+00:00,62708.93000000,63008.33000000,62636.00000000,62950.79000000,577.63764000
2026-06-18T20:00:00+00:00,62950.79000000,63274.19000000,62950.79000000,63086.00000000,684.93429000
2026-06-18T21:00:00+00:00,63086.00000000,63121.81000000,62870.39000000,62971.32000000,466.34172000
2026-06-18T22:00:00+00:00,62971.32000000,62990.00000000,62742.00000000,62885.85000000,290.36064000
2026-06-18T23:00:00+00:00,62885.84000000,62985.12000000,62756.60000000,62958.01000000,507.48754000
2026-06-19T00:00:00+00:00,62958.01000000,63086.00000000,62840.00000000,63020.00000000,786.22825000
2026-06-19T01:00:00+00:00,63020.00000000,63100.00000000,62852.01000000,63021.86000000,542.43308000
2026-06-19T02:00:00+00:00,63021.86000000,63110.29000000,62893.71000000,63006.00000000,304.81800000
2026-06-19T03:00:00+00:00,63006.01000000,63029.64000000,62386.90000000,62773.51000000,835.44020000
2026-06-19T04:00:00+00:00,62773.52000000,62916.66000000,62409.55000000,62452.01000000,390.96231000
2026-06-19T05:00:00+00:00,62452.01000000,62744.92000000,62452.00000000,62739.20000000,361.83315000
2026-06-19T06:00:00+00:00,62739.20000000,62914.73000000,62728.00000000,62894.08000000,252.94439000
2026-06-19T07:00:00+00:00,62894.09000000,62917.32000000,62504.27000000,62629.99000000,636.21109000
2026-06-19T08:00:00+00:00,62630.00000000,62782.00000000,62533.33000000,62603.99000000,431.84041000
2026-06-19T09:00:00+00:00,62604.00000000,62654.00000000,62316.44000000,62390.00000000,921.67320000
2026-06-19T10:00:00+00:00,62390.01000000,62587.27000000,62383.76000000,62533.25000000,761.99981000
2026-06-19T11:00:00+00:00,62533.24000000,62684.00000000,62452.52000000,62626.00000000,1001.15104000
2026-06-19T12:00:00+00:00,62626.00000000,62872.99000000,62353.00000000,62830.01000000,630.52118000
2026-06-19T13:00:00+00:00,62830.01000000,63415.00000000,62666.00000000,63210.00000000,1078.35943000
2026-06-19T14:00:00+00:00,63210.00000000,63419.27000000,63010.00000000,63203.53000000,665.42698000
2026-06-19T15:00:00+00:00,63203.54000000,63283.86000000,63019.26000000,63214.01000000,527.20600000
2026-06-19T16:00:00+00:00,63214.01000000,63387.80000000,62918.98000000,62971.99000000,1021.41110000
2026-06-19T17:00:00+00:00,62972.00000000,63263.49000000,62866.99000000,63198.01000000,840.75861000
2026-06-19T18:00:00+00:00,63198.00000000,63201.95000000,62991.37000000,63110.01000000,341.96414000
2026-06-19T19:00:00+00:00,63110.01000000,63140.00000000,62942.00000000,63021.60000000,283.46164000
2026-06-19T20:00:00+00:00,63021.60000000,63274.00000000,62958.59000000,63250.01000000,217.92541000
2026-06-19T21:00:00+00:00,63250.01000000,63275.64000000,63060.00000000,63075.98000000,181.69443000
2026-06-19T22:00:00+00:00,63075.99000000,63369.48000000,63048.00000000,63315.28000000,541.93138000
2026-06-19T23:00:00+00:00,63315.29000000,63666.00000000,63276.00000000,63543.91000000,689.22877000
2026-06-20T00:00:00+00:00,63543.90000000,63777.00000000,63470.00000000,63530.01000000,640.14667000
2026-06-20T01:00:00+00:00,63530.01000000,63616.23000000,63404.00000000,63586.28000000,348.64849000
2026-06-20T02:00:00+00:00,63586.27000000,63586.27000000,63336.01000000,63340.57000000,358.87789000
2026-06-20T03:00:00+00:00,63340.58000000,63510.00000000,63320.14000000,63476.79000000,268.88477000
2026-06-20T04:00:00+00:00,63476.79000000,63613.59000000,63402.00000000,63583.53000000,228.62975000
2026-06-20T05:00:00+00:00,63583.53000000,63907.07000000,63543.46000000,63678.07000000,477.24749000
2026-06-20T06:00:00+00:00,63678.07000000,63761.99000000,63640.36000000,63744.61000000,191.88822000
2026-06-20T07:00:00+00:00,63744.61000000,63800.00000000,63594.37000000,63655.21000000,448.48290000
2026-06-20T08:00:00+00:00,63655.21000000,63664.39000000,63392.41000000,63417.97000000,547.04803000
2026-06-20T09:00:00+00:00,63417.98000000,63787.74000000,63417.98000000,63741.16000000,349.02093000
2026-06-20T10:00:00+00:00,63741.16000000,63777.50000000,63592.44000000,63674.70000000,270.16920000
2026-06-20T11:00:00+00:00,63674.71000000,63798.76000000,63620.74000000,63688.00000000,315.13807000
2026-06-20T12:00:00+00:00,63688.00000000,63785.76000000,63537.99000000,63655.09000000,292.10361000
2026-06-20T13:00:00+00:00,63655.10000000,63655.10000000,63278.00000000,63397.78000000,412.69589000
2026-06-20T14:00:00+00:00,63397.77000000,64150.00000000,63184.21000000,63949.90000000,1101.98952000
2026-06-20T15:00:00+00:00,63949.90000000,64388.00000000,63836.00000000,64160.04000000,916.57166000
2026-06-20T16:00:00+00:00,64160.04000000,64167.26000000,63902.58000000,64034.31000000,403.42996000
2026-06-20T17:00:00+00:00,64034.31000000,64041.07000000,63730.21000000,63834.70000000,482.18112000
2026-06-20T18:00:00+00:00,63834.70000000,63928.40000000,63788.00000000,63805.89000000,119.99479000
2026-06-20T19:00:00+00:00,63805.90000000,63968.00000000,63798.00000000,63936.00000000,173.41555000
2026-06-20T20:00:00+00:00,63935.99000000,63981.09000000,63853.31000000,63925.99000000,210.00109000
2026-06-20T21:00:00+00:00,63926.00000000,64092.91000000,63918.29000000,64012.40000000,272.00511000
2026-06-20T22:00:00+00:00,64012.39000000,64350.00000000,63978.12000000,64272.01000000,446.43904000
2026-06-20T23:00:00+00:00,64272.00000000,64336.91000000,64250.02000000,64298.01000000,247.09349000
2026-06-21T00:00:00+00:00,64298.01000000,64322.91000000,64237.31000000,64294.00000000,425.19081000
2026-06-21T01:00:00+00:00,64294.00000000,64323.68000000,64206.17000000,64248.00000000,486.06931000
2026-06-21T02:00:00+00:00,64248.00000000,64275.12000000,64216.05000000,64241.25000000,230.06330000
2026-06-21T03:00:00+00:00,64241.26000000,64472.99000000,64234.00000000,64426.00000000,409.22163000
2026-06-21T04:00:00+00:00,64426.00000000,64588.00000000,64269.45000000,64276.12000000,379.39058000
2026-06-21T05:00:00+00:00,64276.12000000,64365.43000000,64225.60000000,64256.55000000,166.55047000
2026-06-21T06:00:00+00:00,64256.56000000,64323.99000000,64200.00000000,64303.46000000,142.55901000
2026-06-21T07:00:00+00:00,64303.47000000,64303.47000000,64173.08000000,64191.07000000,302.97907000
2026-06-21T08:00:00+00:00,64191.06000000,64228.00000000,63900.17000000,64014.00000000,328.07237000
2026-06-21T09:00:00+00:00,64014.00000000,64246.00000000,63961.28000000,64209.16000000,221.03822000
2026-06-21T10:00:00+00:00,64209.16000000,64408.00000000,64204.00000000,64365.99000000,286.23088000
2026-06-21T11:00:00+00:00,64366.00000000,64483.95000000,64112.01000000,64176.00000000,438.27788000
2026-06-21T12:00:00+00:00,64176.00000000,64235.13000000,63952.00000000,64200.00000000,359.32606000
2026-06-21T13:00:00+00:00,64200.00000000,64200.00000000,64020.01000000,64146.00000000,161.65202000
2026-06-21T14:00:00+00:00,64146.00000000,64154.00000000,64004.00000000,64145.97000000,189.32902000
2026-06-21T15:00:00+00:00,64145.97000000,64355.88000000,64120.00000000,64224.00000000,390.79222000
2026-06-21T16:00:00+00:00,64224.00000000,64254.38000000,64046.00000000,64145.31000000,236.79134000
2026-06-21T17:00:00+00:00,64145.32000000,64221.44000000,64080.00000000,64151.46000000,205.04149000
2026-06-21T18:00:00+00:00,64151.47000000,64240.00000000,63933.47000000,64213.81000000,270.92869000
2026-06-21T19:00:00+00:00,64213.82000000,64298.84000000,64168.73000000,64207.12000000,189.28721000
2026-06-21T20:00:00+00:00,64207.13000000,64271.21000000,63700.00000000,63848.00000000,420.72845000
2026-06-21T21:00:00+00:00,63848.00000000,63969.59000000,63510.00000000,63808.01000000,752.88497000
2026-06-21T22:00:00+00:00,63808.00000000,63864.00000000,63575.04000000,63801.59000000,437.50041000
2026-06-21T23:00:00+00:00,63801.60000000,63801.60000000,63270.00000000,63311.99000000,604.75792000
2026-06-22T00:00:00+00:00,63312.00000000,64094.00000000,63312.00000000,63896.01000000,709.82748000
2026-06-22T01:00:00+00:00,63896.00000000,64823.52000000,63850.80000000,64606.00000000,1331.90666000
2026-06-22T02:00:00+00:00,64606.00000000,64663.99000000,64250.00000000,64257.99000000,370.38632000
2026-06-22T03:00:00+00:00,64258.00000000,64459.44000000,63894.98000000,63974.01000000,796.48727000
2026-06-22T04:00:00+00:00,63974.01000000,64116.44000000,63868.41000000,64100.02000000,327.45142000
2026-06-22T05:00:00+00:00,64100.01000000,64344.17000000,64088.64000000,64247.74000000,1091.63692000
2026-06-22T06:00:00+00:00,64247.74000000,64326.00000000,63946.00000000,63989.95000000,416.90070000
2026-06-22T07:00:00+00:00,63989.96000000,64397.57000000,63968.23000000,64211.19000000,352.41080000
2026-06-22T08:00:00+00:00,64211.20000000,64350.58000000,64044.00000000,64165.99000000,368.11506000
2026-06-22T09:00:00+00:00,64166.00000000,64256.20000000,64052.17000000,64145.39000000,200.06309000
2026-06-22T10:00:00+00:00,64145.40000000,64272.00000000,64065.18000000,64139.21000000,240.08620000
2026-06-22T11:00:00+00:00,64139.21000000,64768.46000000,64097.08000000,64657.22000000,1063.60877000
2026-06-22T12:00:00+00:00,64657.22000000,65222.45000000,64579.08000000,65149.57000000,1156.05989000
2026-06-22T13:00:00+00:00,65149.58000000,65589.76000000,64945.53000000,65578.00000000,1368.64481000
2026-06-22T14:00:00+00:00,65577.99000000,65622.83000000,64835.00000000,64980.39000000,1096.28772000
2026-06-22T15:00:00+00:00,64980.39000000,65146.00000000,64757.11000000,64836.95000000,593.12998000
2026-06-22T16:00:00+00:00,64836.95000000,64862.00000000,64519.00000000,64719.77000000,680.43904000
2026-06-22T17:00:00+00:00,64719.77000000,64769.98000000,64388.16000000,64602.00000000,523.74444000
2026-06-22T18:00:00+00:00,64602.00000000,64730.15000000,64311.00000000,64334.01000000,548.78709000
2026-06-22T19:00:00+00:00,64334.01000000,64499.28000000,64276.00000000,64472.00000000,579.92511000
2026-06-22T20:00:00+00:00,64472.51000000,64659.43000000,64356.95000000,64433.80000000,399.51938000
2026-06-22T21:00:00+00:00,64433.80000000,64480.00000000,64134.39000000,64320.57000000,263.43420000
2026-06-22T22:00:00+00:00,64320.57000000,64396.45000000,63804.59000000,63971.12000000,510.07647000
2026-06-22T23:00:00+00:00,63971.13000000,64053.33000000,63877.61000000,64020.01000000,434.17969000
2026-06-23T00:00:00+00:00,64020.01000000,64162.02000000,63828.93000000,64154.99000000,679.20038000
2026-06-23T01:00:00+00:00,64154.99000000,64273.09000000,63893.33000000,64156.00000000,540.18098000
2026-06-23T02:00:00+00:00,64156.00000000,64275.38000000,64042.01000000,64204.01000000,319.75420000
2026-06-23T03:00:00+00:00,64204.01000000,64204.01000000,63968.42000000,64065.35000000,236.76285000
2026-06-23T04:00:00+00:00,64065.34000000,64095.55000000,63612.62000000,63623.02000000,408.12990000
2026-06-23T05:00:00+00:00,63623.03000000,63728.00000000,63342.34000000,63400.00000000,850.99416000
2026-06-23T06:00:00+00:00,63400.00000000,63400.00000000,62568.90000000,62936.01000000,1620.65692000
2026-06-23T07:00:00+00:00,62936.01000000,63095.00000000,62872.00000000,62886.03000000,1074.96381000
2026-06-23T08:00:00+00:00,62886.04000000,62945.08000000,61938.00000000,62385.99000000,4988.90507000
2026-06-23T09:00:00+00:00,62386.00000000,62528.13000000,62350.44000000,62386.00000000,613.23414000
2026-06-23T10:00:00+00:00,62386.00000000,62586.00000000,62247.20000000,62328.01000000,387.47153000
2026-06-23T11:00:00+00:00,62328.01000000,62643.99000000,62328.00000000,62507.06000000,456.80185000
2026-06-23T12:00:00+00:00,62507.05000000,62558.00000000,62189.42000000,62256.60000000,873.94501000
2026-06-23T13:00:00+00:00,62256.61000000,62538.72000000,61960.00000000,62475.99000000,1294.09387000
2026-06-23T14:00:00+00:00,62476.00000000,62855.98000000,62406.25000000,62493.63000000,1302.27666000
2026-06-23T15:00:00+00:00,62493.63000000,62507.99000000,62198.00000000,62487.79000000,630.16435000
2026-06-23T16:00:00+00:00,62487.79000000,62846.00000000,62428.01000000,62558.00000000,728.22737000
2026-06-23T17:00:00+00:00,62558.00000000,62693.48000000,62327.95000000,62358.02000000,533.28034000
2026-06-23T18:00:00+00:00,62358.03000000,62445.21000000,62104.70000000,62241.99000000,492.79838000
2026-06-23T19:00:00+00:00,62242.00000000,62480.00000000,62230.00000000,62388.49000000,707.45732000
2026-06-23T20:00:00+00:00,62388.49000000,62531.27000000,62380.25000000,62470.70000000,373.02429000
2026-06-23T21:00:00+00:00,62470.70000000,62658.93000000,62470.70000000,62599.77000000,367.76027000
2026-06-23T22:00:00+00:00,62599.77000000,62779.82000000,62526.00000000,62590.00000000,430.92568000
2026-06-23T23:00:00+00:00,62590.00000000,62799.99000000,62480.39000000,62734.57000000,311.98359000
2026-06-24T00:00:00+00:00,62734.57000000,63024.40000000,62733.29000000,63014.00000000,799.18478000
2026-06-24T01:00:00+00:00,63014.00000000,63119.45000000,62772.15000000,62932.19000000,599.06927000
2026-06-24T02:00:00+00:00,62932.19000000,63013.12000000,62606.09000000,62630.00000000,593.50541000
2026-06-24T03:00:00+00:00,62630.01000000,62830.00000000,62461.87000000,62729.78000000,770.64134000
2026-06-24T04:00:00+00:00,62729.78000000,62799.62000000,62525.49000000,62744.42000000,650.06924000
2026-06-24T05:00:00+00:00,62744.41000000,63073.44000000,62706.00000000,62890.00000000,366.02730000
2026-06-24T06:00:00+00:00,62889.99000000,62909.98000000,62728.73000000,62780.00000000,219.51090000
2026-06-24T07:00:00+00:00,62780.01000000,62844.00000000,62610.11000000,62657.99000000,589.75592000
2026-06-24T08:00:00+00:00,62658.00000000,62807.46000000,62605.28000000,62800.00000000,475.30761000
2026-06-24T09:00:00+00:00,62800.00000000,62800.01000000,62637.08000000,62681.70000000,493.71643000
2026-06-24T10:00:00+00:00,62681.70000000,62681.70000000,62412.05000000,62445.99000000,530.71886000
2026-06-24T11:00:00+00:00,62445.99000000,63239.06000000,62318.88000000,62921.19000000,815.18681000
2026-06-24T12:00:00+00:00,62921.19000000,62973.20000000,62585.20000000,62618.31000000,517.25346000
2026-06-24T13:00:00+00:00,62618.31000000,62628.75000000,61255.74000000,61338.01000000,2775.24015000
2026-06-24T14:00:00+00:00,61338.00000000,61456.00000000,60888.00000000,61113.10000000,2839.40106000
2026-06-24T15:00:00+00:00,61113.10000000,61150.13000000,60249.82000000,60250.00000000,3237.99155000
2026-06-24T16:00:00+00:00,60250.00000000,60678.10000000,59622.00000000,59850.00000000,4274.39737000
2026-06-24T17:00:00+00:00,59850.00000000,60057.18000000,59102.70000000,59404.00000000,3790.18060000
2026-06-24T18:00:00+00:00,59404.00000000,59930.00000000,59310.85000000,59599.99000000,1583.51728000
2026-06-24T19:00:00+00:00,59600.00000000,60000.00000000,59530.00000000,59958.30000000,1195.52715000
2026-06-24T20:00:00+00:00,59958.30000000,61208.48000000,59854.00000000,60956.00000000,1821.39287000
2026-06-24T21:00:00+00:00,60956.00000000,61144.63000000,60665.75000000,61110.00000000,801.00882000
2026-06-24T22:00:00+00:00,61109.99000000,61276.00000000,60802.66000000,60873.99000000,523.65642000
2026-06-24T23:00:00+00:00,60874.00000000,61112.00000000,60830.01000000,61077.99000000,416.02483000
2026-06-25T00:00:00+00:00,61078.00000000,61163.16000000,60726.77000000,60832.00000000,766.62145000
2026-06-25T01:00:00+00:00,60832.00000000,60988.00000000,60720.23000000,60928.00000000,615.84376000
2026-06-25T02:00:00+00:00,60928.00000000,60966.00000000,60700.01000000,60799.08000000,580.03112000
2026-06-25T03:00:00+00:00,60799.08000000,60910.63000000,60684.94000000,60883.65000000,479.47033000
2026-06-25T04:00:00+00:00,60883.66000000,61410.00000000,60792.00000000,61357.63000000,536.03927000
2026-06-25T05:00:00+00:00,61357.63000000,61807.04000000,61280.00000000,61600.01000000,1223.40590000
2026-06-25T06:00:00+00:00,61600.02000000,61869.02000000,61600.01000000,61732.06000000,539.28770000
2026-06-25T07:00:00+00:00,61732.06000000,61962.40000000,61670.00000000,61911.04000000,937.71339000
2026-06-25T08:00:00+00:00,61911.03000000,61920.00000000,61684.87000000,61712.35000000,337.43778000
2026-06-25T09:00:00+00:00,61712.36000000,61792.00000000,61614.32000000,61739.29000000,327.48572000
2026-06-25T10:00:00+00:00,61739.29000000,61751.07000000,61257.79000000,61269.94000000,686.26895000
2026-06-25T11:00:00+00:00,61269.95000000,61422.52000000,61066.00000000,61282.01000000,605.95603000
2026-06-25T12:00:00+00:00,61282.00000000,61761.35000000,61080.00000000,61244.01000000,1124.99959000
2026-06-25T13:00:00+00:00,61244.01000000,61369.18000000,58115.01000000,58290.17000000,6396.00513000
2026-06-25T14:00:00+00:00,58291.70000000,60485.51000000,58291.70000000,59471.50000000,6002.27451000
2026-06-25T15:00:00+00:00,59471.49000000,59655.86000000,58874.85000000,59557.99000000,2456.01373000
2026-06-25T16:00:00+00:00,59557.99000000,60067.00000000,59157.63000000,59312.64000000,1765.10919000
2026-06-25T17:00:00+00:00,59312.64000000,59740.90000000,59139.96000000,59676.01000000,1062.87634000
2026-06-25T18:00:00+00:00,59676.00000000,59793.34000000,59364.00000000,59512.71000000,978.75101000
2026-06-25T19:00:00+00:00,59512.71000000,59516.00000000,59168.82000000,59320.00000000,917.28893000
2026-06-25T20:00:00+00:00,59319.99000000,59741.95000000,59319.99000000,59456.62000000,539.40098000
2026-06-25T21:00:00+00:00,59456.62000000,60273.81000000,59452.01000000,60211.87000000,617.22274000
2026-06-25T22:00:00+00:00,60211.86000000,60211.86000000,59740.00000000,59851.27000000,431.60976000
2026-06-25T23:00:00+00:00,59851.27000000,60191.55000000,59739.99000000,59794.00000000,458.89363000
2026-06-26T00:00:00+00:00,59794.64000000,59906.71000000,59642.77000000,59667.09000000,875.61527000
2026-06-26T01:00:00+00:00,59667.09000000,59789.07000000,59228.00000000,59431.50000000,833.71293000
2026-06-26T02:00:00+00:00,59431.49000000,59456.00000000,58358.77000000,58561.99000000,2633.68350000
2026-06-26T03:00:00+00:00,58562.00000000,60131.37000000,58337.00000000,60036.01000000,1886.07235000
2026-06-26T04:00:00+00:00,60036.00000000,60238.77000000,59836.17000000,59920.47000000,843.97840000
2026-06-26T05:00:00+00:00,59920.47000000,60047.68000000,59736.00000000,59953.30000000,883.13649000
2026-06-26T06:00:00+00:00,59953.30000000,60459.55000000,59702.00000000,60324.00000000,1504.97927000
2026-06-26T07:00:00+00:00,60324.00000000,60759.99000000,60283.08000000,60532.00000000,2153.07079000
2026-06-26T08:00:00+00:00,60532.00000000,60580.00000000,60150.56000000,60245.67000000,803.85464000
2026-06-26T09:00:00+00:00,60245.90000000,60259.37000000,59583.33000000,59736.01000000,832.22202000
2026-06-26T10:00:00+00:00,59736.01000000,59858.93000000,59239.78000000,59313.26000000,1050.97441000
2026-06-26T11:00:00+00:00,59313.26000000,59588.00000000,59259.78000000,59413.24000000,1048.33290000
2026-06-26T12:00:00+00:00,59413.24000000,60007.91000000,58969.90000000,59185.02000000,1710.35381000
2026-06-26T13:00:00+00:00,59185.02000000,60216.14000000,58500.10000000,60175.43000000,2730.33879000
2026-06-26T14:00:00+00:00,60175.42000000,60294.00000000,59390.00000000,59590.73000000,1745.27867000
2026-06-26T15:00:00+00:00,59590.73000000,60500.00000000,59584.01000000,60328.32000000,1582.87088000
2026-06-26T16:00:00+00:00,60328.18000000,60583.00000000,59970.00000000,60041.75000000,1128.46917000
2026-06-26T17:00:00+00:00,60041.76000000,60287.90000000,59952.00000000,60023.97000000,546.63522000
2026-06-26T18:00:00+00:00,60023.96000000,60158.00000000,59556.00000000,59668.01000000,504.21141000
2026-06-26T19:00:00+00:00,59668.01000000,60098.00000000,59617.37000000,59751.97000000,708.47753000
2026-06-26T20:00:00+00:00,59751.96000000,59994.00000000,59571.31000000,59718.00000000,454.05927000
2026-06-26T21:00:00+00:00,59717.99000000,60050.00000000,59678.00000000,59918.70000000,287.90036000
2026-06-26T22:00:00+00:00,59918.70000000,60080.00000000,59754.00000000,60048.00000000,335.92054000
2026-06-26T23:00:00+00:00,60048.00000000,60117.64000000,59923.27000000,60097.27000000,319.40861000
2026-06-27T00:00:00+00:00,60097.27000000,60197.00000000,59876.22000000,60059.07000000,360.77885000
2026-06-27T01:00:00+00:00,60059.09000000,60068.00000000,59936.07000000,59945.53000000,245.35114000
2026-06-27T02:00:00+00:00,59945.53000000,60378.23000000,59921.68000000,60290.01000000,695.38686000
2026-06-27T03:00:00+00:00,60290.01000000,60412.00000000,60159.91000000,60305.73000000,438.61125000
2026-06-27T04:00:00+00:00,60305.73000000,60482.00000000,60217.26000000,60239.99000000,303.30454000
2026-06-27T05:00:00+00:00,60240.00000000,60311.00000000,60136.00000000,60236.76000000,444.91930000
2026-06-27T06:00:00+00:00,60236.75000000,60500.00000000,60093.33000000,60370.62000000,581.81791000
2026-06-27T07:00:00+00:00,60370.63000000,60574.00000000,60300.00000000,60548.07000000,825.68653000
2026-06-27T08:00:00+00:00,60548.06000000,60548.74000000,60371.62000000,60456.00000000,470.55782000
2026-06-27T09:00:00+00:00,60456.00000000,60511.99000000,60289.55000000,60414.62000000,307.96541000
2026-06-27T10:00:00+00:00,60414.62000000,60487.31000000,60380.00000000,60420.28000000,137.85110000
2026-06-27T11:00:00+00:00,60420.28000000,60447.80000000,60198.94000000,60363.65000000,275.39332000
2026-06-27T12:00:00+00:00,60363.65000000,60430.01000000,60257.03000000,60430.00000000,349.04570000
2026-06-27T13:00:00+00:00,60430.00000000,60665.74000000,60394.00000000,60588.35000000,434.13389000
2026-06-27T14:00:00+00:00,60588.35000000,60728.00000000,60510.00000000,60611.50000000,306.64293000
2026-06-27T15:00:00+00:00,60611.49000000,60941.17000000,60570.00000000,60840.06000000,606.25294000
2026-06-27T16:00:00+00:00,60840.06000000,60855.03000000,60673.64000000,60807.99000000,239.69380000
2026-06-27T17:00:00+00:00,60808.00000000,60818.76000000,60413.15000000,60524.88000000,548.67896000
2026-06-27T18:00:00+00:00,60524.89000000,60576.03000000,60446.25000000,60570.86000000,229.00634000
2026-06-27T19:00:00+00:00,60570.86000000,60605.41000000,60085.88000000,60175.95000000,414.61342000
2026-06-27T20:00:00+00:00,60175.95000000,60306.00000000,60173.07000000,60300.00000000,220.12001000
2026-06-27T21:00:00+00:00,60300.00000000,60482.18000000,60142.00000000,60203.82000000,280.50282000
2026-06-27T22:00:00+00:00,60203.83000000,60256.56000000,59855.16000000,60228.95000000,377.17485000
2026-06-27T23:00:00+00:00,60228.96000000,60320.00000000,59952.00000000,60029.00000000,493.73947000
2026-06-28T00:00:00+00:00,60029.01000000,60190.00000000,60018.00000000,60146.00000000,462.24707000
2026-06-28T01:00:00+00:00,60146.00000000,60273.38000000,59986.00000000,60222.22000000,267.56528000
2026-06-28T02:00:00+00:00,60222.21000000,60339.99000000,60054.00000000,60150.45000000,403.64282000
2026-06-28T03:00:00+00:00,60150.46000000,60275.00000000,60150.45000000,60197.04000000,255.71231000
2026-06-28T04:00:00+00:00,60197.03000000,60231.83000000,60088.04000000,60133.00000000,191.50597000
2026-06-28T05:00:00+00:00,60133.01000000,60140.00000000,59753.48000000,59989.17000000,345.08439000
2026-06-28T06:00:00+00:00,59989.18000000,60030.00000000,59808.00000000,60002.82000000,217.95005000
2026-06-28T07:00:00+00:00,60002.82000000,60259.68000000,60000.00000000,60219.99000000,361.83587000
2026-06-28T08:00:00+00:00,60220.00000000,60545.01000000,60140.14000000,60370.00000000,491.60840000
2026-06-28T09:00:00+00:00,60370.01000000,60462.00000000,60250.81000000,60258.84000000,222.40620000
2026-06-28T10:00:00+00:00,60258.85000000,60292.48000000,60068.00000000,60166.71000000,181.18756000
2026-06-28T11:00:00+00:00,60166.71000000,60374.05000000,60100.00000000,60342.00000000,225.05378000
2026-06-28T12:00:00+00:00,60341.99000000,60457.02000000,60190.00000000,60293.51000000,212.93540000
2026-06-28T13:00:00+00:00,60293.50000000,60293.51000000,59963.86000000,60071.88000000,369.88204000
2026-06-28T14:00:00+00:00,60071.89000000,60250.00000000,60018.00000000,60033.00000000,318.13606000
2026-06-28T15:00:00+00:00,60033.01000000,60130.00000000,59817.28000000,59890.00000000,467.03244000
2026-06-28T16:00:00+00:00,59890.35000000,59943.90000000,59582.34000000,59690.62000000,567.70369000
2026-06-28T17:00:00+00:00,59690.62000000,59848.00000000,59403.77000000,59586.01000000,519.06441000
2026-06-28T18:00:00+00:00,59586.00000000,59700.00000000,59502.00000000,59614.46000000,272.01169000
2026-06-28T19:00:00+00:00,59614.46000000,59682.00000000,59270.26000000,59481.79000000,301.99561000
2026-06-28T20:00:00+00:00,59481.78000000,59765.90000000,59474.28000000,59660.00000000,227.14803000
2026-06-28T21:00:00+00:00,59660.00000000,59796.66000000,59333.33000000,59445.95000000,531.65984000
2026-06-28T22:00:00+00:00,59445.96000000,59906.00000000,58905.00000000,59067.01000000,983.67622000
2026-06-28T23:00:00+00:00,59067.00000000,59848.00000000,59011.99000000,59577.01000000,510.09283000
2026-06-29T00:00:00+00:00,59577.01000000,59700.00000000,59000.01000000,59667.01000000,549.31747000
2026-06-29T01:00:00+00:00,59667.00000000,59697.00000000,59206.00000000,59440.95000000,647.05387000
2026-06-29T02:00:00+00:00,59440.95000000,59812.00000000,58900.01000000,59757.46000000,1223.86338000
2026-06-29T03:00:00+00:00,59757.47000000,60233.00000000,59757.47000000,60049.46000000,780.88525000
2026-06-29T04:00:00+00:00,60049.45000000,60053.99000000,59746.00000000,59830.00000000,361.46912000
2026-06-29T05:00:00+00:00,59830.01000000,60102.80000000,59392.02000000,60102.80000000,496.75535000
2026-06-29T06:00:00+00:00,60102.80000000,60346.27000000,60050.67000000,60075.49000000,683.16036000
2026-06-29T07:00:00+00:00,60075.50000000,60186.94000000,59936.00000000,60026.00000000,536.94262000
2026-06-29T08:00:00+00:00,60026.01000000,60093.99000000,59745.46000000,59840.00000000,550.67382000
2026-06-29T09:00:00+00:00,59840.01000000,60104.00000000,59778.76000000,60057.00000000,747.08903000
2026-06-29T10:00:00+00:00,60057.00000000,60311.95000000,60056.99000000,60088.00000000,441.90219000
2026-06-29T11:00:00+00:00,60088.00000000,60216.00000000,59796.00000000,59956.05000000,515.67042000
2026-06-29T12:00:00+00:00,59956.05000000,60780.57000000,59595.09000000,59948.78000000,2600.10754000
2026-06-29T13:00:00+00:00,59948.79000000,60340.00000000,59319.90000000,59580.00000000,2144.25430000
2026-06-29T14:00:00+00:00,59580.00000000,59699.99000000,59011.00000000,59469.67000000,1999.07246000
2026-06-29T15:00:00+00:00,59469.45000000,59960.00000000,59097.58000000,59824.01000000,1368.05680000
2026-06-29T16:00:00+00:00,59824.01000000,60030.00000000,59584.48000000,59892.86000000,663.03532000
2026-06-29T17:00:00+00:00,59892.87000000,60683.84000000,59892.00000000,60413.99000000,1795.75633000
2026-06-29T18:00:00+00:00,60413.99000000,60520.00000000,60193.87000000,60295.00000000,525.48841000
2026-06-29T19:00:00+00:00,60295.00000000,60557.50000000,60153.35000000,60433.49000000,501.01522000
2026-06-29T20:00:00+00:00,60433.50000000,60553.06000000,60295.32000000,60296.00000000,312.86249000
2026-06-29T21:00:00+00:00,60296.01000000,60585.99000000,60261.89000000,60479.72000000,294.76243000
2026-06-29T22:00:00+00:00,60479.71000000,60516.00000000,60350.00000000,60352.31000000,211.76202000
2026-06-29T23:00:00+00:00,60352.31000000,60379.23000000,60194.01000000,60260.21000000,252.18558000
2026-06-30T00:00:00+00:00,60260.20000000,60276.54000000,59700.00000000,59838.01000000,709.83194000
2026-06-30T01:00:00+00:00,59838.01000000,60048.98000000,59771.00000000,59939.94000000,341.19535000
2026-06-30T02:00:00+00:00,59939.94000000,60042.54000000,59755.00000000,59948.24000000,424.27619000
2026-06-30T03:00:00+00:00,59948.24000000,60031.75000000,59600.00000000,59627.48000000,381.85931000
2026-06-30T04:00:00+00:00,59627.47000000,59700.00000000,59433.36000000,59492.01000000,774.84820000
2026-06-30T05:00:00+00:00,59492.01000000,59656.89000000,59360.00000000,59652.13000000,807.92024000
2026-06-30T06:00:00+00:00,59652.13000000,59712.88000000,59513.72000000,59592.00000000,708.76994000
2026-06-30T07:00:00+00:00,59592.00000000,59632.00000000,59444.00000000,59524.01000000,762.40668000
2026-06-30T08:00:00+00:00,59524.01000000,59551.03000000,59189.00000000,59311.92000000,879.64073000
2026-06-30T09:00:00+00:00,59311.26000000,59420.00000000,59252.00000000,59374.96000000,442.65865000
2026-06-30T10:00:00+00:00,59374.96000000,59420.00000000,59286.36000000,59334.01000000,300.40182000
2026-06-30T11:00:00+00:00,59334.01000000,59413.27000000,59123.01000000,59192.70000000,466.77156000
2026-06-30T12:00:00+00:00,59192.71000000,59192.71000000,58403.51000000,58412.00000000,2043.39825000
2026-06-30T13:00:00+00:00,58411.99000000,58802.66000000,58228.33000000,58737.18000000,2504.50868000
2026-06-30T14:00:00+00:00,58737.17000000,59276.60000000,58433.00000000,58482.81000000,1779.99006000
2026-06-30T15:00:00+00:00,58482.81000000,58796.00000000,58201.00000000,58381.99000000,1563.15031000
2026-06-30T16:00:00+00:00,58382.00000000,58632.00000000,58241.79000000,58497.65000000,1178.89718000
2026-06-30T17:00:00+00:00,58497.65000000,58618.65000000,58310.72000000,58417.99000000,632.53618000
2026-06-30T18:00:00+00:00,58417.99000000,58699.98000000,58351.56000000,58680.87000000,605.07781000
2026-06-30T19:00:00+00:00,58680.86000000,58839.16000000,58586.01000000,58818.05000000,678.64150000
2026-06-30T20:00:00+00:00,58818.00000000,58874.99000000,58648.26000000,58732.01000000,428.82351000
2026-06-30T21:00:00+00:00,58732.00000000,58770.00000000,58509.99000000,58639.99000000,398.14222000
2026-06-30T22:00:00+00:00,58639.99000000,58806.91000000,58513.80000000,58607.99000000,274.43078000
2026-06-30T23:00:00+00:00,58607.99000000,58664.00000000,58555.00000000,58624.71000000,551.65078000
2026-07-01T00:00:00+00:00,58624.71000000,58750.68000000,58310.00000000,58576.00000000,670.64661000
2026-07-01T01:00:00+00:00,58575.99000000,59022.81000000,57800.19000000,58770.57000000,2987.12539000
2026-07-01T02:00:00+00:00,58770.58000000,59171.63000000,58663.95000000,59085.00000000,692.74758000
2026-07-01T03:00:00+00:00,59085.00000000,59318.00000000,58850.00000000,59197.13000000,715.44075000
2026-07-01T04:00:00+00:00,59197.12000000,59457.00000000,59062.00000000,59339.99000000,480.11636000
2026-07-01T05:00:00+00:00,59339.99000000,59376.48000000,59126.42000000,59154.33000000,432.30487000
2026-07-01T06:00:00+00:00,59154.33000000,59156.00000000,58534.31000000,58755.80000000,794.13401000
2026-07-01T07:00:00+00:00,58755.80000000,58823.90000000,58600.00000000,58768.65000000,479.85852000
2026-07-01T08:00:00+00:00,58768.64000000,58984.00000000,58500.00000000,58973.99000000,381.93254000
2026-07-01T09:00:00+00:00,58973.99000000,59091.99000000,58825.61000000,58944.55000000,417.79405000
2026-07-01T10:00:00+00:00,58944.55000000,58948.47000000,58624.00000000,58659.98000000,405.70309000
2026-07-01T11:00:00+00:00,58659.97000000,58755.90000000,58550.00000000,58622.03000000,396.69177000
2026-07-01T12:00:00+00:00,58622.02000000,58676.00000000,58326.00000000,58538.01000000,1716.61119000
2026-07-01T13:00:00+00:00,58538.00000000,59508.00000000,58536.00000000,59498.03000000,2321.79547000
2026-07-01T14:00:00+00:00,59498.03000000,60092.00000000,59278.00000000,59542.00000000,3726.20910000
2026-07-01T15:00:00+00:00,59541.99000000,60536.55000000,59520.51000000,60147.15000000,2322.06211000
2026-07-01T16:00:00+00:00,60147.15000000,60267.17000000,59865.75000000,59920.00000000,862.80045000
2026-07-01T17:00:00+00:00,59920.00000000,60239.84000000,59787.35000000,60190.60000000,480.08928000
2026-07-01T18:00:00+00:00,60190.59000000,60298.00000000,60016.40000000,60171.16000000,343.31457000
2026-07-01T19:00:00+00:00,60171.16000000,60352.93000000,60000.00000000,60028.67000000,548.14825000
2026-07-01T20:00:00+00:00,60029.39000000,60198.00000000,59876.00000000,60126.00000000,313.10277000
2026-07-01T21:00:00+00:00,60126.00000000,60846.95000000,60124.89000000,60815.99000000,1153.57611000
2026-07-01T22:00:00+00:00,60815.99000000,61334.00000000,60339.00000000,60478.01000000,1877.61599000
2026-07-01T23:00:00+00:00,60478.00000000,60478.00000000,59984.86000000,60024.00000000,573.62579000
2026-07-02T00:00:00+00:00,60024.00000000,60028.00000000,59588.00000000,59761.73000000,857.93081000
2026-07-02T01:00:00+00:00,59761.74000000,60324.99000000,59715.80000000,60175.92000000,634.42084000
2026-07-02T02:00:00+00:00,60175.91000000,60495.24000000,60015.68000000,60423.10000000,520.93970000
2026-07-02T03:00:00+00:00,60423.11000000,61121.78000000,60300.02000000,61058.00000000,891.65369000
2026-07-02T04:00:00+00:00,61057.99000000,61058.00000000,60728.00000000,60787.98000000,793.20588000
2026-07-02T05:00:00+00:00,60787.98000000,60877.69000000,60488.00000000,60504.54000000,836.16486000
2026-07-02T06:00:00+00:00,60504.54000000,60652.74000000,60260.00000000,60274.01000000,838.53408000
2026-07-02T07:00:00+00:00,60274.01000000,60315.93000000,60104.00000000,60149.99000000,593.99067000
2026-07-02T08:00:00+00:00,60149.99000000,60555.06000000,60132.51000000,60511.99000000,573.38622000
2026-07-02T09:00:00+00:00,60512.00000000,61437.49000000,60376.13000000,61184.00000000,1895.63178000
2026-07-02T10:00:00+00:00,61184.00000000,61350.00000000,61051.07000000,61263.68000000,711.10860000
2026-07-02T11:00:00+00:00,61263.93000000,61388.00000000,61125.58000000,61358.01000000,823.29588000
2026-07-02T12:00:00+00:00,61358.00000000,61614.00000000,61147.23000000,61542.53000000,1476.64291000
2026-07-02T13:00:00+00:00,61542.53000000,62053.00000000,61506.00000000,61939.04000000,2503.04906000
2026-07-02T14:00:00+00:00,61939.04000000,62200.00000000,61394.49000000,61696.61000000,1834.43153000
2026-07-02T15:00:00+00:00,61696.61000000,61850.86000000,61427.39000000,61612.93000000,955.08900000
2026-07-02T16:00:00+00:00,61612.93000000,61790.13000000,61108.99000000,61682.34000000,1526.68052000
2026-07-02T17:00:00+00:00,61682.34000000,61962.43000000,61619.69000000,61667.39000000,742.84693000
2026-07-02T18:00:00+00:00,61667.40000000,61900.29000000,61664.39000000,61761.36000000,457.24217000
2026-07-02T19:00:00+00:00,61761.36000000,61763.81000000,61424.00000000,61479.60000000,567.93379000
2026-07-02T20:00:00+00:00,61479.59000000,61596.00000000,61342.00000000,61584.78000000,435.70751000
2026-07-02T21:00:00+00:00,61584.77000000,61653.43000000,61516.00000000,61592.26000000,335.09994000
2026-07-02T22:00:00+00:00,61592.26000000,61596.62000000,61406.28000000,61465.26000000,313.41399000
2026-07-02T23:00:00+00:00,61465.26000000,61606.00000000,61350.02000000,61560.00000000,263.74127000
2026-07-03T00:00:00+00:00,61560.00000000,61578.00000000,61248.86000000,61308.75000000,803.35853000
2026-07-03T01:00:00+00:00,61308.75000000,61733.11000000,61286.00000000,61588.00000000,365.29608000
2026-07-03T02:00:00+00:00,61588.00000000,61664.62000000,61294.00000000,61440.01000000,718.15053000
2026-07-03T03:00:00+00:00,61440.01000000,61575.15000000,61324.00000000,61434.00000000,592.37701000
2026-07-03T04:00:00+00:00,61434.00000000,61524.01000000,61332.76000000,61448.00000000,597.68744000
2026-07-03T05:00:00+00:00,61448.00000000,61808.00000000,61430.00000000,61700.49000000,669.42027000
2026-07-03T06:00:00+00:00,61700.49000000,61850.00000000,61612.00000000,61710.01000000,821.56550000
2026-07-03T07:00:00+00:00,61710.01000000,61864.99000000,61659.32000000,61750.47000000,1075.23435000
2026-07-03T08:00:00+00:00,61750.47000000,61896.99000000,61554.07000000,61584.00000000,341.60269000
2026-07-03T09:00:00+00:00,61583.99000000,61783.89000000,61510.01000000,61718.68000000,336.50784000
2026-07-03T10:00:00+00:00,61718.69000000,62038.00000000,61663.98000000,61916.46000000,481.39402000
2026-07-03T11:00:00+00:00,61916.46000000,62103.10000000,61840.00000000,62024.02000000,549.87382000
2026-07-03T12:00:00+00:00,62024.01000000,62174.47000000,61871.66000000,61983.99000000,627.72129000
2026-07-03T13:00:00+00:00,61984.00000000,62282.00000000,61944.00000000,62116.01000000,790.28341000
2026-07-03T14:00:00+00:00,62116.00000000,62280.00000000,61700.00000000,62167.48000000,768.79968000
2026-07-03T15:00:00+00:00,62167.47000000,62400.00000000,61820.00000000,61922.72000000,627.67216000
2026-07-03T16:00:00+00:00,61922.71000000,62125.99000000,61911.65000000,62104.81000000,308.09730000
2026-07-03T17:00:00+00:00,62104.81000000,62292.51000000,62068.78000000,62194.00000000,345.47791000
2026-07-03T18:00:00+00:00,62193.99000000,62250.00000000,62118.00000000,62204.01000000,298.61687000
2026-07-03T19:00:00+00:00,62204.00000000,62317.64000000,62146.00000000,62210.00000000,345.20311000
2026-07-03T20:00:00+00:00,62210.00000000,62907.77000000,62186.01000000,62776.92000000,1103.81636000
2026-07-03T21:00:00+00:00,62776.91000000,62979.86000000,62518.72000000,62732.00000000,530.36622000
2026-07-03T22:00:00+00:00,62732.00000000,62748.01000000,62538.47000000,62578.00000000,461.77097000
2026-07-03T23:00:00+00:00,62578.00000000,62707.67000000,62529.03000000,62583.26000000,488.69291000
2026-07-04T00:00:00+00:00,62583.26000000,62946.00000000,62578.55000000,62756.29000000,451.82518000
2026-07-04T01:00:00+00:00,62756.29000000,62756.29000000,62404.25000000,62468.44000000,740.55394000
2026-07-04T02:00:00+00:00,62468.44000000,62576.00000000,62432.00000000,62538.96000000,288.40853000
2026-07-04T03:00:00+00:00,62538.96000000,62750.00000000,62484.01000000,62627.29000000,272.87320000
2026-07-04T04:00:00+00:00,62627.28000000,62749.97000000,62590.06000000,62700.00000000,372.06056000
2026-07-04T05:00:00+00:00,62700.00000000,62700.01000000,62441.29000000,62471.52000000,289.90978000
2026-07-04T06:00:00+00:00,62471.53000000,62559.43000000,62328.24000000,62500.01000000,328.21302000
2026-07-04T07:00:00+00:00,62500.01000000,62634.24000000,62470.00000000,62576.00000000,488.37245000
2026-07-04T08:00:00+00:00,62576.00000000,62674.47000000,62516.46000000,62553.78000000,325.39629000
2026-07-04T09:00:00+00:00,62553.78000000,62583.99000000,62415.87000000,62494.00000000,256.44372000
2026-07-04T10:00:00+00:00,62494.01000000,62545.02000000,62445.38000000,62513.00000000,261.05012000
2026-07-04T11:00:00+00:00,62512.99000000,62563.84000000,62456.24000000,62482.01000000,236.75332000
2026-07-04T12:00:00+00:00,62482.00000000,62696.78000000,62482.00000000,62664.01000000,160.12973000
2026-07-04T13:00:00+00:00,62664.01000000,62776.92000000,62542.00000000,62588.84000000,234.91268000
2026-07-04T14:00:00+00:00,62588.84000000,62738.28000000,62585.53000000,62693.99000000,214.12592000
2026-07-04T15:00:00+00:00,62693.99000000,63075.46000000,62687.89000000,62943.29000000,746.82104000
2026-07-04T16:00:00+00:00,62943.29000000,62968.29000000,62786.00000000,62927.29000000,446.26160000
2026-07-04T17:00:00+00:00,62927.30000000,63439.62000000,62803.00000000,63280.38000000,752.34234000
2026-07-04T18:00:00+00:00,63280.38000000,63346.00000000,63092.02000000,63172.78000000,347.58599000
2026-07-04T19:00:00+00:00,63172.79000000,63461.99000000,63123.49000000,63294.72000000,328.68996000
2026-07-04T20:00:00+00:00,63294.72000000,63392.00000000,63155.37000000,63233.78000000,287.12408000
2026-07-04T21:00:00+00:00,63233.79000000,63448.00000000,63202.00000000,63297.84000000,239.07967000
2026-07-04T22:00:00+00:00,63297.83000000,63310.00000000,63160.00000000,63184.99000000,486.87752000
2026-07-04T23:00:00+00:00,63185.00000000,63241.33000000,62927.98000000,63144.01000000,584.01676000
2026-07-05T00:00:00+00:00,63144.01000000,63144.01000000,62888.86000000,62991.29000000,348.66174000
2026-07-05T01:00:00+00:00,62991.30000000,63043.15000000,62800.00000000,62887.94000000,447.61772000
2026-07-05T02:00:00+00:00,62887.93000000,62926.00000000,62596.08000000,62693.56000000,307.64194000
2026-07-05T03:00:00+00:00,62693.57000000,62796.39000000,62658.00000000,62769.04000000,211.72564000
2026-07-05T04:00:00+00:00,62769.03000000,62952.93000000,62712.00000000,62815.99000000,288.42759000
2026-07-05T05:00:00+00:00,62815.99000000,62815.99000000,62659.65000000,62740.50000000,312.61219000
2026-07-05T06:00:00+00:00,62740.50000000,62819.91000000,62669.99000000,62782.18000000,269.63913000
2026-07-05T07:00:00+00:00,62782.18000000,63059.99000000,62718.31000000,63020.21000000,393.71695000
2026-07-05T08:00:00+00:00,63020.21000000,63104.00000000,62900.00000000,62915.00000000,337.45972000
2026-07-05T09:00:00+00:00,62915.00000000,62930.16000000,62436.59000000,62622.18000000,562.27226000
2026-07-05T10:00:00+00:00,62622.18000000,62756.25000000,62536.57000000,62756.12000000,183.32618000
2026-07-05T11:00:00+00:00,62756.12000000,62812.00000000,62600.03000000,62658.92000000,268.20384000
2026-07-05T12:00:00+00:00,62658.92000000,62772.00000000,62569.37000000,62745.01000000,294.54856000
2026-07-05T13:00:00+00:00,62745.00000000,62819.66000000,62644.12000000,62792.00000000,337.44331000
2026-07-05T14:00:00+00:00,62791.99000000,62818.37000000,62656.02000000,62812.25000000,219.35892000
2026-07-05T15:00:00+00:00,62812.25000000,62943.59000000,62679.76000000,62740.01000000,243.82359000
2026-07-05T16:00:00+00:00,62740.01000000,62772.86000000,62590.02000000,62637.48000000,344.55738000
2026-07-05T17:00:00+00:00,62637.48000000,62820.00000000,62594.38000000,62624.93000000,275.09476000
2026-07-05T18:00:00+00:00,62624.93000000,62880.00000000,62616.00000000,62820.33000000,372.13939000
2026-07-05T19:00:00+00:00,62820.33000000,62888.14000000,62714.98000000,62768.88000000,297.34041000
2026-07-05T20:00:00+00:00,62768.87000000,62836.01000000,62700.00000000,62730.61000000,164.56380000
2026-07-05T21:00:00+00:00,62730.61000000,63220.00000000,62609.47000000,63092.01000000,428.51084000
2026-07-05T22:00:00+00:00,63092.00000000,63964.48000000,63005.04000000,63736.00000000,1512.51245000
2026-07-05T23:00:00+00:00,63735.99000000,63999.00000000,63577.36000000,63650.00000000,750.87927000
2026-07-06T00:00:00+00:00,63650.01000000,63772.52000000,63350.00000000,63761.99000000,854.38324000
2026-07-06T01:00:00+00:00,63761.98000000,63920.00000000,63550.00000000,63576.00000000,432.97670000
2026-07-06T02:00:00+00:00,63576.00000000,63669.45000000,63373.13000000,63460.01000000,398.01222000
2026-07-06T03:00:00+00:00,63460.01000000,63495.14000000,63136.01000000,63294.00000000,420.90012000
2026-07-06T04:00:00+00:00,63294.00000000,63402.77000000,63187.98000000,63267.99000000,278.63053000
2026-07-06T05:00:00+00:00,63267.99000000,63268.00000000,62950.00000000,63114.00000000,702.75025000
2026-07-06T06:00:00+00:00,63113.99000000,63152.70000000,62972.00000000,62976.00000000,622.44998000
2026-07-06T07:00:00+00:00,62976.00000000,63120.00000000,62890.00000000,63089.42000000,529.35201000
2026-07-06T08:00:00+00:00,63089.42000000,63244.00000000,62800.13000000,62904.01000000,536.06880000
2026-07-06T09:00:00+00:00,62904.01000000,62914.00000000,62630.85000000,62664.77000000,432.26087000
2026-07-06T10:00:00+00:00,62664.77000000,63030.00000000,62664.76000000,62822.06000000,454.82776000
2026-07-06T11:00:00+00:00,62822.07000000,63000.00000000,62483.83000000,62483.84000000,610.79996000
2026-07-06T12:00:00+00:00,62483.84000000,62487.98000000,61668.20000000,61754.01000000,2426.65551000
2026-07-06T13:00:00+00:00,61754.01000000,62034.00000000,61306.84000000,61768.21000000,3623.91016000
2026-07-06T14:00:00+00:00,61768.20000000,62411.41000000,61712.54000000,62052.00000000,1203.78704000
2026-07-06T15:00:00+00:00,62052.00000000,63550.00000000,62052.00000000,63545.98000000,2153.37389000
2026-07-06T16:00:00+00:00,63545.98000000,63863.00000000,63386.01000000,63732.00000000,1748.98599000
2026-07-06T17:00:00+00:00,63732.00000000,63976.16000000,63570.16000000,63587.38000000,885.44922000
2026-07-06T18:00:00+00:00,63587.38000000,63886.00000000,63560.00000000,63696.40000000,345.76423000
2026-07-06T19:00:00+00:00,63696.40000000,63887.93000000,63652.42000000,63738.52000000,308.11427000
2026-07-06T20:00:00+00:00,63738.52000000,63892.65000000,63589.41000000,63828.00000000,314.93037000
2026-07-06T21:00:00+00:00,63828.00000000,64700.00000000,63810.00000000,64489.98000000,1489.51024000
2026-07-06T22:00:00+00:00,64489.97000000,64500.00000000,64151.01000000,64244.00000000,313.47871000
2026-07-06T23:00:00+00:00,64244.00000000,64340.76000000,64017.78000000,64042.02000000,347.91230000
2026-07-07T00:00:00+00:00,64042.93000000,64314.00000000,63997.50000000,64203.99000000,545.80462000
2026-07-07T01:00:00+00:00,64203.99000000,64204.00000000,63767.04000000,63840.00000000,600.78470000
2026-07-07T02:00:00+00:00,63840.00000000,63908.00000000,63288.01000000,63322.01000000,624.33941000
2026-07-07T03:00:00+00:00,63322.01000000,63414.00000000,63150.00000000,63191.01000000,378.30046000
2026-07-07T04:00:00+00:00,63191.01000000,63288.33000000,63064.00000000,63100.01000000,658.55856000
2026-07-07T05:00:00+00:00,63100.00000000,63278.99000000,62800.00000000,63128.01000000,725.48406000
2026-07-07T06:00:00+00:00,63128.00000000,63400.00000000,62984.42000000,63340.00000000,869.08707000
2026-07-07T07:00:00+00:00,63340.01000000,63445.70000000,63072.10000000,63083.18000000,615.24857000
2026-07-07T08:00:00+00:00,63083.19000000,63184.00000000,62984.58000000,63104.00000000,444.01670000
2026-07-07T09:00:00+00:00,63104.00000000,63348.73000000,63063.28000000,63256.00000000,320.22634000
2026-07-07T10:00:00+00:00,63256.01000000,63467.15000000,63228.17000000,63284.00000000,496.91971000
2026-07-07T11:00:00+00:00,63284.00000000,63452.00000000,63116.02000000,63406.00000000,399.36572000
2026-07-07T12:00:00+00:00,63405.99000000,63872.00000000,63396.58000000,63481.39000000,618.18499000
2026-07-07T13:00:00+00:00,63481.39000000,63482.50000000,63000.00000000,63056.00000000,1055.47861000
2026-07-07T14:00:00+00:00,63056.00000000,63634.00000000,62671.39000000,63562.05000000,1684.44273000
2026-07-07T15:00:00+00:00,63562.05000000,64105.00000000,63376.22000000,63930.51000000,2129.05569000
2026-07-07T16:00:00+00:00,63930.50000000,64243.75000000,63810.00000000,63983.27000000,825.13640000
2026-07-07T17:00:00+00:00,63983.28000000,64232.00000000,63896.21000000,64186.00000000,713.19138000
2026-07-07T18:00:00+00:00,64185.99000000,64188.00000000,63672.01000000,63679.99000000,804.35069000
2026-07-07T19:00:00+00:00,63679.99000000,63894.58000000,63379.69000000,63817.99000000,809.87318000
2026-07-07T20:00:00+00:00,63818.00000000,63901.75000000,63585.00000000,63697.99000000,461.15497000
2026-07-07T21:00:00+00:00,63698.00000000,63866.00000000,63313.10000000,63423.94000000,445.13714000
2026-07-07T22:00:00+00:00,63423.93000000,63660.00000000,63218.00000000,63551.02000000,344.82337000
2026-07-07T23:00:00+00:00,63551.02000000,63708.00000000,63320.00000000,63363.99000000,265.24316000
2026-07-08T00:00:00+00:00,63364.00000000,63761.99000000,63307.36000000,63612.77000000,656.59812000
2026-07-08T01:00:00+00:00,63612.78000000,63649.50000000,62921.78000000,63038.01000000,690.76172000
2026-07-08T02:00:00+00:00,63038.00000000,63066.00000000,62525.47000000,62979.99000000,1271.45366000
2026-07-08T03:00:00+00:00,62979.98000000,63094.00000000,62700.18000000,62766.00000000,326.19539000
2026-07-08T04:00:00+00:00,62766.00000000,62901.49000000,62676.00000000,62800.00000000,435.16461000
2026-07-08T05:00:00+00:00,62800.01000000,62876.95000000,62558.00000000,62637.88000000,716.63481000
2026-07-08T06:00:00+00:00,62637.88000000,62746.00000000,62477.04000000,62657.81000000,457.84929000
2026-07-08T07:00:00+00:00,62657.82000000,62894.89000000,62550.00000000,62888.35000000,483.72380000
2026-07-08T08:00:00+00:00,62888.34000000,62941.46000000,61855.26000000,62018.36000000,1707.68860000
2026-07-08T09:00:00+00:00,62018.36000000,62190.01000000,61743.83000000,62057.67000000,2058.44174000
2026-07-08T10:00:00+00:00,62057.68000000,62199.97000000,61903.45000000,62183.12000000,934.16537000
2026-07-08T11:00:00+00:00,62183.11000000,62392.04000000,62055.63000000,62299.99000000,576.86496000
2026-07-08T12:00:00+00:00,62300.00000000,62451.08000000,61953.58000000,61957.73000000,877.49143000
2026-07-08T13:00:00+00:00,61957.74000000,62090.00000000,61632.23000000,61945.49000000,1130.99240000
2026-07-08T14:00:00+00:00,61945.49000000,62173.56000000,61712.00000000,61889.83000000,1415.74086000
2026-07-08T15:00:00+00:00,61889.83000000,61922.00000000,61544.56000000,61704.01000000,1055.91275000
2026-07-08T16:00:00+00:00,61704.01000000,62164.60000000,61692.00000000,62113.03000000,762.49481000
2026-07-08T17:00:00+00:00,62113.02000000,62394.32000000,62032.00000000,62104.62000000,518.57431000
2026-07-08T18:00:00+00:00,62104.62000000,62351.97000000,62045.20000000,62185.32000000,301.10629000
2026-07-08T19:00:00+00:00,62185.33000000,62292.19000000,62068.00000000,62277.98000000,295.91802000
2026-07-08T20:00:00+00:00,62277.98000000,62306.54000000,62082.80000000,62099.61000000,601.65946000
2026-07-08T21:00:00+00:00,62099.62000000,62251.22000000,61956.00000000,62187.17000000,844.23046000
2026-07-08T22:00:00+00:00,62187.17000000,62350.63000000,62178.00000000,62330.40000000,268.90980000
2026-07-08T23:00:00+00:00,62330.40000000,62346.60000000,62174.00000000,62290.00000000,231.52530000
2026-07-09T00:00:00+00:00,62290.01000000,62309.88000000,62058.51000000,62129.99000000,419.84137000
2026-07-09T01:00:00+00:00,62129.99000000,62642.00000000,61837.10000000,61916.00000000,891.27709000
2026-07-09T02:00:00+00:00,61916.00000000,62121.21000000,61705.29000000,61788.80000000,588.18699000
2026-07-09T03:00:00+00:00,61788.79000000,62062.99000000,61730.00000000,61974.34000000,608.39784000
2026-07-09T04:00:00+00:00,61974.34000000,62456.29000000,61956.46000000,62453.74000000,475.51774000
2026-07-09T05:00:00+00:00,62453.74000000,62624.61000000,62236.00000000,62589.61000000,907.85360000
2026-07-09T06:00:00+00:00,62589.61000000,62980.00000000,62485.58000000,62959.96000000,790.33126000
2026-07-09T07:00:00+00:00,62959.96000000,63283.26000000,62788.06000000,63000.00000000,902.61366000
2026-07-09T08:00:00+00:00,62999.99000000,63100.10000000,62855.63000000,62903.65000000,872.78917000
2026-07-09T09:00:00+00:00,62903.66000000,63002.00000000,62786.82000000,62953.40000000,549.43771000
2026-07-09T10:00:00+00:00,62953.40000000,63056.98000000,62688.00000000,62786.04000000,490.23056000
2026-07-09T11:00:00+00:00,62786.05000000,62830.00000000,62614.66000000,62786.34000000,613.79257000
2026-07-09T12:00:00+00:00,62786.33000000,62952.00000000,62465.39000000,62614.02000000,2694.46367000
2026-07-09T13:00:00+00:00,62614.01000000,63240.15000000,62523.08000000,63028.35000000,732.96491000
2026-07-09T14:00:00+00:00,63028.36000000,63144.79000000,62666.66000000,63016.00000000,598.40365000
2026-07-09T15:00:00+00:00,63016.00000000,63261.00000000,62811.10000000,62868.05000000,857.13379000
2026-07-09T16:00:00+00:00,62868.06000000,62996.00000000,62559.59000000,62700.01000000,532.13757000
2026-07-09T17:00:00+00:00,62700.01000000,63165.12000000,62668.00000000,63142.79000000,730.95491000
2026-07-09T18:00:00+00:00,63142.79000000,63500.00000000,63080.00000000,63219.03000000,776.88222000
2026-07-09T19:00:00+00:00,63219.03000000,63375.73000000,63118.45000000,63248.10000000,606.23375000
2026-07-09T20:00:00+00:00,63248.09000000,63330.85000000,63177.36000000,63313.38000000,236.61262000
2026-07-09T21:00:00+00:00,63313.38000000,63397.94000000,63208.91000000,63274.59000000,261.44616000
2026-07-09T22:00:00+00:00,63274.60000000,63418.00000000,63218.77000000,63218.78000000,274.28375000
2026-07-09T23:00:00+00:00,63218.78000000,63325.00000000,63060.91000000,63230.00000000,331.02016000
2026-07-10T00:00:00+00:00,63230.01000000,63255.49000000,62926.01000000,63113.93000000,626.86453000
2026-07-10T01:00:00+00:00,63113.92000000,63999.99000000,62962.00000000,63749.86000000,1229.10229000
2026-07-10T02:00:00+00:00,63749.86000000,64050.23000000,63692.76000000,63961.99000000,1017.85326000
2026-07-10T03:00:00+00:00,63961.99000000,64050.00000000,63822.80000000,63947.20000000,410.93478000
2026-07-10T04:00:00+00:00,63947.20000000,64176.86000000,63857.64000000,64047.88000000,567.80609000
2026-07-10T05:00:00+00:00,64047.89000000,64200.00000000,63944.05000000,64115.99000000,507.93600000
2026-07-10T06:00:00+00:00,64116.00000000,64162.00000000,63836.00000000,63854.71000000,352.90834000
2026-07-10T07:00:00+00:00,63854.71000000,64011.90000000,63802.02000000,63963.00000000,566.09840000
2026-07-10T08:00:00+00:00,63963.00000000,64392.00000000,63962.99000000,64246.01000000,945.88564000
2026-07-10T09:00:00+00:00,64246.00000000,64480.01000000,64102.00000000,64385.09000000,1051.00850000
2026-07-10T10:00:00+00:00,64385.09000000,64494.84000000,64274.47000000,64407.80000000,400.85807000
2026-07-10T11:00:00+00:00,64407.80000000,64480.00000000,64341.83000000,64425.18000000,337.28843000
2026-07-10T12:00:00+00:00,64425.18000000,64608.00000000,63999.00000000,64286.64000000,1081.95063000
2026-07-10T13:00:00+00:00,64286.65000000,64692.83000000,64152.84000000,64484.00000000,826.67946000
2026-07-10T14:00:00+00:00,64484.00000000,64516.00000000,63793.43000000,63914.87000000,1338.73193000
2026-07-10T15:00:00+00:00,63914.88000000,64210.00000000,63898.00000000,64040.00000000,737.82713000
2026-07-10T16:00:00+00:00,64039.99000000,64220.00000000,63826.57000000,64140.01000000,671.46586000
2026-07-10T17:00:00+00:00,64140.00000000,64158.58000000,63821.88000000,63823.99000000,491.57909000
2026-07-10T18:00:00+00:00,63824.00000000,64003.99000000,63732.66000000,63810.00000000,566.18067000
2026-07-10T19:00:00+00:00,63809.99000000,64077.56000000,63780.00000000,63917.88000000,1227.53052000
2026-07-10T20:00:00+00:00,63917.88000000,63946.36000000,63656.00000000,63841.25000000,1126.81538000
2026-07-10T21:00:00+00:00,63841.25000000,64099.56000000,63835.05000000,64011.99000000,307.30047000
2026-07-10T22:00:00+00:00,64012.00000000,64169.39000000,63981.37000000,64112.29000000,508.14182000
2026-07-10T23:00:00+00:00,64112.30000000,64222.61000000,64024.00000000,64161.72000000,690.25393000
2026-07-11T00:00:00+00:00,64161.72000000,64168.49000000,64028.43000000,64124.00000000,315.78502000
2026-07-11T01:00:00+00:00,64123.99000000,64310.00000000,64004.01000000,64012.95000000,405.42387000
2026-07-11T02:00:00+00:00,64012.95000000,64166.00000000,63984.07000000,64158.04000000,205.49018000
2026-07-11T03:00:00+00:00,64158.04000000,64195.04000000,64068.00000000,64150.42000000,174.79238000
2026-07-11T04:00:00+00:00,64150.42000000,64213.55000000,64080.26000000,64152.00000000,223.52551000
2026-07-11T05:00:00+00:00,64152.00000000,64221.99000000,64121.07000000,64176.01000000,535.97468000
2026-07-11T06:00:00+00:00,64176.00000000,64278.00000000,64124.00000000,64219.10000000,302.84507000
2026-07-11T07:00:00+00:00,64219.09000000,64256.55000000,64152.00000000,64162.18000000,422.67072000
2026-07-11T08:00:00+00:00,64162.18000000,64300.00000000,64153.87000000,64265.98000000,169.11443000
2026-07-11T09:00:00+00:00,64265.98000000,64300.00000000,64159.70000000,64167.34000000,347.53946000
2026-07-11T10:00:00+00:00,64167.35000000,64204.02000000,64129.99000000,64196.00000000,421.25234000
2026-07-11T11:00:00+00:00,64196.00000000,64215.32000000,64167.99000000,64198.00000000,417.44096000
2026-07-11T12:00:00+00:00,64197.99000000,64228.00000000,64130.65000000,64195.49000000,408.31399000
2026-07-11T13:00:00+00:00,64195.48000000,64266.00000000,64159.99000000,64235.66000000,352.18455000
2026-07-11T14:00:00+00:00,64235.67000000,64504.11000000,64235.66000000,64350.07000000,551.43161000
2026-07-11T15:00:00+00:00,64350.07000000,64484.01000000,63896.18000000,64175.75000000,1185.62457000
2026-07-11T16:00:00+00:00,64175.75000000,64273.63000000,64084.00000000,64180.01000000,468.52631000
2026-07-11T17:00:00+00:00,64180.00000000,64402.00000000,64164.08000000,64315.53000000,272.95245000
2026-07-11T18:00:00+00:00,64315.53000000,64395.17000000,64288.91000000,64327.99000000,274.24491000
2026-07-11T19:00:00+00:00,64327.99000000,64338.00000000,64233.23000000,64286.00000000,202.32307000
2026-07-11T20:00:00+00:00,64286.00000000,64463.83000000,64285.99000000,64382.45000000,197.23083000
2026-07-11T21:00:00+00:00,64382.44000000,64427.56000000,64338.09000000,64355.99000000,116.51883000
2026-07-11T22:00:00+00:00,64355.99000000,64424.03000000,64144.47000000,64203.08000000,303.31895000
2026-07-11T23:00:00+00:00,64203.09000000,64246.00000000,63819.00000000,63819.00000000,877.44963000
2026-07-12T00:00:00+00:00,63819.01000000,63909.92000000,63702.16000000,63828.47000000,2302.50352000
2026-07-12T01:00:00+00:00,63828.48000000,64172.66000000,63812.00000000,64133.61000000,394.25068000
2026-07-12T02:00:00+00:00,64133.61000000,64133.62000000,64029.51000000,64070.39000000,908.56961000
2026-07-12T03:00:00+00:00,64070.40000000,64223.74000000,64035.68000000,64223.73000000,488.95119000
2026-07-12T04:00:00+00:00,64223.73000000,64245.87000000,63943.68000000,63999.93000000,412.91320000
2026-07-12T05:00:00+00:00,63999.94000000,64024.48000000,63900.00000000,63959.93000000,291.33944000
2026-07-12T06:00:00+00:00,63959.93000000,63962.85000000,63640.83000000,63762.46000000,526.52081000
2026-07-12T07:00:00+00:00,63762.47000000,63908.39000000,63740.12000000,63885.27000000,506.72582000
2026-07-12T08:00:00+00:00,63885.28000000,64100.32000000,63884.20000000,63983.18000000,1349.77159000
2026-07-12T09:00:00+00:00,63983.18000000,64062.17000000,63764.00000000,63961.61000000,3089.49803000
2026-07-12T10:00:00+00:00,63961.60000000,63961.60000000,63843.40000000,63865.76000000,250.37178000
2026-07-12T11:00:00+00:00,63865.76000000,64030.00000000,63826.01000000,64018.01000000,158.66802000
2026-07-12T12:00:00+00:00,64018.00000000,64135.00000000,63970.55000000,64026.00000000,320.06272000
2026-07-12T13:00:00+00:00,64026.01000000,64097.99000000,63987.40000000,64023.14000000,369.91648000
2026-07-12T14:00:00+00:00,64023.13000000,64290.11000000,63958.71000000,64203.08000000,261.44826000
2026-07-12T15:00:00+00:00,64203.08000000,64262.15000000,64117.97000000,64176.00000000,230.70025000
2026-07-12T16:00:00+00:00,64176.00000000,64209.64000000,64042.00000000,64177.70000000,260.32939000
2026-07-12T17:00:00+00:00,64177.70000000,64177.74000000,64029.12000000,64078.00000000,243.96602000
2026-07-12T18:00:00+00:00,64078.00000000,64150.00000000,64018.69000000,64147.99000000,207.74726000
2026-07-12T19:00:00+00:00,64148.00000000,64270.00000000,64147.30000000,64228.59000000,178.32690000
2026-07-12T20:00:00+00:00,64228.59000000,64254.00000000,64178.03000000,64198.89000000,158.24040000
2026-07-12T21:00:00+00:00,64198.90000000,64232.02000000,63891.84000000,63920.40000000,317.29013000
2026-07-12T22:00:00+00:00,63920.40000000,63923.99000000,63668.00000000,63886.87000000,425.91972000
2026-07-12T23:00:00+00:00,63886.86000000,63914.85000000,63726.62000000,63780.00000000,260.80581000
2026-07-13T00:00:00+00:00,63780.00000000,64425.00000000,63568.00000000,64072.01000000,1134.90308000
2026-07-13T01:00:00+00:00,64072.00000000,64072.01000000,63376.53000000,63412.01000000,1113.66129000
2026-07-13T02:00:00+00:00,63412.01000000,63541.94000000,63237.26000000,63375.99000000,621.99474000
2026-07-13T03:00:00+00:00,63376.00000000,63382.95000000,62741.04000000,62806.41000000,1068.82271000
2026-07-13T04:00:00+00:00,62806.41000000,62911.94000000,62620.13000000,62672.00000000,670.25607000
2026-07-13T05:00:00+00:00,62672.00000000,62905.68000000,62500.76000000,62799.00000000,816.14848000
2026-07-13T06:00:00+00:00,62799.01000000,62880.00000000,62710.45000000,62797.55000000,385.11506000
2026-07-13T07:00:00+00:00,62797.55000000,63070.01000000,62753.69000000,62985.52000000,1476.18790000
2026-07-13T08:00:00+00:00,62985.53000000,63302.88000000,62935.92000000,63206.97000000,1893.03927000
2026-07-13T09:00:00+00:00,63206.98000000,63210.00000000,63086.12000000,63100.02000000,663.43575000
2026-07-13T10:00:00+00:00,63100.02000000,63157.85000000,62862.28000000,62867.89000000,788.29364000
2026-07-13T11:00:00+00:00,62867.90000000,63135.55000000,62867.90000000,62901.99000000,458.30123000
2026-07-13T12:00:00+00:00,62901.99000000,62990.04000000,62570.00000000,62625.15000000,689.69237000
2026-07-13T13:00:00+00:00,62625.15000000,62766.37000000,62164.00000000,62318.00000000,2175.34811000
2026-07-13T14:00:00+00:00,62318.01000000,62794.97000000,62101.00000000,62791.85000000,1780.86024000
2026-07-13T15:00:00+00:00,62791.85000000,62983.83000000,62559.58000000,62618.01000000,1226.00074000
2026-07-13T16:00:00+00:00,62618.00000000,62629.35000000,62212.00000000,62276.00000000,970.69108000
2026-07-13T17:00:00+00:00,62276.01000000,62370.00000000,61900.00000000,61904.99000000,1161.78052000
2026-07-13T18:00:00+00:00,61904.99000000,62100.00000000,61824.97000000,62020.00000000,662.51495000
2026-07-13T19:00:00+00:00,62020.00000000,62292.84000000,61990.00000000,62288.23000000,503.43262000
2026-07-13T20:00:00+00:00,62288.23000000,62324.74000000,62050.71000000,62210.99000000,294.43026000
2026-07-13T21:00:00+00:00,62211.00000000,62216.35000000,61897.45000000,62065.06000000,385.18322000
2026-07-13T22:00:00+00:00,62065.05000000,62224.00000000,61911.31000000,61924.00000000,386.45256000
2026-07-13T23:00:00+00:00,61924.00000000,62347.46000000,61882.88000000,62334.52000000,355.95615000
2026-07-14T00:00:00+00:00,62334.52000000,62666.66000000,62272.20000000,62549.54000000,827.98236000
2026-07-14T01:00:00+00:00,62549.55000000,62640.00000000,62460.03000000,62540.42000000,471.32047000
2026-07-14T02:00:00+00:00,62540.41000000,62645.00000000,62329.98000000,62544.00000000,510.10327000
2026-07-14T03:00:00+00:00,62544.00000000,62604.00000000,62314.00000000,62572.89000000,439.89615000
2026-07-14T04:00:00+00:00,62572.88000000,62768.95000000,62539.71000000,62745.23000000,314.71779000
2026-07-14T05:00:00+00:00,62745.24000000,62872.00000000,62697.69000000,62737.00000000,625.42470000
2026-07-14T06:00:00+00:00,62737.00000000,62772.48000000,62566.01000000,62624.05000000,742.03175000
2026-07-14T07:00:00+00:00,62624.06000000,62655.99000000,62516.93000000,62560.92000000,406.16223000
2026-07-14T08:00:00+00:00,62560.92000000,62807.94000000,62500.00000000,62713.85000000,377.86259000
2026-07-14T09:00:00+00:00,62713.85000000,62742.00000000,62534.29000000,62629.55000000,614.55321000
2026-07-14T10:00:00+00:00,62629.56000000,62908.80000000,62609.47000000,62800.00000000,437.22084000
2026-07-14T11:00:00+00:00,62800.01000000,62923.06000000,62713.60000000,62844.99000000,302.90008000
2026-07-14T12:00:00+00:00,62844.99000000,63989.54000000,62780.84000000,63960.00000000,3109.78866000
2026-07-14T13:00:00+00:00,63959.99000000,64181.99000000,63699.03000000,63840.01000000,1522.71413000
2026-07-14T14:00:00+00:00,63840.01000000,64346.49000000,63580.99000000,64305.02000000,1089.85313000
2026-07-14T15:00:00+00:00,64305.01000000,64966.43000000,64194.64000000,64743.99000000,3074.26518000
2026-07-14T16:00:00+00:00,64744.00000000,64896.86000000,64606.00000000,64730.00000000,1264.07966000
2026-07-14T17:00:00+00:00,64730.01000000,64730.01000000,64231.77000000,64621.43000000,1156.00933000
2026-07-14T18:00:00+00:00,64621.43000000,64648.88000000,64477.23000000,64571.98000000,502.24971000
2026-07-14T19:00:00+00:00,64571.99000000,64704.00000000,64487.38000000,64569.59000000,367.96179000
2026-07-14T20:00:00+00:00,64569.59000000,64599.00000000,64419.99000000,64572.02000000,281.25074000
2026-07-14T21:00:00+00:00,64572.02000000,64893.92000000,64526.00000000,64676.90000000,427.49727000
2026-07-14T22:00:00+00:00,64676.89000000,65100.00000000,64516.00000000,64860.89000000,1268.06322000
2026-07-14T23:00:00+00:00,64860.89000000,65048.00000000,64782.00000000,65043.98000000,418.50558000
2026-07-15T00:00:00+00:00,65043.99000000,65065.01000000,64765.12000000,64824.58000000,352.45343000
2026-07-15T01:00:00+00:00,64824.57000000,64853.08000000,64644.48000000,64674.35000000,610.20031000
2026-07-15T02:00:00+00:00,64674.35000000,64755.99000000,64488.00000000,64490.87000000,350.99185000
2026-07-15T03:00:00+00:00,64490.87000000,64840.00000000,64490.86000000,64792.01000000,379.79444000
2026-07-15T04:00:00+00:00,64792.00000000,64885.99000000,64714.00000000,64746.01000000,289.24746000
2026-07-15T05:00:00+00:00,64746.01000000,64964.96000000,64602.50000000,64944.06000000,686.50940000
2026-07-15T06:00:00+00:00,64944.06000000,65277.37000000,64814.00000000,64814.00000000,974.06143000
2026-07-15T07:00:00+00:00,64814.01000000,64876.00000000,64485.00000000,64549.34000000,1209.74716000
2026-07-15T08:00:00+00:00,64549.33000000,64797.02000000,64549.33000000,64768.01000000,958.47053000
2026-07-15T09:00:00+00:00,64768.00000000,64917.94000000,64653.18000000,64671.83000000,542.47841000
2026-07-15T10:00:00+00:00,64671.84000000,64855.56000000,64614.00000000,64663.00000000,316.30209000
2026-07-15T11:00:00+00:00,64663.00000000,64767.37000000,64616.11000000,64732.15000000,500.13863000
2026-07-15T12:00:00+00:00,64732.15000000,65249.90000000,64606.00000000,65164.00000000,1837.40143000
2026-07-15T13:00:00+00:00,65164.00000000,65577.00000000,64888.00000000,65117.99000000,1942.12357000
2026-07-15T14:00:00+00:00,65118.00000000,65517.05000000,65070.00000000,65399.81000000,1187.13269000
2026-07-15T15:00:00+00:00,65399.80000000,65600.00000000,65261.71000000,65427.61000000,1153.25811000
2026-07-15T16:00:00+00:00,65427.60000000,65470.00000000,64784.83000000,65120.79000000,1423.19665000
2026-07-15T17:00:00+00:00,65120.80000000,65194.72000000,64972.95000000,65056.10000000,1119.69712000
2026-07-15T18:00:00+00:00,65056.10000000,65143.57000000,64847.42000000,64860.00000000,1076.85531000
2026-07-15T19:00:00+00:00,64860.00000000,65000.00000000,64738.49000000,64977.34000000,377.96921000
2026-07-15T20:00:00+00:00,64977.34000000,65055.39000000,64899.00000000,64968.01000000,239.51973000
2026-07-15T21:00:00+00:00,64968.02000000,65018.74000000,64789.89000000,64834.31000000,289.23644000
2026-07-15T22:00:00+00:00,64834.31000000,64982.47000000,64772.00000000,64866.93000000,275.16571000
2026-07-15T23:00:00+00:00,64866.93000000,64938.00000000,64691.89000000,64756.28000000,309.94630000
2026-07-16T00:00:00+00:00,64756.28000000,64845.50000000,64500.00000000,64584.07000000,762.20624000
