timestamp,open,high,low,close,volume
2026-04-20T00:00:00+00:00,2263.28000000,2283.14000000,2259.67000000,2280.01000000,12643.26390000
2026-04-20T01:00:00+00:00,2280.02000000,2294.30000000,2278.20000000,2286.17000000,7563.37050000
2026-04-20T02:00:00+00:00,2286.16000000,2287.63000000,2272.25000000,2277.43000000,5859.75750000
2026-04-20T03:00:00+00:00,2277.43000000,2288.58000000,2276.08000000,2286.56000000,3966.85700000
2026-04-20T04:00:00+00:00,2286.55000000,2286.55000000,2278.84000000,2283.39000000,5327.07770000
2026-04-20T05:00:00+00:00,2283.39000000,2283.39000000,2263.18000000,2270.21000000,8416.40300000
2026-04-20T06:00:00+00:00,2270.21000000,2289.00000000,2268.78000000,2286.17000000,7027.73890000
2026-04-20T07:00:00+00:00,2286.17000000,2332.88000000,2283.02000000,2298.80000000,38704.94300000
2026-04-20T08:00:00+00:00,2298.81000000,2308.65000000,2289.82000000,2294.09000000,14250.25420000
2026-04-20T09:00:00+00:00,2294.08000000,2313.64000000,2293.30000000,2309.06000000,8516.30250000
2026-04-20T10:00:00+00:00,2309.06000000,2320.00000000,2303.23000000,2303.39000000,7456.35010000
2026-04-20T11:00:00+00:00,2303.39000000,2312.33000000,2300.00000000,2308.42000000,7390.65870000
2026-04-20T12:00:00+00:00,2308.42000000,2323.02000000,2304.46000000,2318.88000000,11999.44750000
2026-04-20T13:00:00+00:00,2318.88000000,2326.36000000,2301.53000000,2310.82000000,17038.13650000
2026-04-20T14:00:00+00:00,2310.82000000,2321.98000000,2283.00000000,2290.90000000,33102.91230000
2026-04-20T15:00:00+00:00,2290.91000000,2319.00000000,2278.38000000,2313.91000000,23294.03760000
2026-04-20T16:00:00+00:00,2313.92000000,2315.01000000,2298.76000000,2300.07000000,9601.38920000
2026-04-20T17:00:00+00:00,2300.07000000,2322.40000000,2297.97000000,2317.06000000,12548.22860000
2026-04-20T18:00:00+00:00,2317.06000000,2344.19000000,2317.06000000,2334.23000000,23517.31050000
2026-04-20T19:00:00+00:00,2334.24000000,2336.43000000,2327.27000000,2331.78000000,7765.57460000
2026-04-20T20:00:00+00:00,2331.78000000,2340.15000000,2325.33000000,2337.59000000,8921.23420000
2026-04-20T21:00:00+00:00,2337.58000000,2346.78000000,2315.21000000,2321.65000000,14498.16360000
2026-04-20T22:00:00+00:00,2321.64000000,2328.52000000,2316.75000000,2319.40000000,5121.24710000
2026-04-20T23:00:00+00:00,2319.40000000,2319.40000000,2307.74000000,2313.85000000,6469.40720000
2026-04-21T00:00:00+00:00,2313.84000000,2324.70000000,2311.66000000,2321.94000000,5640.51030000
2026-04-21T01:00:00+00:00,2321.94000000,2326.64000000,2312.66000000,2315.16000000,5266.91320000
2026-04-21T02:00:00+00:00,2315.16000000,2315.72000000,2306.45000000,2308.34000000,5528.16090000
2026-04-21T03:00:00+00:00,2308.34000000,2312.90000000,2300.01000000,2311.62000000,6345.60650000
2026-04-21T04:00:00+00:00,2311.62000000,2315.87000000,2304.06000000,2314.59000000,3834.09530000
2026-04-21T05:00:00+00:00,2314.59000000,2320.69000000,2312.65000000,2314.07000000,3741.65060000
2026-04-21T06:00:00+00:00,2314.07000000,2327.05000000,2308.01000000,2317.36000000,5716.02880000
2026-04-21T07:00:00+00:00,2317.37000000,2324.98000000,2311.56000000,2318.48000000,9653.59860000
2026-04-21T08:00:00+00:00,2318.48000000,2338.75000000,2314.00000000,2323.43000000,8919.82730000
2026-04-21T09:00:00+00:00,2323.42000000,2327.65000000,2318.37000000,2325.69000000,5091.06950000
2026-04-21T10:00:00+00:00,2325.70000000,2337.27000000,2325.33000000,2331.15000000,7326.51330000
2026-04-21T11:00:00+00:00,2331.15000000,2331.29000000,2316.14000000,2320.45000000,9302.95820000
2026-04-21T12:00:00+00:00,2320.45000000,2324.68000000,2294.39000000,2308.54000000,16334.84290000
2026-04-21T13:00:00+00:00,2308.54000000,2317.37000000,2301.00000000,2312.77000000,9222.59730000
2026-04-21T14:00:00+00:00,2312.77000000,2327.50000000,2295.00000000,2299.35000000,13991.75380000
2026-04-21T15:00:00+00:00,2299.35000000,2310.72000000,2290.35000000,2310.24000000,12568.85120000
2026-04-21T16:00:00+00:00,2310.25000000,2324.73000000,2306.51000000,2307.45000000,12280.46910000
2026-04-21T17:00:00+00:00,2307.44000000,2319.61000000,2284.19000000,2306.21000000,18658.58830000
2026-04-21T18:00:00+00:00,2306.20000000,2313.33000000,2300.29000000,2312.72000000,7991.70760000
2026-04-21T19:00:00+00:00,2312.72000000,2332.00000000,2287.30000000,2298.41000000,23355.84380000
2026-04-21T20:00:00+00:00,2298.42000000,2325.88000000,2296.04000000,2314.56000000,19563.42900000
2026-04-21T21:00:00+00:00,2314.55000000,2318.00000000,2309.41000000,2312.56000000,4222.53470000
2026-04-21T22:00:00+00:00,2312.56000000,2316.76000000,2301.90000000,2311.35000000,5248.75930000
2026-04-21T23:00:00+00:00,2311.35000000,2329.47000000,2310.92000000,2327.14000000,6839.66750000
2026-04-22T00:00:00+00:00,2327.15000000,2330.82000000,2322.62000000,2325.58000000,5576.63570000
2026-04-22T01:00:00+00:00,2325.57000000,2328.73000000,2312.95000000,2322.37000000,6606.13810000
2026-04-22T02:00:00+00:00,2322.37000000,2375.23000000,2320.22000000,2370.34000000,35435.16150000
2026-04-22T03:00:00+00:00,2370.35000000,2379.66000000,2358.49000000,2363.62000000,19156.44860000
2026-04-22T04:00:00+00:00,2363.63000000,2369.54000000,2358.41000000,2363.81000000,8422.83550000
2026-04-22T05:00:00+00:00,2363.82000000,2413.83000000,2361.85000000,2396.81000000,55731.40600000
2026-04-22T06:00:00+00:00,2396.81000000,2397.06000000,2389.44000000,2393.37000000,12010.93630000
2026-04-22T07:00:00+00:00,2393.38000000,2397.62000000,2383.33000000,2389.97000000,13184.76810000
2026-04-22T08:00:00+00:00,2389.98000000,2393.91000000,2383.00000000,2388.22000000,13789.85850000
2026-04-22T09:00:00+00:00,2388.22000000,2394.27000000,2385.00000000,2387.51000000,7492.28800000
2026-04-22T10:00:00+00:00,2387.52000000,2393.68000000,2385.15000000,2390.20000000,7644.11270000
2026-04-22T11:00:00+00:00,2390.21000000,2400.78000000,2386.51000000,2398.44000000,12475.11320000
2026-04-22T12:00:00+00:00,2398.44000000,2407.03000000,2396.16000000,2404.92000000,14367.42690000
2026-04-22T13:00:00+00:00,2404.91000000,2423.00000000,2401.27000000,2417.40000000,28321.24160000
2026-04-22T14:00:00+00:00,2417.40000000,2423.75000000,2391.50000000,2403.17000000,26739.82270000
2026-04-22T15:00:00+00:00,2403.17000000,2413.89000000,2390.90000000,2403.83000000,29310.33460000
2026-04-22T16:00:00+00:00,2403.84000000,2413.75000000,2384.17000000,2386.14000000,19934.19910000
2026-04-22T17:00:00+00:00,2386.15000000,2402.50000000,2386.15000000,2399.21000000,11859.30390000
2026-04-22T18:00:00+00:00,2399.21000000,2404.69000000,2395.09000000,2396.91000000,7000.26110000
2026-04-22T19:00:00+00:00,2396.92000000,2407.24000000,2389.18000000,2397.79000000,11527.44790000
2026-04-22T20:00:00+00:00,2397.80000000,2402.34000000,2390.81000000,2391.92000000,8758.46240000
2026-04-22T21:00:00+00:00,2391.91000000,2406.11000000,2391.88000000,2402.55000000,7026.73450000
2026-04-22T22:00:00+00:00,2402.55000000,2405.38000000,2394.09000000,2400.09000000,5897.79860000
2026-04-22T23:00:00+00:00,2400.08000000,2400.48000000,2373.95000000,2374.07000000,11438.39040000
2026-04-23T00:00:00+00:00,2374.08000000,2382.00000000,2342.80000000,2372.96000000,36491.31200000
2026-04-23T01:00:00+00:00,2372.96000000,2372.97000000,2360.72000000,2366.79000000,7971.35870000
2026-04-23T02:00:00+00:00,2366.79000000,2366.86000000,2344.35000000,2351.96000000,16562.40790000
2026-04-23T03:00:00+00:00,2351.96000000,2353.44000000,2331.50000000,2340.81000000,15181.03670000
2026-04-23T04:00:00+00:00,2340.82000000,2348.66000000,2337.12000000,2347.84000000,6876.07420000
2026-04-23T05:00:00+00:00,2347.84000000,2352.61000000,2340.19000000,2348.77000000,9395.09870000
2026-04-23T06:00:00+00:00,2348.77000000,2358.93000000,2348.77000000,2354.43000000,11877.43830000
2026-04-23T07:00:00+00:00,2354.44000000,2356.85000000,2340.00000000,2344.43000000,11195.04510000
2026-04-23T08:00:00+00:00,2344.43000000,2345.00000000,2335.00000000,2339.92000000,17537.38050000
2026-04-23T09:00:00+00:00,2339.91000000,2339.91000000,2313.58000000,2316.25000000,27426.25660000
2026-04-23T10:00:00+00:00,2316.24000000,2319.17000000,2305.61000000,2314.09000000,19663.98240000
2026-04-23T11:00:00+00:00,2314.09000000,2331.99000000,2314.09000000,2328.97000000,13523.41820000
2026-04-23T12:00:00+00:00,2328.96000000,2335.23000000,2320.81000000,2328.87000000,11828.32310000
2026-04-23T13:00:00+00:00,2328.88000000,2332.50000000,2315.23000000,2319.82000000,12436.93990000
2026-04-23T14:00:00+00:00,2319.81000000,2335.12000000,2316.07000000,2334.24000000,13699.86440000
2026-04-23T15:00:00+00:00,2334.24000000,2343.58000000,2324.15000000,2333.26000000,14842.77270000
2026-04-23T16:00:00+00:00,2333.26000000,2335.76000000,2323.39000000,2326.38000000,8034.79630000
2026-04-23T17:00:00+00:00,2326.39000000,2329.24000000,2285.42000000,2310.42000000,45125.73740000
2026-04-23T18:00:00+00:00,2310.42000000,2319.04000000,2304.42000000,2305.31000000,14250.70260000
2026-04-23T19:00:00+00:00,2305.30000000,2318.97000000,2300.70000000,2312.88000000,11612.54760000
2026-04-23T20:00:00+00:00,2312.87000000,2329.48000000,2312.74000000,2325.37000000,10663.50080000
2026-04-23T21:00:00+00:00,2325.36000000,2328.85000000,2320.73000000,2321.66000000,6005.62480000
2026-04-23T22:00:00+00:00,2321.66000000,2338.79000000,2321.66000000,2331.97000000,8475.76960000
2026-04-23T23:00:00+00:00,2331.97000000,2333.18000000,2323.71000000,2330.26000000,5968.30380000
2026-04-24T00:00:00+00:00,2330.27000000,2337.50000000,2326.68000000,2332.48000000,5575.83740000
2026-04-24T01:00:00+00:00,2332.47000000,2334.23000000,2318.69000000,2332.84000000,6039.29360000
2026-04-24T02:00:00+00:00,2332.83000000,2335.39000000,2315.05000000,2319.91000000,6028.72690000
2026-04-24T03:00:00+00:00,2319.90000000,2322.84000000,2301.35000000,2308.64000000,9361.03530000
2026-04-24T04:00:00+00:00,2308.63000000,2311.75000000,2300.50000000,2306.16000000,6882.21180000
2026-04-24T05:00:00+00:00,2306.16000000,2317.35000000,2300.22000000,2314.74000000,8521.93140000
2026-04-24T06:00:00+00:00,2314.75000000,2316.87000000,2308.71000000,2309.20000000,5049.95380000
2026-04-24T07:00:00+00:00,2309.21000000,2316.85000000,2308.48000000,2311.63000000,8194.84320000
2026-04-24T08:00:00+00:00,2311.63000000,2322.99000000,2307.49000000,2315.24000000,11658.19710000
2026-04-24T09:00:00+00:00,2315.24000000,2315.79000000,2303.74000000,2310.18000000,6774.43960000
2026-04-24T10:00:00+00:00,2310.19000000,2319.06000000,2306.00000000,2316.02000000,4784.86630000
2026-04-24T11:00:00+00:00,2316.01000000,2332.26000000,2316.01000000,2328.10000000,12651.41710000
2026-04-24T12:00:00+00:00,2328.10000000,2331.85000000,2318.53000000,2325.25000000,9855.01360000
2026-04-24T13:00:00+00:00,2325.26000000,2331.67000000,2310.99000000,2317.32000000,9015.93960000
2026-04-24T14:00:00+00:00,2317.32000000,2318.40000000,2304.07000000,2313.41000000,13688.63770000
2026-04-24T15:00:00+00:00,2313.42000000,2329.73000000,2301.61000000,2323.81000000,14252.13950000
2026-04-24T16:00:00+00:00,2323.81000000,2324.23000000,2310.00000000,2316.67000000,6290.78270000
2026-04-24T17:00:00+00:00,2316.66000000,2322.00000000,2308.82000000,2319.60000000,7562.05370000
2026-04-24T18:00:00+00:00,2319.59000000,2321.41000000,2310.01000000,2319.92000000,5197.76710000
2026-04-24T19:00:00+00:00,2319.93000000,2325.00000000,2319.22000000,2321.60000000,5615.64820000
2026-04-24T20:00:00+00:00,2321.59000000,2328.16000000,2315.38000000,2326.47000000,6361.60580000
2026-04-24T21:00:00+00:00,2326.47000000,2327.52000000,2312.60000000,2315.18000000,7039.30940000
2026-04-24T22:00:00+00:00,2315.19000000,2316.17000000,2307.20000000,2311.92000000,6034.22040000
2026-04-24T23:00:00+00:00,2311.93000000,2316.05000000,2311.93000000,2314.99000000,1451.74690000
2026-04-25T00:00:00+00:00,2314.98000000,2316.05000000,2311.27000000,2316.04000000,1576.45570000
2026-04-25T01:00:00+00:00,2316.04000000,2321.36000000,2315.46000000,2318.00000000,2215.44040000
2026-04-25T02:00:00+00:00,2318.01000000,2319.27000000,2314.78000000,2317.40000000,2081.62260000
2026-04-25T03:00:00+00:00,2317.41000000,2320.43000000,2315.12000000,2318.43000000,1765.54010000
2026-04-25T04:00:00+00:00,2318.44000000,2319.01000000,2316.15000000,2316.79000000,1445.56850000
2026-04-25T05:00:00+00:00,2316.80000000,2316.80000000,2313.30000000,2316.01000000,1473.45620000
2026-04-25T06:00:00+00:00,2316.01000000,2317.64000000,2314.89000000,2316.01000000,1591.22200000
2026-04-25T07:00:00+00:00,2316.00000000,2318.81000000,2314.26000000,2316.48000000,1817.90790000
2026-04-25T08:00:00+00:00,2316.48000000,2320.92000000,2315.92000000,2319.44000000,1641.03740000
2026-04-25T09:00:00+00:00,2319.43000000,2323.21000000,2317.17000000,2319.12000000,4665.14040000
2026-04-25T10:00:00+00:00,2319.11000000,2322.74000000,2318.93000000,2320.56000000,2081.20430000
2026-04-25T11:00:00+00:00,2320.57000000,2320.57000000,2311.20000000,2313.64000000,3083.41510000
2026-04-25T12:00:00+00:00,2313.65000000,2317.02000000,2311.88000000,2313.55000000,3479.13910000
2026-04-25T13:00:00+00:00,2313.56000000,2317.88000000,2313.56000000,2316.25000000,2342.79180000
2026-04-25T14:00:00+00:00,2316.25000000,2318.94000000,2315.27000000,2316.02000000,3122.02400000
2026-04-25T15:00:00+00:00,2316.03000000,2318.68000000,2303.00000000,2308.09000000,6697.52290000
2026-04-25T16:00:00+00:00,2308.08000000,2311.03000000,2300.55000000,2309.53000000,10410.57620000
2026-04-25T17:00:00+00:00,2309.54000000,2313.62000000,2307.34000000,2309.36000000,4362.47310000
2026-04-25T18:00:00+00:00,2309.36000000,2313.98000000,2308.28000000,2311.55000000,2819.96310000
2026-04-25T19:00:00+00:00,2311.55000000,2312.31000000,2307.12000000,2310.06000000,2083.67420000
2026-04-25T20:00:00+00:00,2310.06000000,2313.21000000,2308.85000000,2313.20000000,1361.61270000
2026-04-25T21:00:00+00:00,2313.21000000,2317.35000000,2312.86000000,2315.80000000,2432.52740000
2026-04-25T22:00:00+00:00,2315.79000000,2320.42000000,2315.09000000,2317.75000000,1894.66460000
2026-04-25T23:00:00+00:00,2317.76000000,2319.86000000,2316.92000000,2319.50000000,1694.23940000
2026-04-26T00:00:00+00:00,2319.49000000,2320.06000000,2312.00000000,2315.37000000,2339.57590000
2026-04-26T01:00:00+00:00,2315.37000000,2317.88000000,2313.48000000,2313.85000000,2629.48890000
2026-04-26T02:00:00+00:00,2313.84000000,2318.40000000,2313.58000000,2315.15000000,1662.72680000
2026-04-26T03:00:00+00:00,2315.15000000,2316.35000000,2306.72000000,2310.00000000,3380.93360000
2026-04-26T04:00:00+00:00,2309.99000000,2319.76000000,2308.97000000,2317.74000000,2619.15570000
2026-04-26T05:00:00+00:00,2317.73000000,2336.48000000,2317.57000000,2327.84000000,15716.82870000
2026-04-26T06:00:00+00:00,2327.85000000,2333.27000000,2327.46000000,2329.99000000,4332.56420000
2026-04-26T07:00:00+00:00,2330.00000000,2332.25000000,2328.58000000,2331.24000000,2312.78480000
2026-04-26T08:00:00+00:00,2331.25000000,2337.68000000,2330.49000000,2332.38000000,4685.46080000
2026-04-26T09:00:00+00:00,2332.37000000,2335.59000000,2329.66000000,2334.69000000,2480.19170000
2026-04-26T10:00:00+00:00,2334.68000000,2336.32000000,2331.70000000,2332.95000000,2898.43610000
2026-04-26T11:00:00+00:00,2332.95000000,2337.50000000,2332.75000000,2335.95000000,2047.14790000
2026-04-26T12:00:00+00:00,2335.96000000,2336.40000000,2324.19000000,2328.89000000,4449.03660000
2026-04-26T13:00:00+00:00,2328.90000000,2336.00000000,2328.11000000,2335.22000000,3739.86650000
2026-04-26T14:00:00+00:00,2335.21000000,2352.44000000,2333.64000000,2346.20000000,12976.67370000
2026-04-26T15:00:00+00:00,2346.20000000,2348.93000000,2344.23000000,2348.05000000,3342.30380000
2026-04-26T16:00:00+00:00,2348.06000000,2349.43000000,2342.91000000,2342.92000000,3916.77880000
2026-04-26T17:00:00+00:00,2342.92000000,2349.99000000,2340.56000000,2349.43000000,3116.55930000
2026-04-26T18:00:00+00:00,2349.42000000,2369.01000000,2347.42000000,2361.99000000,16174.02880000
2026-04-26T19:00:00+00:00,2361.99000000,2376.35000000,2359.55000000,2367.40000000,11849.38690000
2026-04-26T20:00:00+00:00,2367.40000000,2372.68000000,2362.50000000,2362.50000000,5233.96550000
2026-04-26T21:00:00+00:00,2362.51000000,2370.33000000,2348.47000000,2364.34000000,11912.71110000
2026-04-26T22:00:00+00:00,2364.34000000,2380.00000000,2353.53000000,2361.89000000,17014.56380000
2026-04-26T23:00:00+00:00,2361.88000000,2378.61000000,2356.73000000,2369.44000000,13760.45200000
2026-04-27T00:00:00+00:00,2369.45000000,2392.00000000,2359.46000000,2390.76000000,13606.04920000
2026-04-27T01:00:00+00:00,2390.56000000,2404.37000000,2377.56000000,2394.61000000,20709.39020000
2026-04-27T02:00:00+00:00,2394.60000000,2397.00000000,2387.29000000,2392.16000000,6638.13620000
2026-04-27T03:00:00+00:00,2392.16000000,2400.43000000,2390.57000000,2394.85000000,7687.05960000
2026-04-27T04:00:00+00:00,2394.85000000,2396.05000000,2380.45000000,2382.84000000,8734.80510000
2026-04-27T05:00:00+00:00,2382.84000000,2383.46000000,2319.31000000,2323.18000000,40068.40220000
2026-04-27T06:00:00+00:00,2323.17000000,2329.13000000,2312.71000000,2321.00000000,13665.93190000
2026-04-27T07:00:00+00:00,2321.01000000,2323.82000000,2315.00000000,2316.01000000,9210.59830000
2026-04-27T08:00:00+00:00,2316.00000000,2319.68000000,2309.13000000,2319.68000000,12143.72230000
2026-04-27T09:00:00+00:00,2319.68000000,2325.52000000,2315.59000000,2322.19000000,9530.39600000
2026-04-27T10:00:00+00:00,2322.19000000,2323.97000000,2318.87000000,2320.14000000,3965.49050000
2026-04-27T11:00:00+00:00,2320.14000000,2322.84000000,2316.84000000,2320.39000000,3965.89780000
2026-04-27T12:00:00+00:00,2320.39000000,2320.96000000,2312.59000000,2314.11000000,6575.78630000
2026-04-27T13:00:00+00:00,2314.10000000,2320.76000000,2303.50000000,2312.28000000,17353.16980000
2026-04-27T14:00:00+00:00,2312.28000000,2329.82000000,2308.69000000,2314.75000000,14991.19660000
2026-04-27T15:00:00+00:00,2314.75000000,2315.16000000,2266.09000000,2275.07000000,46951.25790000
2026-04-27T16:00:00+00:00,2275.07000000,2280.60000000,2270.04000000,2278.12000000,12121.63400000
2026-04-27T17:00:00+00:00,2278.13000000,2292.91000000,2278.12000000,2287.08000000,18597.60270000
2026-04-27T18:00:00+00:00,2287.09000000,2292.09000000,2284.50000000,2288.75000000,7485.64920000
2026-04-27T19:00:00+00:00,2288.75000000,2291.08000000,2274.98000000,2289.14000000,8112.40690000
2026-04-27T20:00:00+00:00,2289.15000000,2296.36000000,2289.08000000,2291.70000000,5969.88120000
2026-04-27T21:00:00+00:00,2291.69000000,2292.40000000,2287.00000000,2287.33000000,3065.78920000
2026-04-27T22:00:00+00:00,2287.34000000,2295.70000000,2284.66000000,2294.36000000,4214.83020000
2026-04-27T23:00:00+00:00,2294.36000000,2308.61000000,2291.16000000,2303.67000000,4998.77530000
2026-04-28T00:00:00+00:00,2303.66000000,2310.88000000,2299.47000000,2306.77000000,5364.78870000
2026-04-28T01:00:00+00:00,2306.76000000,2308.76000000,2297.78000000,2298.61000000,4184.58680000
2026-04-28T02:00:00+00:00,2298.61000000,2301.01000000,2280.99000000,2289.11000000,7908.45280000
2026-04-28T03:00:00+00:00,2289.10000000,2291.00000000,2282.39000000,2290.94000000,3711.45680000
2026-04-28T04:00:00+00:00,2290.93000000,2294.60000000,2283.32000000,2288.57000000,5863.04480000
2026-04-28T05:00:00+00:00,2288.58000000,2296.91000000,2286.71000000,2288.13000000,10496.12340000
2026-04-28T06:00:00+00:00,2288.13000000,2291.00000000,2270.53000000,2277.63000000,10739.73810000
2026-04-28T07:00:00+00:00,2277.63000000,2288.65000000,2270.65000000,2287.99000000,9917.56090000
2026-04-28T08:00:00+00:00,2288.00000000,2291.64000000,2283.86000000,2287.07000000,6065.71220000
2026-04-28T09:00:00+00:00,2287.07000000,2288.51000000,2276.67000000,2282.27000000,7654.63360000
2026-04-28T10:00:00+00:00,2282.26000000,2287.63000000,2280.84000000,2284.51000000,6577.07730000
2026-04-28T11:00:00+00:00,2284.51000000,2285.36000000,2270.36000000,2275.32000000,12432.16900000
2026-04-28T12:00:00+00:00,2275.32000000,2281.29000000,2271.59000000,2278.23000000,6214.52580000
2026-04-28T13:00:00+00:00,2278.23000000,2286.20000000,2258.24000000,2276.36000000,19869.02930000
2026-04-28T14:00:00+00:00,2276.37000000,2276.63000000,2261.00000000,2273.44000000,14378.68830000
2026-04-28T15:00:00+00:00,2273.44000000,2280.61000000,2269.22000000,2279.76000000,9305.20190000
2026-04-28T16:00:00+00:00,2279.76000000,2288.38000000,2274.38000000,2286.18000000,9159.16950000
2026-04-28T17:00:00+00:00,2286.18000000,2293.38000000,2278.99000000,2290.73000000,8094.15210000
2026-04-28T18:00:00+00:00,2290.73000000,2298.31000000,2287.90000000,2296.96000000,7249.18620000
2026-04-28T19:00:00+00:00,2296.96000000,2305.55000000,2290.26000000,2301.96000000,8930.41070000
2026-04-28T20:00:00+00:00,2301.96000000,2305.95000000,2295.52000000,2295.55000000,3554.34460000
2026-04-28T21:00:00+00:00,2295.55000000,2297.20000000,2285.75000000,2290.12000000,5268.45650000
2026-04-28T22:00:00+00:00,2290.12000000,2294.50000000,2285.48000000,2286.18000000,2436.75930000
2026-04-28T23:00:00+00:00,2286.17000000,2290.18000000,2284.15000000,2289.42000000,2556.95150000
2026-04-29T00:00:00+00:00,2289.42000000,2294.24000000,2285.38000000,2292.40000000,4053.35050000
2026-04-29T01:00:00+00:00,2292.41000000,2297.30000000,2278.84000000,2292.45000000,10251.44960000
2026-04-29T02:00:00+00:00,2292.45000000,2295.61000000,2284.68000000,2288.88000000,7158.86380000
2026-04-29T03:00:00+00:00,2288.87000000,2316.36000000,2287.61000000,2311.52000000,18471.98190000
2026-04-29T04:00:00+00:00,2311.53000000,2342.50000000,2309.33000000,2327.32000000,26313.90110000
2026-04-29T05:00:00+00:00,2327.32000000,2333.22000000,2322.83000000,2329.19000000,12864.95100000
2026-04-29T06:00:00+00:00,2329.19000000,2336.64000000,2320.24000000,2324.58000000,9480.45910000
2026-04-29T07:00:00+00:00,2324.59000000,2330.31000000,2321.70000000,2323.73000000,6478.98450000
2026-04-29T08:00:00+00:00,2323.74000000,2329.03000000,2321.11000000,2325.33000000,4136.26410000
2026-04-29T09:00:00+00:00,2325.33000000,2346.66000000,2322.74000000,2339.72000000,12808.42460000
2026-04-29T10:00:00+00:00,2339.71000000,2346.95000000,2330.01000000,2333.68000000,9453.42700000
2026-04-29T11:00:00+00:00,2333.67000000,2336.00000000,2328.79000000,2331.74000000,8275.19710000
2026-04-29T12:00:00+00:00,2331.74000000,2331.94000000,2307.40000000,2316.13000000,16486.42900000
2026-04-29T13:00:00+00:00,2316.13000000,2318.15000000,2289.94000000,2303.03000000,18372.55950000
2026-04-29T14:00:00+00:00,2303.02000000,2308.29000000,2293.86000000,2299.39000000,14483.77040000
2026-04-29T15:00:00+00:00,2299.40000000,2301.24000000,2263.10000000,2272.51000000,31727.41000000
2026-04-29T16:00:00+00:00,2272.50000000,2279.27000000,2263.35000000,2267.47000000,19698.28950000
2026-04-29T17:00:00+00:00,2267.48000000,2283.33000000,2266.30000000,2283.12000000,11615.55670000
2026-04-29T18:00:00+00:00,2283.12000000,2285.92000000,2220.36000000,2239.41000000,56466.68440000
2026-04-29T19:00:00+00:00,2239.41000000,2242.44000000,2225.00000000,2233.70000000,17551.98580000
2026-04-29T20:00:00+00:00,2233.69000000,2248.73000000,2230.49000000,2240.42000000,12588.21290000
2026-04-29T21:00:00+00:00,2240.42000000,2264.80000000,2238.59000000,2253.13000000,15432.46060000
2026-04-29T22:00:00+00:00,2253.14000000,2259.01000000,2250.19000000,2257.78000000,5462.71960000
2026-04-29T23:00:00+00:00,2257.77000000,2260.30000000,2250.35000000,2252.90000000,5444.76880000
2026-04-30T00:00:00+00:00,2252.90000000,2275.00000000,2249.47000000,2272.46000000,9779.81740000
2026-04-30T01:00:00+00:00,2272.45000000,2279.00000000,2267.06000000,2269.35000000,8290.37380000
2026-04-30T02:00:00+00:00,2269.36000000,2273.14000000,2236.36000000,2245.13000000,12671.65920000
2026-04-30T03:00:00+00:00,2245.12000000,2256.82000000,2243.89000000,2253.24000000,5318.36810000
2026-04-30T04:00:00+00:00,2253.24000000,2254.27000000,2236.89000000,2238.97000000,7758.48710000
2026-04-30T05:00:00+00:00,2238.98000000,2248.31000000,2231.64000000,2242.76000000,8319.89810000
2026-04-30T06:00:00+00:00,2242.76000000,2252.49000000,2241.86000000,2248.03000000,6064.24860000
2026-04-30T07:00:00+00:00,2248.03000000,2262.23000000,2243.71000000,2260.31000000,11236.23760000
2026-04-30T08:00:00+00:00,2260.31000000,2263.21000000,2255.27000000,2256.65000000,10003.37900000
2026-04-30T09:00:00+00:00,2256.65000000,2271.11000000,2256.00000000,2261.86000000,6145.31950000
2026-04-30T10:00:00+00:00,2261.86000000,2265.74000000,2256.78000000,2262.01000000,5283.39230000
2026-04-30T11:00:00+00:00,2262.00000000,2273.70000000,2252.07000000,2258.18000000,9303.83330000
2026-04-30T12:00:00+00:00,2258.18000000,2271.07000000,2257.74000000,2265.45000000,6154.98150000
2026-04-30T13:00:00+00:00,2265.46000000,2272.56000000,2254.74000000,2263.90000000,10742.92680000
2026-04-30T14:00:00+00:00,2263.90000000,2271.07000000,2245.82000000,2262.01000000,14497.19110000
2026-04-30T15:00:00+00:00,2262.00000000,2275.13000000,2257.65000000,2265.70000000,6476.88280000
2026-04-30T16:00:00+00:00,2265.70000000,2267.16000000,2255.80000000,2257.24000000,3880.30640000
2026-04-30T17:00:00+00:00,2257.24000000,2260.47000000,2251.62000000,2258.14000000,4889.14400000
2026-04-30T18:00:00+00:00,2258.13000000,2265.29000000,2254.55000000,2259.84000000,4110.25940000
2026-04-30T19:00:00+00:00,2259.84000000,2267.09000000,2258.13000000,2261.99000000,4771.37880000
2026-04-30T20:00:00+00:00,2261.98000000,2267.32000000,2260.56000000,2264.34000000,3286.64660000
2026-04-30T21:00:00+00:00,2264.34000000,2264.65000000,2254.00000000,2256.29000000,3541.84040000
2026-04-30T22:00:00+00:00,2256.29000000,2261.34000000,2252.42000000,2254.25000000,2399.15250000
2026-04-30T23:00:00+00:00,2254.25000000,2259.01000000,2254.00000000,2257.51000000,2268.55330000
2026-05-01T00:00:00+00:00,2257.51000000,2266.00000000,2257.21000000,2260.00000000,3813.14050000
2026-05-01T01:00:00+00:00,2260.00000000,2270.56000000,2260.00000000,2267.75000000,4214.43020000
2026-05-01T02:00:00+00:00,2267.75000000,2270.00000000,2265.00000000,2266.94000000,3090.67620000
2026-05-01T03:00:00+00:00,2266.94000000,2295.00000000,2266.25000000,2282.87000000,15806.44670000
2026-05-01T04:00:00+00:00,2282.87000000,2285.89000000,2277.56000000,2280.12000000,5118.51530000
2026-05-01T05:00:00+00:00,2280.11000000,2286.75000000,2278.28000000,2283.26000000,3488.17170000
2026-05-01T06:00:00+00:00,2283.26000000,2286.66000000,2272.09000000,2277.45000000,8129.98310000
2026-05-01T07:00:00+00:00,2277.46000000,2281.10000000,2273.14000000,2279.48000000,6175.19670000
2026-05-01T08:00:00+00:00,2279.50000000,2288.50000000,2277.44000000,2286.92000000,5887.10330000
2026-05-01T09:00:00+00:00,2286.93000000,2287.10000000,2279.87000000,2282.07000000,3605.49890000
2026-05-01T10:00:00+00:00,2282.08000000,2285.88000000,2277.06000000,2282.53000000,3877.87370000
2026-05-01T11:00:00+00:00,2282.53000000,2293.00000000,2281.71000000,2286.45000000,5323.84300000
2026-05-01T12:00:00+00:00,2286.46000000,2311.49000000,2284.15000000,2301.36000000,21967.89140000
2026-05-01T13:00:00+00:00,2301.37000000,2324.00000000,2301.37000000,2318.22000000,20286.22010000
2026-05-01T14:00:00+00:00,2318.22000000,2325.28000000,2301.42000000,2308.04000000,20163.37100000
2026-05-01T15:00:00+00:00,2308.03000000,2316.74000000,2298.77000000,2307.64000000,12397.24200000
2026-05-01T16:00:00+00:00,2307.64000000,2314.21000000,2298.17000000,2301.94000000,14505.20020000
2026-05-01T17:00:00+00:00,2301.95000000,2313.53000000,2298.71000000,2311.76000000,5191.87020000
2026-05-01T18:00:00+00:00,2311.76000000,2312.50000000,2303.45000000,2304.76000000,3781.96250000
2026-05-01T19:00:00+00:00,2304.77000000,2307.84000000,2302.20000000,2304.85000000,2921.47090000
2026-05-01T20:00:00+00:00,2304.85000000,2305.86000000,2278.98000000,2285.19000000,9002.03650000
2026-05-01T21:00:00+00:00,2285.18000000,2294.25000000,2283.58000000,2292.68000000,6643.54010000
2026-05-01T22:00:00+00:00,2292.67000000,2299.35000000,2291.00000000,2293.50000000,3376.53720000
2026-05-01T23:00:00+00:00,2293.50000000,2296.23000000,2289.00000000,2295.63000000,2314.33360000
2026-05-02T00:00:00+00:00,2295.63000000,2299.30000000,2292.91000000,2297.60000000,2566.81160000
2026-05-02T01:00:00+00:00,2297.59000000,2300.98000000,2295.88000000,2298.63000000,2462.39890000
2026-05-02T02:00:00+00:00,2298.62000000,2308.34000000,2295.43000000,2303.31000000,3153.61240000
2026-05-02T03:00:00+00:00,2303.31000000,2308.34000000,2301.01000000,2304.44000000,2768.53770000
2026-05-02T04:00:00+00:00,2304.43000000,2304.91000000,2299.59000000,2301.26000000,2155.28250000
2026-05-02T05:00:00+00:00,2301.26000000,2301.52000000,2296.62000000,2299.47000000,2997.22670000
2026-05-02T06:00:00+00:00,2299.46000000,2306.35000000,2297.09000000,2305.58000000,2532.16710000
2026-05-02T07:00:00+00:00,2305.59000000,2306.16000000,2301.01000000,2301.02000000,2421.68910000
2026-05-02T08:00:00+00:00,2301.01000000,2304.44000000,2299.05000000,2303.35000000,1949.33970000
2026-05-02T09:00:00+00:00,2303.34000000,2307.78000000,2303.34000000,2305.13000000,2145.83690000
2026-05-02T10:00:00+00:00,2305.13000000,2305.96000000,2302.41000000,2303.54000000,2130.67770000
2026-05-02T11:00:00+00:00,2303.54000000,2304.99000000,2300.25000000,2302.10000000,2172.60550000
2026-05-02T12:00:00+00:00,2302.09000000,2305.92000000,2301.36000000,2303.52000000,2299.23950000
2026-05-02T13:00:00+00:00,2303.53000000,2311.83000000,2303.53000000,2308.08000000,4502.62890000
2026-05-02T14:00:00+00:00,2308.08000000,2308.59000000,2305.23000000,2306.69000000,2719.95750000
2026-05-02T15:00:00+00:00,2306.69000000,2310.10000000,2305.32000000,2309.19000000,2150.03510000
2026-05-02T16:00:00+00:00,2309.18000000,2313.98000000,2307.96000000,2309.31000000,3799.92580000
2026-05-02T17:00:00+00:00,2309.31000000,2310.25000000,2305.69000000,2305.90000000,1534.34770000
2026-05-02T18:00:00+00:00,2305.90000000,2311.57000000,2304.08000000,2310.30000000,3982.29350000
2026-05-02T19:00:00+00:00,2310.31000000,2312.79000000,2309.17000000,2311.08000000,1676.52470000
2026-05-02T20:00:00+00:00,2311.08000000,2311.84000000,2309.59000000,2311.58000000,1484.94420000
2026-05-02T21:00:00+00:00,2311.59000000,2343.60000000,2310.79000000,2325.62000000,17150.54570000
2026-05-02T22:00:00+00:00,2325.62000000,2328.36000000,2317.88000000,2327.00000000,8792.74860000
2026-05-02T23:00:00+00:00,2326.99000000,2326.99000000,2313.98000000,2316.97000000,6039.09540000
2026-05-03T00:00:00+00:00,2316.97000000,2317.69000000,2308.90000000,2313.98000000,5842.40010000
2026-05-03T01:00:00+00:00,2313.98000000,2314.09000000,2303.43000000,2304.14000000,4580.86880000
2026-05-03T02:00:00+00:00,2304.14000000,2306.83000000,2299.38000000,2303.41000000,4664.48700000
2026-05-03T03:00:00+00:00,2303.41000000,2304.00000000,2300.00000000,2301.90000000,4381.12390000
2026-05-03T04:00:00+00:00,2301.90000000,2304.37000000,2297.59000000,2301.53000000,3019.38370000
2026-05-03T05:00:00+00:00,2301.53000000,2305.56000000,2301.26000000,2304.11000000,1981.33040000
2026-05-03T06:00:00+00:00,2304.11000000,2306.38000000,2299.69000000,2304.49000000,2420.70560000
2026-05-03T07:00:00+00:00,2304.50000000,2314.01000000,2304.42000000,2309.28000000,3800.11250000
2026-05-03T08:00:00+00:00,2309.28000000,2312.67000000,2307.65000000,2308.28000000,1870.38400000
2026-05-03T09:00:00+00:00,2308.29000000,2322.27000000,2307.49000000,2316.47000000,5985.39310000
2026-05-03T10:00:00+00:00,2316.48000000,2316.73000000,2311.32000000,2311.54000000,2373.36200000
2026-05-03T11:00:00+00:00,2311.54000000,2327.50000000,2310.52000000,2319.63000000,7325.98670000
2026-05-03T12:00:00+00:00,2319.63000000,2332.61000000,2319.63000000,2325.71000000,9087.05960000
2026-05-03T13:00:00+00:00,2325.71000000,2328.74000000,2320.61000000,2322.21000000,3616.52980000
2026-05-03T14:00:00+00:00,2322.22000000,2329.60000000,2321.19000000,2328.28000000,4002.72230000
2026-05-03T15:00:00+00:00,2328.28000000,2333.91000000,2324.96000000,2328.44000000,4767.78140000
2026-05-03T16:00:00+00:00,2328.45000000,2335.00000000,2322.38000000,2328.41000000,5781.03150000
2026-05-03T17:00:00+00:00,2328.40000000,2335.35000000,2324.11000000,2331.85000000,5608.76030000
2026-05-03T18:00:00+00:00,2331.85000000,2333.60000000,2328.29000000,2330.98000000,2263.69050000
2026-05-03T19:00:00+00:00,2330.98000000,2337.87000000,2328.47000000,2335.59000000,5542.65120000
2026-05-03T20:00:00+00:00,2335.60000000,2344.35000000,2328.28000000,2329.58000000,14443.59230000
2026-05-03T21:00:00+00:00,2329.58000000,2334.18000000,2315.00000000,2324.27000000,8154.99100000
2026-05-03T22:00:00+00:00,2324.27000000,2356.92000000,2324.26000000,2343.89000000,25346.82920000
2026-05-03T23:00:00+00:00,2343.89000000,2347.47000000,2319.96000000,2322.65000000,14213.25730000
2026-05-04T00:00:00+00:00,2322.65000000,2322.65000000,2309.24000000,2319.00000000,12348.56990000
2026-05-04T01:00:00+00:00,2319.00000000,2354.02000000,2312.98000000,2351.20000000,17681.89730000
2026-05-04T02:00:00+00:00,2351.21000000,2387.99000000,2345.41000000,2374.73000000,52188.87670000
2026-05-04T03:00:00+00:00,2374.73000000,2391.00000000,2371.74000000,2385.12000000,32108.65260000
2026-05-04T04:00:00+00:00,2385.11000000,2398.93000000,2384.37000000,2390.12000000,21582.92970000
2026-05-04T05:00:00+00:00,2390.12000000,2391.28000000,2375.26000000,2376.19000000,17415.08910000
2026-05-04T06:00:00+00:00,2376.19000000,2378.42000000,2354.20000000,2368.41000000,20127.19190000
2026-05-04T07:00:00+00:00,2368.41000000,2373.87000000,2362.51000000,2362.80000000,10295.30820000
2026-05-04T08:00:00+00:00,2362.79000000,2365.11000000,2357.30000000,2360.04000000,9858.63130000
2026-05-04T09:00:00+00:00,2360.04000000,2371.09000000,2358.04000000,2368.71000000,8607.63500000
2026-05-04T10:00:00+00:00,2368.72000000,2369.89000000,2314.25000000,2338.36000000,57424.27630000
2026-05-04T11:00:00+00:00,2338.35000000,2343.62000000,2332.91000000,2337.59000000,9840.48950000
2026-05-04T12:00:00+00:00,2337.59000000,2343.78000000,2333.04000000,2335.53000000,7733.18190000
2026-05-04T13:00:00+00:00,2335.53000000,2344.53000000,2325.71000000,2336.53000000,17747.97410000
2026-05-04T14:00:00+00:00,2336.53000000,2381.80000000,2327.47000000,2371.39000000,36557.22850000
2026-05-04T15:00:00+00:00,2371.40000000,2374.38000000,2336.01000000,2350.10000000,41176.80860000
2026-05-04T16:00:00+00:00,2350.11000000,2365.00000000,2336.63000000,2355.28000000,23191.64950000
2026-05-04T17:00:00+00:00,2355.27000000,2379.52000000,2353.84000000,2370.09000000,18853.82440000
2026-05-04T18:00:00+00:00,2370.10000000,2374.86000000,2357.02000000,2361.41000000,12397.37820000
2026-05-04T19:00:00+00:00,2361.42000000,2364.35000000,2353.52000000,2356.52000000,7858.59210000
2026-05-04T20:00:00+00:00,2356.52000000,2359.12000000,2347.77000000,2350.15000000,5105.17740000
2026-05-04T21:00:00+00:00,2350.14000000,2364.59000000,2350.14000000,2360.89000000,3844.63450000
2026-05-04T22:00:00+00:00,2360.89000000,2365.91000000,2353.95000000,2354.58000000,5172.54170000
2026-05-04T23:00:00+00:00,2354.58000000,2354.58000000,2344.83000000,2347.16000000,3902.26010000
2026-05-05T00:00:00+00:00,2347.17000000,2359.00000000,2344.93000000,2358.83000000,4815.83220000
2026-05-05T01:00:00+00:00,2358.83000000,2364.49000000,2355.10000000,2361.82000000,4711.32650000
2026-05-05T02:00:00+00:00,2361.81000000,2377.80000000,2359.10000000,2367.72000000,10448.21310000
2026-05-05T03:00:00+00:00,2367.72000000,2389.38000000,2364.71000000,2382.43000000,23394.28190000
2026-05-05T04:00:00+00:00,2382.43000000,2386.00000000,2376.04000000,2381.11000000,9427.60930000
2026-05-05T05:00:00+00:00,2381.10000000,2390.74000000,2376.88000000,2380.19000000,13610.81160000
2026-05-05T06:00:00+00:00,2380.19000000,2381.51000000,2367.35000000,2378.85000000,12310.88700000
2026-05-05T07:00:00+00:00,2378.84000000,2388.56000000,2375.81000000,2380.59000000,13689.63260000
2026-05-05T08:00:00+00:00,2380.59000000,2384.62000000,2373.00000000,2376.81000000,7058.71600000
2026-05-05T09:00:00+00:00,2376.82000000,2376.96000000,2366.76000000,2369.60000000,6990.99070000
2026-05-05T10:00:00+00:00,2369.60000000,2379.34000000,2367.30000000,2378.41000000,7091.04500000
2026-05-05T11:00:00+00:00,2378.42000000,2383.49000000,2372.95000000,2379.89000000,8240.20180000
2026-05-05T12:00:00+00:00,2379.89000000,2390.47000000,2376.34000000,2388.52000000,11730.36560000
2026-05-05T13:00:00+00:00,2388.52000000,2399.50000000,2383.50000000,2388.72000000,26443.45700000
2026-05-05T14:00:00+00:00,2388.71000000,2392.36000000,2369.17000000,2378.78000000,27223.16590000
2026-05-05T15:00:00+00:00,2378.78000000,2387.93000000,2375.50000000,2381.31000000,13411.52150000
2026-05-05T16:00:00+00:00,2381.30000000,2383.38000000,2361.00000000,2365.94000000,17932.14440000
2026-05-05T17:00:00+00:00,2365.94000000,2369.92000000,2359.71000000,2362.80000000,9807.30240000
2026-05-05T18:00:00+00:00,2362.81000000,2374.78000000,2362.81000000,2372.28000000,8710.19090000
2026-05-05T19:00:00+00:00,2372.28000000,2376.73000000,2369.33000000,2371.94000000,4461.63510000
2026-05-05T20:00:00+00:00,2371.94000000,2387.00000000,2371.21000000,2382.41000000,11866.11530000
2026-05-05T21:00:00+00:00,2382.41000000,2388.54000000,2368.90000000,2375.43000000,9166.37060000
2026-05-05T22:00:00+00:00,2375.43000000,2381.68000000,2354.34000000,2367.51000000,14184.53710000
2026-05-05T23:00:00+00:00,2367.51000000,2369.75000000,2355.00000000,2360.77000000,9910.37770000
2026-05-06T00:00:00+00:00,2360.76000000,2367.72000000,2355.00000000,2364.63000000,9670.61290000
2026-05-06T01:00:00+00:00,2364.63000000,2376.99000000,2362.75000000,2373.19000000,8948.27430000
2026-05-06T02:00:00+00:00,2373.20000000,2373.70000000,2360.00000000,2369.75000000,6539.21280000
2026-05-06T03:00:00+00:00,2369.75000000,2380.87000000,2368.08000000,2376.80000000,7896.70320000
2026-05-06T04:00:00+00:00,2376.81000000,2379.40000000,2361.25000000,2366.08000000,7910.60150000
2026-05-06T05:00:00+00:00,2366.08000000,2366.99000000,2355.00000000,2365.03000000,11450.57820000
2026-05-06T06:00:00+00:00,2365.03000000,2371.29000000,2361.00000000,2370.52000000,6311.32670000
2026-05-06T07:00:00+00:00,2370.53000000,2375.00000000,2368.57000000,2371.74000000,7842.16610000
2026-05-06T08:00:00+00:00,2371.74000000,2396.19000000,2369.16000000,2394.33000000,18454.83800000
2026-05-06T09:00:00+00:00,2394.32000000,2418.39000000,2384.80000000,2412.76000000,47718.37650000
2026-05-06T10:00:00+00:00,2412.77000000,2414.43000000,2405.18000000,2410.20000000,17192.89720000
2026-05-06T11:00:00+00:00,2410.20000000,2423.74000000,2408.34000000,2410.47000000,30434.93490000
2026-05-06T12:00:00+00:00,2410.47000000,2413.59000000,2400.55000000,2405.11000000,22282.12910000
2026-05-06T13:00:00+00:00,2405.11000000,2405.11000000,2365.01000000,2368.51000000,42551.56330000
2026-05-06T14:00:00+00:00,2368.52000000,2373.29000000,2346.68000000,2359.23000000,51777.31810000
2026-05-06T15:00:00+00:00,2359.23000000,2366.00000000,2354.98000000,2359.10000000,20851.53100000
2026-05-06T16:00:00+00:00,2359.10000000,2367.47000000,2350.56000000,2358.08000000,19002.55030000
2026-05-06T17:00:00+00:00,2358.09000000,2360.99000000,2347.71000000,2349.70000000,13561.19730000
2026-05-06T18:00:00+00:00,2349.71000000,2352.55000000,2338.00000000,2345.00000000,18017.07740000
2026-05-06T19:00:00+00:00,2345.00000000,2350.00000000,2342.14000000,2348.50000000,9241.85520000
2026-05-06T20:00:00+00:00,2348.49000000,2357.04000000,2345.23000000,2350.94000000,13484.21910000
2026-05-06T21:00:00+00:00,2350.94000000,2357.45000000,2345.83000000,2354.52000000,10416.75860000
2026-05-06T22:00:00+00:00,2354.52000000,2355.05000000,2344.99000000,2347.28000000,8076.53310000
2026-05-06T23:00:00+00:00,2347.28000000,2351.34000000,2338.28000000,2350.84000000,11034.06130000
2026-05-07T00:00:00+00:00,2350.84000000,2352.30000000,2329.05000000,2329.65000000,13622.32340000
2026-05-07T01:00:00+00:00,2329.66000000,2335.00000000,2314.16000000,2327.41000000,18902.74930000
2026-05-07T02:00:00+00:00,2327.40000000,2327.95000000,2313.89000000,2321.88000000,19439.19490000
2026-05-07T03:00:00+00:00,2321.89000000,2326.20000000,2315.74000000,2322.39000000,11540.04970000
2026-05-07T04:00:00+00:00,2322.39000000,2327.52000000,2317.80000000,2327.51000000,10417.53780000
2026-05-07T05:00:00+00:00,2327.51000000,2333.97000000,2327.02000000,2331.08000000,10970.91920000
2026-05-07T06:00:00+00:00,2331.08000000,2338.57000000,2320.00000000,2337.13000000,14009.38160000
2026-05-07T07:00:00+00:00,2337.14000000,2346.89000000,2336.72000000,2344.59000000,16120.17130000
2026-05-07T08:00:00+00:00,2344.59000000,2346.60000000,2332.00000000,2333.73000000,15120.56010000
2026-05-07T09:00:00+00:00,2333.73000000,2337.11000000,2326.83000000,2329.05000000,13919.74830000
2026-05-07T10:00:00+00:00,2329.04000000,2331.63000000,2317.35000000,2326.78000000,13596.46650000
2026-05-07T11:00:00+00:00,2326.78000000,2331.59000000,2325.45000000,2329.94000000,11503.00690000
2026-05-07T12:00:00+00:00,2329.94000000,2337.13000000,2329.04000000,2333.01000000,12385.89480000
2026-05-07T13:00:00+00:00,2333.02000000,2333.02000000,2305.40000000,2314.32000000,39011.66860000
2026-05-07T14:00:00+00:00,2314.32000000,2318.75000000,2289.51000000,2298.98000000,46781.22340000
2026-05-07T15:00:00+00:00,2298.98000000,2304.52000000,2285.95000000,2294.82000000,31328.16540000
2026-05-07T16:00:00+00:00,2294.82000000,2298.20000000,2285.37000000,2291.81000000,28001.19370000
2026-05-07T17:00:00+00:00,2291.81000000,2301.25000000,2280.10000000,2299.60000000,28378.65800000
2026-05-07T18:00:00+00:00,2299.61000000,2304.00000000,2291.27000000,2296.19000000,23860.34860000
2026-05-07T19:00:00+00:00,2296.18000000,2297.09000000,2287.88000000,2295.98000000,18517.28170000
2026-05-07T20:00:00+00:00,2295.98000000,2302.57000000,2287.94000000,2289.10000000,34000.85840000
2026-05-07T21:00:00+00:00,2289.10000000,2294.29000000,2281.29000000,2287.68000000,12799.08630000
2026-05-07T22:00:00+00:00,2287.68000000,2290.24000000,2281.04000000,2287.03000000,16424.34290000
2026-05-07T23:00:00+00:00,2287.03000000,2293.24000000,2286.11000000,2291.06000000,8871.10700000
2026-05-08T00:00:00+00:00,2291.06000000,2294.28000000,2283.66000000,2286.83000000,9997.27810000
2026-05-08T01:00:00+00:00,2286.83000000,2289.31000000,2280.28000000,2285.06000000,10079.19810000
2026-05-08T02:00:00+00:00,2285.06000000,2285.71000000,2268.00000000,2279.15000000,18687.35910000
2026-05-08T03:00:00+00:00,2279.15000000,2281.60000000,2265.61000000,2278.76000000,15605.19080000
2026-05-08T04:00:00+00:00,2278.77000000,2284.54000000,2276.50000000,2281.63000000,9647.49550000
2026-05-08T05:00:00+00:00,2281.63000000,2284.00000000,2275.97000000,2275.97000000,11633.25800000
2026-05-08T06:00:00+00:00,2275.98000000,2278.50000000,2268.60000000,2275.22000000,31348.26990000
2026-05-08T07:00:00+00:00,2275.23000000,2282.69000000,2267.15000000,2281.35000000,21264.44150000
2026-05-08T08:00:00+00:00,2281.37000000,2289.13000000,2280.15000000,2283.56000000,17210.39140000
2026-05-08T09:00:00+00:00,2283.56000000,2292.12000000,2280.35000000,2284.34000000,15015.73970000
2026-05-08T10:00:00+00:00,2284.34000000,2290.96000000,2281.17000000,2287.94000000,15731.50780000
2026-05-08T11:00:00+00:00,2287.95000000,2298.01000000,2287.95000000,2295.38000000,17761.49840000
2026-05-08T12:00:00+00:00,2295.38000000,2302.00000000,2282.46000000,2284.53000000,16435.04080000
2026-05-08T13:00:00+00:00,2284.53000000,2287.00000000,2269.96000000,2276.46000000,28468.80060000
2026-05-08T14:00:00+00:00,2276.46000000,2292.66000000,2273.32000000,2285.72000000,25640.10370000
2026-05-08T15:00:00+00:00,2285.72000000,2294.44000000,2274.94000000,2293.20000000,14657.39700000
2026-05-08T16:00:00+00:00,2293.20000000,2294.37000000,2286.42000000,2289.93000000,13453.99680000
2026-05-08T17:00:00+00:00,2289.93000000,2315.63000000,2289.39000000,2304.86000000,23598.57360000
2026-05-08T18:00:00+00:00,2304.87000000,2321.22000000,2304.87000000,2313.49000000,19654.01220000
2026-05-08T19:00:00+00:00,2313.49000000,2320.36000000,2312.48000000,2316.05000000,19777.93800000
2026-05-08T20:00:00+00:00,2316.06000000,2317.00000000,2305.36000000,2306.65000000,26417.62090000
2026-05-08T21:00:00+00:00,2306.64000000,2314.94000000,2304.21000000,2314.63000000,14078.50610000
2026-05-08T22:00:00+00:00,2314.62000000,2319.15000000,2310.26000000,2310.98000000,12732.97210000
2026-05-08T23:00:00+00:00,2310.98000000,2310.98000000,2303.19000000,2307.06000000,12138.56810000
2026-05-09T00:00:00+00:00,2307.07000000,2312.03000000,2304.19000000,2308.55000000,11551.95400000
2026-05-09T01:00:00+00:00,2308.55000000,2318.45000000,2308.23000000,2314.22000000,10857.77670000
2026-05-09T02:00:00+00:00,2314.23000000,2320.30000000,2313.80000000,2317.07000000,9468.17300000
2026-05-09T03:00:00+00:00,2317.07000000,2320.77000000,2312.60000000,2315.33000000,7290.81510000
2026-05-09T04:00:00+00:00,2315.33000000,2325.33000000,2311.27000000,2312.35000000,27184.84100000
2026-05-09T05:00:00+00:00,2312.35000000,2318.29000000,2310.90000000,2314.82000000,5918.43340000
2026-05-09T06:00:00+00:00,2314.82000000,2319.59000000,2312.95000000,2314.35000000,10307.91160000
2026-05-09T07:00:00+00:00,2314.35000000,2318.56000000,2311.34000000,2314.69000000,8349.90500000
2026-05-09T08:00:00+00:00,2314.69000000,2320.53000000,2314.23000000,2317.16000000,8698.33080000
2026-05-09T09:00:00+00:00,2317.16000000,2317.52000000,2311.37000000,2313.28000000,6746.95800000
2026-05-09T10:00:00+00:00,2313.28000000,2315.03000000,2310.24000000,2312.50000000,4778.59190000
2026-05-09T11:00:00+00:00,2312.49000000,2315.56000000,2312.49000000,2314.57000000,5435.84730000
2026-05-09T12:00:00+00:00,2314.56000000,2318.27000000,2313.24000000,2316.54000000,5219.30630000
2026-05-09T13:00:00+00:00,2316.54000000,2316.55000000,2311.69000000,2314.34000000,4773.33480000
2026-05-09T14:00:00+00:00,2314.34000000,2315.32000000,2305.21000000,2308.27000000,8247.08320000
2026-05-09T15:00:00+00:00,2308.27000000,2317.64000000,2300.00000000,2317.63000000,12866.05550000
2026-05-09T16:00:00+00:00,2317.64000000,2325.28000000,2315.29000000,2319.99000000,15466.00990000
2026-05-09T17:00:00+00:00,2320.00000000,2333.61000000,2320.00000000,2329.45000000,21099.49220000
2026-05-09T18:00:00+00:00,2329.46000000,2338.37000000,2328.80000000,2330.22000000,11248.54600000
2026-05-09T19:00:00+00:00,2330.23000000,2333.10000000,2326.54000000,2332.01000000,9103.60020000
2026-05-09T20:00:00+00:00,2332.02000000,2332.81000000,2327.26000000,2329.18000000,5902.36180000
2026-05-09T21:00:00+00:00,2329.17000000,2331.55000000,2328.62000000,2330.82000000,6093.51710000
2026-05-09T22:00:00+00:00,2330.82000000,2333.47000000,2327.22000000,2329.89000000,6868.12510000
2026-05-09T23:00:00+00:00,2329.89000000,2331.96000000,2324.70000000,2326.44000000,6954.18710000
2026-05-10T00:00:00+00:00,2326.43000000,2329.71000000,2321.16000000,2323.89000000,7913.82340000
2026-05-10T01:00:00+00:00,2323.90000000,2324.97000000,2318.33000000,2323.67000000,9455.72550000
2026-05-10T02:00:00+00:00,2323.68000000,2328.00000000,2320.08000000,2327.94000000,7197.48560000
2026-05-10T03:00:00+00:00,2327.94000000,2332.91000000,2323.70000000,2327.76000000,8711.10210000
2026-05-10T04:00:00+00:00,2327.75000000,2330.98000000,2326.10000000,2328.27000000,7716.13430000
2026-05-10T05:00:00+00:00,2328.28000000,2330.00000000,2326.51000000,2327.30000000,6244.92760000
2026-05-10T06:00:00+00:00,2327.30000000,2330.75000000,2326.65000000,2329.30000000,6968.68380000
2026-05-10T07:00:00+00:00,2329.31000000,2332.09000000,2327.36000000,2327.36000000,6034.60590000
2026-05-10T08:00:00+00:00,2327.36000000,2331.83000000,2326.16000000,2330.15000000,7669.50070000
2026-05-10T09:00:00+00:00,2330.16000000,2333.59000000,2326.92000000,2328.22000000,6313.07100000
2026-05-10T10:00:00+00:00,2328.23000000,2328.82000000,2323.38000000,2325.46000000,7346.51570000
2026-05-10T11:00:00+00:00,2325.46000000,2327.42000000,2319.00000000,2322.58000000,7550.91180000
2026-05-10T12:00:00+00:00,2322.59000000,2325.35000000,2320.87000000,2324.12000000,5841.89520000
2026-05-10T13:00:00+00:00,2324.12000000,2331.99000000,2323.28000000,2329.80000000,11818.96590000
2026-05-10T14:00:00+00:00,2329.80000000,2335.00000000,2326.94000000,2330.90000000,11780.75080000
2026-05-10T15:00:00+00:00,2330.90000000,2351.66000000,2330.90000000,2347.56000000,22485.36560000
2026-05-10T16:00:00+00:00,2347.56000000,2350.85000000,2340.11000000,2350.00000000,17749.15020000
2026-05-10T17:00:00+00:00,2349.99000000,2368.00000000,2345.40000000,2364.10000000,114535.23660000
2026-05-10T18:00:00+00:00,2364.11000000,2366.79000000,2356.63000000,2358.54000000,11161.52800000
2026-05-10T19:00:00+00:00,2358.53000000,2366.79000000,2351.25000000,2365.54000000,10978.64510000
2026-05-10T20:00:00+00:00,2365.54000000,2369.86000000,2311.83000000,2328.76000000,30933.28060000
2026-05-10T21:00:00+00:00,2328.76000000,2336.85000000,2324.02000000,2330.80000000,15363.92270000
2026-05-10T22:00:00+00:00,2330.79000000,2377.64000000,2327.92000000,2373.78000000,33668.53410000
2026-05-10T23:00:00+00:00,2373.78000000,2382.53000000,2367.95000000,2371.27000000,22683.10010000
2026-05-11T00:00:00+00:00,2371.26000000,2374.92000000,2344.59000000,2352.35000000,19323.69840000
2026-05-11T01:00:00+00:00,2352.36000000,2365.58000000,2345.33000000,2358.54000000,9293.83150000
2026-05-11T02:00:00+00:00,2358.54000000,2360.79000000,2343.38000000,2345.39000000,9280.18670000
2026-05-11T03:00:00+00:00,2345.40000000,2345.40000000,2320.01000000,2330.56000000,22426.55500000
2026-05-11T04:00:00+00:00,2330.56000000,2335.99000000,2326.66000000,2332.85000000,10862.77750000
2026-05-11T05:00:00+00:00,2332.85000000,2340.49000000,2332.05000000,2335.30000000,9834.66590000
2026-05-11T06:00:00+00:00,2335.29000000,2342.44000000,2330.05000000,2333.48000000,9215.66800000
2026-05-11T07:00:00+00:00,2333.49000000,2333.49000000,2328.25000000,2330.54000000,5396.16460000
2026-05-11T08:00:00+00:00,2330.55000000,2334.66000000,2326.66000000,2330.48000000,7149.02020000
2026-05-11T09:00:00+00:00,2330.48000000,2338.61000000,2330.26000000,2336.08000000,4110.15030000
2026-05-11T10:00:00+00:00,2336.07000000,2339.90000000,2329.93000000,2329.94000000,5470.28460000
2026-05-11T11:00:00+00:00,2329.93000000,2335.80000000,2327.43000000,2335.80000000,4609.63100000
2026-05-11T12:00:00+00:00,2335.80000000,2338.89000000,2328.79000000,2329.50000000,7140.95350000
2026-05-11T13:00:00+00:00,2329.51000000,2332.86000000,2314.77000000,2322.32000000,15820.00730000
2026-05-11T14:00:00+00:00,2322.31000000,2328.80000000,2304.00000000,2316.48000000,18307.60630000
2026-05-11T15:00:00+00:00,2316.48000000,2335.60000000,2313.40000000,2333.48000000,13019.65860000
2026-05-11T16:00:00+00:00,2333.48000000,2341.21000000,2327.38000000,2329.78000000,15011.53990000
2026-05-11T17:00:00+00:00,2329.79000000,2343.83000000,2323.68000000,2336.71000000,10465.53710000
2026-05-11T18:00:00+00:00,2336.71000000,2344.35000000,2334.55000000,2335.35000000,10798.42890000
2026-05-11T19:00:00+00:00,2335.35000000,2344.00000000,2331.92000000,2340.43000000,7110.35870000
2026-05-11T20:00:00+00:00,2340.44000000,2345.44000000,2336.27000000,2338.15000000,7593.57020000
2026-05-11T21:00:00+00:00,2338.16000000,2342.49000000,2336.36000000,2340.71000000,5121.32530000
2026-05-11T22:00:00+00:00,2340.71000000,2345.68000000,2336.63000000,2341.43000000,5867.56760000
2026-05-11T23:00:00+00:00,2341.43000000,2342.23000000,2335.08000000,2339.87000000,3732.86810000
2026-05-12T00:00:00+00:00,2339.88000000,2340.85000000,2332.13000000,2333.54000000,5083.89580000
2026-05-12T01:00:00+00:00,2333.54000000,2335.66000000,2295.01000000,2311.41000000,27250.34840000
2026-05-12T02:00:00+00:00,2311.40000000,2317.00000000,2307.20000000,2315.89000000,8716.19700000
2026-05-12T03:00:00+00:00,2315.89000000,2317.31000000,2307.20000000,2309.37000000,5742.04840000
2026-05-12T04:00:00+00:00,2309.36000000,2314.49000000,2305.65000000,2310.92000000,5344.51110000
2026-05-12T05:00:00+00:00,2310.92000000,2314.08000000,2309.74000000,2310.12000000,6159.88590000
2026-05-12T06:00:00+00:00,2310.13000000,2313.84000000,2302.63000000,2303.89000000,8109.01350000
2026-05-12T07:00:00+00:00,2303.90000000,2304.82000000,2291.63000000,2295.20000000,15768.30220000
2026-05-12T08:00:00+00:00,2295.20000000,2296.27000000,2280.00000000,2288.01000000,25800.43160000
2026-05-12T09:00:00+00:00,2288.00000000,2295.30000000,2281.10000000,2292.84000000,11101.25730000
2026-05-12T10:00:00+00:00,2292.84000000,2293.88000000,2281.42000000,2286.20000000,14416.28190000
2026-05-12T11:00:00+00:00,2286.21000000,2287.09000000,2278.57000000,2287.01000000,9074.82740000
2026-05-12T12:00:00+00:00,2287.02000000,2294.01000000,2281.14000000,2288.97000000,10709.24510000
2026-05-12T13:00:00+00:00,2288.97000000,2292.51000000,2268.88000000,2271.99000000,17980.85570000
2026-05-12T14:00:00+00:00,2271.99000000,2281.89000000,2262.37000000,2269.18000000,18461.40510000
2026-05-12T15:00:00+00:00,2269.18000000,2274.38000000,2256.67000000,2261.85000000,16513.77230000
2026-05-12T16:00:00+00:00,2261.86000000,2271.24000000,2256.27000000,2263.83000000,11372.99980000
2026-05-12T17:00:00+00:00,2263.83000000,2278.00000000,2263.83000000,2276.59000000,6397.29530000
2026-05-12T18:00:00+00:00,2276.60000000,2284.60000000,2274.67000000,2279.30000000,6729.21040000
2026-05-12T19:00:00+00:00,2279.31000000,2287.43000000,2279.15000000,2285.09000000,5237.42830000
2026-05-12T20:00:00+00:00,2285.10000000,2287.39000000,2281.32000000,2285.04000000,3679.29570000
2026-05-12T21:00:00+00:00,2285.05000000,2287.64000000,2282.81000000,2285.40000000,3407.41660000
2026-05-12T22:00:00+00:00,2285.41000000,2291.37000000,2282.24000000,2282.34000000,4370.61330000
2026-05-12T23:00:00+00:00,2282.34000000,2284.18000000,2273.88000000,2274.96000000,5554.57010000
2026-05-13T00:00:00+00:00,2274.97000000,2286.79000000,2273.34000000,2281.56000000,4782.35350000
2026-05-13T01:00:00+00:00,2281.56000000,2295.29000000,2280.99000000,2289.98000000,8336.96210000
2026-05-13T02:00:00+00:00,2289.99000000,2299.89000000,2286.96000000,2293.99000000,6723.59220000
2026-05-13T03:00:00+00:00,2293.99000000,2303.77000000,2292.44000000,2301.77000000,5786.80430000
2026-05-13T04:00:00+00:00,2301.76000000,2309.00000000,2298.47000000,2306.67000000,5667.69910000
2026-05-13T05:00:00+00:00,2306.68000000,2307.48000000,2295.63000000,2297.76000000,6007.47380000
2026-05-13T06:00:00+00:00,2297.77000000,2305.13000000,2297.26000000,2301.84000000,4402.67540000
2026-05-13T07:00:00+00:00,2301.84000000,2303.03000000,2296.95000000,2301.07000000,4164.75970000
2026-05-13T08:00:00+00:00,2301.07000000,2316.96000000,2300.73000000,2316.64000000,11302.72900000
2026-05-13T09:00:00+00:00,2316.65000000,2323.36000000,2314.45000000,2321.19000000,12175.56180000
2026-05-13T10:00:00+00:00,2321.18000000,2321.60000000,2305.55000000,2308.46000000,7214.56200000
2026-05-13T11:00:00+00:00,2308.46000000,2308.91000000,2299.00000000,2301.82000000,8961.86030000
2026-05-13T12:00:00+00:00,2301.83000000,2307.54000000,2270.01000000,2284.35000000,21804.24650000
2026-05-13T13:00:00+00:00,2284.35000000,2288.31000000,2258.51000000,2262.80000000,25468.68090000
2026-05-13T14:00:00+00:00,2262.80000000,2270.97000000,2251.05000000,2267.39000000,23727.93780000
2026-05-13T15:00:00+00:00,2267.39000000,2270.25000000,2234.13000000,2236.49000000,30418.87820000
2026-05-13T16:00:00+00:00,2236.48000000,2253.35000000,2235.48000000,2250.75000000,23968.62560000
2026-05-13T17:00:00+00:00,2250.75000000,2261.77000000,2250.75000000,2258.31000000,9344.96910000
2026-05-13T18:00:00+00:00,2258.32000000,2268.49000000,2258.32000000,2259.68000000,14360.44090000
2026-05-13T19:00:00+00:00,2259.67000000,2260.71000000,2250.56000000,2256.53000000,7585.25440000
2026-05-13T20:00:00+00:00,2256.53000000,2264.46000000,2256.43000000,2263.75000000,4878.86970000
2026-05-13T21:00:00+00:00,2263.76000000,2264.07000000,2253.70000000,2255.79000000,3683.17320000
2026-05-13T22:00:00+00:00,2255.80000000,2260.55000000,2251.00000000,2259.60000000,4213.45890000
2026-05-13T23:00:00+00:00,2259.59000000,2261.79000000,2254.83000000,2258.65000000,3474.16150000
2026-05-14T00:00:00+00:00,2258.66000000,2269.37000000,2258.14000000,2266.58000000,6486.75700000
2026-05-14T01:00:00+00:00,2266.58000000,2269.37000000,2259.90000000,2264.91000000,4348.59640000
2026-05-14T02:00:00+00:00,2264.90000000,2266.75000000,2247.71000000,2251.53000000,8195.26170000
2026-05-14T03:00:00+00:00,2251.54000000,2255.00000000,2238.64000000,2242.14000000,9365.14620000
2026-05-14T04:00:00+00:00,2242.14000000,2258.25000000,2239.54000000,2256.70000000,5139.32020000
2026-05-14T05:00:00+00:00,2256.69000000,2273.71000000,2255.53000000,2268.44000000,10348.16300000
2026-05-14T06:00:00+00:00,2268.44000000,2275.20000000,2266.86000000,2267.71000000,8095.97770000
2026-05-14T07:00:00+00:00,2267.72000000,2270.79000000,2263.88000000,2265.48000000,5020.07280000
2026-05-14T08:00:00+00:00,2265.49000000,2270.99000000,2262.05000000,2266.36000000,7411.15370000
2026-05-14T09:00:00+00:00,2266.35000000,2267.72000000,2252.76000000,2257.80000000,8310.43770000
2026-05-14T10:00:00+00:00,2257.80000000,2265.51000000,2255.84000000,2262.14000000,7115.75910000
2026-05-14T11:00:00+00:00,2262.13000000,2264.00000000,2252.53000000,2253.81000000,8187.75990000
2026-05-14T12:00:00+00:00,2253.81000000,2263.24000000,2248.00000000,2261.48000000,8236.37440000
2026-05-14T13:00:00+00:00,2261.48000000,2265.32000000,2248.43000000,2249.42000000,15476.06020000
2026-05-14T14:00:00+00:00,2249.42000000,2289.00000000,2246.13000000,2286.99000000,22674.60060000
2026-05-14T15:00:00+00:00,2287.00000000,2299.70000000,2280.63000000,2298.48000000,22364.74920000
2026-05-14T16:00:00+00:00,2298.48000000,2318.66000000,2293.96000000,2316.36000000,28595.75390000
2026-05-14T17:00:00+00:00,2316.35000000,2319.33000000,2296.57000000,2308.18000000,20630.79280000
2026-05-14T18:00:00+00:00,2308.17000000,2316.78000000,2303.00000000,2309.63000000,11885.17140000
2026-05-14T19:00:00+00:00,2309.64000000,2312.22000000,2297.50000000,2298.34000000,10168.44990000
2026-05-14T20:00:00+00:00,2298.34000000,2301.43000000,2288.70000000,2298.08000000,8543.81950000
2026-05-14T21:00:00+00:00,2298.08000000,2300.27000000,2290.00000000,2297.19000000,6869.12930000
2026-05-14T22:00:00+00:00,2297.20000000,2301.67000000,2295.20000000,2298.16000000,4426.49120000
2026-05-14T23:00:00+00:00,2298.16000000,2298.16000000,2280.18000000,2283.25000000,8785.03810000
2026-05-15T00:00:00+00:00,2283.26000000,2300.29000000,2281.78000000,2291.39000000,9357.08660000
2026-05-15T01:00:00+00:00,2291.39000000,2294.74000000,2274.06000000,2275.45000000,14053.43480000
2026-05-15T02:00:00+00:00,2275.46000000,2279.26000000,2260.45000000,2276.37000000,21187.19740000
2026-05-15T03:00:00+00:00,2276.37000000,2279.64000000,2267.98000000,2273.34000000,12349.30000000
2026-05-15T04:00:00+00:00,2273.35000000,2273.91000000,2262.74000000,2263.33000000,5390.79150000
2026-05-15T05:00:00+00:00,2263.33000000,2267.00000000,2237.95000000,2245.41000000,25297.90030000
2026-05-15T06:00:00+00:00,2245.40000000,2256.92000000,2243.80000000,2255.35000000,8254.69430000
2026-05-15T07:00:00+00:00,2255.36000000,2271.64000000,2253.63000000,2265.11000000,11363.63770000
2026-05-15T08:00:00+00:00,2265.11000000,2265.42000000,2250.00000000,2257.56000000,10928.00660000
2026-05-15T09:00:00+00:00,2257.56000000,2260.00000000,2250.82000000,2254.50000000,5542.76330000
2026-05-15T10:00:00+00:00,2254.50000000,2264.49000000,2252.35000000,2262.44000000,7868.50400000
2026-05-15T11:00:00+00:00,2262.44000000,2263.95000000,2257.26000000,2257.57000000,6432.37800000
2026-05-15T12:00:00+00:00,2257.56000000,2260.72000000,2251.14000000,2254.29000000,7355.91210000
2026-05-15T13:00:00+00:00,2254.29000000,2254.29000000,2210.31000000,2213.68000000,42412.99390000
2026-05-15T14:00:00+00:00,2213.69000000,2223.79000000,2205.11000000,2213.35000000,36623.71700000
2026-05-15T15:00:00+00:00,2213.35000000,2223.96000000,2209.79000000,2222.85000000,11937.23920000
2026-05-15T16:00:00+00:00,2222.86000000,2231.11000000,2218.90000000,2224.59000000,11576.29530000
2026-05-15T17:00:00+00:00,2224.59000000,2232.88000000,2224.26000000,2229.47000000,8834.43470000
2026-05-15T18:00:00+00:00,2229.47000000,2232.86000000,2224.97000000,2228.36000000,6715.79590000
2026-05-15T19:00:00+00:00,2228.35000000,2228.42000000,2222.27000000,2223.35000000,5728.01310000
2026-05-15T20:00:00+00:00,2223.35000000,2226.13000000,2216.99000000,2220.14000000,6208.49650000
2026-05-15T21:00:00+00:00,2220.13000000,2225.08000000,2215.00000000,2216.99000000,5279.62430000
2026-05-15T22:00:00+00:00,2217.00000000,2225.01000000,2216.99000000,2224.18000000,5017.08960000
2026-05-15T23:00:00+00:00,2224.18000000,2226.29000000,2222.88000000,2224.66000000,2821.24460000
2026-05-16T00:00:00+00:00,2224.65000000,2231.51000000,2223.81000000,2227.00000000,3301.80640000
2026-05-16T01:00:00+00:00,2226.99000000,2230.85000000,2223.53000000,2229.62000000,2980.28520000
2026-05-16T02:00:00+00:00,2229.62000000,2231.50000000,2227.00000000,2229.91000000,2565.15920000
2026-05-16T03:00:00+00:00,2229.91000000,2230.64000000,2227.11000000,2228.01000000,2329.58100000
2026-05-16T04:00:00+00:00,2228.00000000,2228.96000000,2218.35000000,2225.98000000,4171.07140000
2026-05-16T05:00:00+00:00,2225.99000000,2227.13000000,2222.69000000,2225.37000000,2311.45520000
2026-05-16T06:00:00+00:00,2225.38000000,2226.89000000,2209.70000000,2215.45000000,8055.16700000
2026-05-16T07:00:00+00:00,2215.46000000,2215.81000000,2182.00000000,2194.81000000,38322.88800000
2026-05-16T08:00:00+00:00,2194.81000000,2196.87000000,2192.01000000,2193.26000000,6028.14630000
2026-05-16T09:00:00+00:00,2193.26000000,2193.85000000,2162.60000000,2173.57000000,27888.78430000
2026-05-16T10:00:00+00:00,2173.57000000,2175.00000000,2162.55000000,2173.85000000,18882.44850000
2026-05-16T11:00:00+00:00,2173.85000000,2181.00000000,2173.85000000,2176.10000000,13389.52100000
2026-05-16T12:00:00+00:00,2176.11000000,2179.26000000,2173.18000000,2176.50000000,8013.18970000
2026-05-16T13:00:00+00:00,2176.50000000,2180.00000000,2172.30000000,2177.12000000,8775.79860000
2026-05-16T14:00:00+00:00,2177.12000000,2188.16000000,2173.51000000,2179.93000000,11130.76090000
2026-05-16T15:00:00+00:00,2179.92000000,2183.79000000,2176.90000000,2180.00000000,10245.23400000
2026-05-16T16:00:00+00:00,2180.00000000,2183.52000000,2170.50000000,2174.11000000,13727.57610000
2026-05-16T17:00:00+00:00,2174.11000000,2180.79000000,2174.11000000,2178.91000000,3445.35750000
2026-05-16T18:00:00+00:00,2178.91000000,2185.22000000,2176.36000000,2181.35000000,3877.53290000
2026-05-16T19:00:00+00:00,2181.35000000,2182.77000000,2179.23000000,2179.57000000,2125.66200000
2026-05-16T20:00:00+00:00,2179.57000000,2182.90000000,2179.57000000,2181.45000000,1871.61780000
2026-05-16T21:00:00+00:00,2181.45000000,2183.54000000,2180.94000000,2182.39000000,1877.71500000
2026-05-16T22:00:00+00:00,2182.39000000,2183.28000000,2179.77000000,2180.47000000,1852.32980000
2026-05-16T23:00:00+00:00,2180.46000000,2183.03000000,2179.35000000,2180.77000000,2119.48830000
2026-05-17T00:00:00+00:00,2180.77000000,2185.60000000,2174.08000000,2177.59000000,4798.11360000
2026-05-17T01:00:00+00:00,2177.60000000,2183.60000000,2167.98000000,2169.18000000,9613.59510000
2026-05-17T02:00:00+00:00,2169.17000000,2176.25000000,2169.17000000,2174.50000000,3805.47050000
2026-05-17T03:00:00+00:00,2174.51000000,2184.50000000,2174.26000000,2181.70000000,4100.26570000
2026-05-17T04:00:00+00:00,2181.71000000,2190.37000000,2181.14000000,2187.61000000,5607.16940000
2026-05-17T05:00:00+00:00,2187.61000000,2195.00000000,2185.63000000,2185.91000000,4862.89710000
2026-05-17T06:00:00+00:00,2185.91000000,2188.00000000,2181.70000000,2185.02000000,3780.42180000
2026-05-17T07:00:00+00:00,2185.02000000,2188.49000000,2182.53000000,2186.64000000,3050.49990000
2026-05-17T08:00:00+00:00,2186.63000000,2187.06000000,2183.12000000,2185.95000000,2632.74650000
2026-05-17T09:00:00+00:00,2185.95000000,2191.38000000,2185.91000000,2190.23000000,2889.17470000
2026-05-17T10:00:00+00:00,2190.22000000,2198.14000000,2190.22000000,2194.28000000,5616.85750000
2026-05-17T11:00:00+00:00,2194.29000000,2194.72000000,2188.00000000,2192.00000000,4451.99910000
2026-05-17T12:00:00+00:00,2192.00000000,2198.04000000,2191.34000000,2194.30000000,3964.15530000
2026-05-17T13:00:00+00:00,2194.30000000,2194.93000000,2187.29000000,2192.12000000,4823.52270000
2026-05-17T14:00:00+00:00,2192.12000000,2192.39000000,2178.39000000,2186.64000000,6752.41170000
2026-05-17T15:00:00+00:00,2186.64000000,2188.84000000,2181.20000000,2186.51000000,3341.19700000
2026-05-17T16:00:00+00:00,2186.51000000,2189.12000000,2182.15000000,2182.51000000,2827.40530000
2026-05-17T17:00:00+00:00,2182.52000000,2184.95000000,2176.63000000,2183.67000000,4289.41980000
2026-05-17T18:00:00+00:00,2183.68000000,2188.50000000,2179.13000000,2188.49000000,2741.36400000
2026-05-17T19:00:00+00:00,2188.50000000,2193.62000000,2187.56000000,2192.53000000,2510.04600000
2026-05-17T20:00:00+00:00,2192.54000000,2193.68000000,2186.98000000,2189.55000000,2455.05330000
2026-05-17T21:00:00+00:00,2189.55000000,2194.82000000,2187.24000000,2191.81000000,2300.40230000
2026-05-17T22:00:00+00:00,2191.80000000,2191.80000000,2174.01000000,2179.69000000,11039.91880000
2026-05-17T23:00:00+00:00,2179.70000000,2179.70000000,2091.48000000,2131.00000000,72862.70780000
2026-05-18T00:00:00+00:00,2131.00000000,2132.00000000,2104.99000000,2115.46000000,33448.58020000
2026-05-18T01:00:00+00:00,2115.47000000,2121.33000000,2106.50000000,2117.54000000,16339.63000000
2026-05-18T02:00:00+00:00,2117.54000000,2124.00000000,2112.78000000,2116.64000000,9170.89860000
2026-05-18T03:00:00+00:00,2116.65000000,2123.91000000,2115.89000000,2118.44000000,7975.82250000
2026-05-18T04:00:00+00:00,2118.44000000,2125.50000000,2114.24000000,2124.85000000,6837.71620000
2026-05-18T05:00:00+00:00,2124.85000000,2125.83000000,2117.00000000,2118.25000000,6453.77770000
2026-05-18T06:00:00+00:00,2118.25000000,2121.00000000,2110.00000000,2119.03000000,9048.74900000
2026-05-18T07:00:00+00:00,2119.04000000,2123.99000000,2112.07000000,2120.82000000,9795.75520000
2026-05-18T08:00:00+00:00,2120.82000000,2124.05000000,2117.48000000,2121.57000000,6329.88020000
2026-05-18T09:00:00+00:00,2121.57000000,2121.93000000,2116.03000000,2116.88000000,4262.85060000
2026-05-18T10:00:00+00:00,2116.88000000,2117.59000000,2112.65000000,2114.55000000,6334.93780000
2026-05-18T11:00:00+00:00,2114.56000000,2139.75000000,2110.50000000,2133.90000000,15910.73190000
2026-05-18T12:00:00+00:00,2133.90000000,2157.24000000,2133.90000000,2151.01000000,25623.84350000
2026-05-18T13:00:00+00:00,2151.02000000,2151.41000000,2120.25000000,2130.91000000,25177.85510000
2026-05-18T14:00:00+00:00,2130.90000000,2130.90000000,2098.01000000,2110.32000000,31644.55940000
2026-05-18T15:00:00+00:00,2110.32000000,2111.30000000,2093.77000000,2107.48000000,31279.27440000
2026-05-18T16:00:00+00:00,2107.49000000,2111.19000000,2090.56000000,2097.71000000,18252.34440000
2026-05-18T17:00:00+00:00,2097.71000000,2110.19000000,2095.33000000,2108.21000000,10461.84630000
2026-05-18T18:00:00+00:00,2108.21000000,2109.12000000,2077.23000000,2081.32000000,29604.62770000
2026-05-18T19:00:00+00:00,2081.31000000,2128.49000000,2079.64000000,2125.07000000,35288.42710000
2026-05-18T20:00:00+00:00,2125.07000000,2131.03000000,2115.01000000,2117.61000000,10615.76070000
2026-05-18T21:00:00+00:00,2117.62000000,2142.67000000,2114.59000000,2137.38000000,14324.13220000
2026-05-18T22:00:00+00:00,2137.39000000,2142.57000000,2130.50000000,2135.74000000,12285.91810000
2026-05-18T23:00:00+00:00,2135.73000000,2139.17000000,2127.75000000,2130.08000000,5410.47440000
2026-05-19T00:00:00+00:00,2130.08000000,2146.95000000,2128.44000000,2135.88000000,7752.77330000
2026-05-19T01:00:00+00:00,2135.88000000,2138.40000000,2123.71000000,2124.92000000,8258.80950000
2026-05-19T02:00:00+00:00,2124.92000000,2135.67000000,2118.60000000,2123.31000000,7646.15330000
2026-05-19T03:00:00+00:00,2123.30000000,2134.61000000,2122.06000000,2131.30000000,5007.29460000
2026-05-19T04:00:00+00:00,2131.30000000,2136.65000000,2128.22000000,2133.88000000,4628.43930000
2026-05-19T05:00:00+00:00,2133.88000000,2137.74000000,2123.61000000,2135.21000000,7384.82640000
2026-05-19T06:00:00+00:00,2135.21000000,2140.31000000,2132.71000000,2137.52000000,5544.42310000
2026-05-19T07:00:00+00:00,2137.52000000,2145.00000000,2135.29000000,2140.97000000,7115.44730000
2026-05-19T08:00:00+00:00,2140.97000000,2141.40000000,2131.01000000,2133.72000000,7074.35050000
2026-05-19T09:00:00+00:00,2133.72000000,2134.50000000,2111.25000000,2114.49000000,12094.79320000
2026-05-19T10:00:00+00:00,2114.49000000,2121.96000000,2106.77000000,2118.36000000,10403.77650000
2026-05-19T11:00:00+00:00,2118.37000000,2120.24000000,2109.22000000,2110.85000000,5522.71460000
2026-05-19T12:00:00+00:00,2110.85000000,2119.35000000,2108.64000000,2118.49000000,5822.65550000
2026-05-19T13:00:00+00:00,2118.50000000,2127.53000000,2107.65000000,2119.03000000,17708.00040000
2026-05-19T14:00:00+00:00,2119.02000000,2123.60000000,2094.47000000,2106.55000000,23710.82990000
2026-05-19T15:00:00+00:00,2106.54000000,2113.42000000,2103.58000000,2110.19000000,8637.85220000
2026-05-19T16:00:00+00:00,2110.20000000,2122.45000000,2107.12000000,2121.12000000,6845.57030000
2026-05-19T17:00:00+00:00,2121.11000000,2125.07000000,2112.92000000,2115.75000000,6373.82640000
2026-05-19T18:00:00+00:00,2115.75000000,2119.62000000,2110.74000000,2115.28000000,5018.49480000
2026-05-19T19:00:00+00:00,2115.27000000,2123.16000000,2110.14000000,2113.15000000,6436.97050000
2026-05-19T20:00:00+00:00,2113.14000000,2118.82000000,2112.41000000,2118.39000000,2362.18800000
2026-05-19T21:00:00+00:00,2118.38000000,2120.59000000,2116.69000000,2116.97000000,3414.53510000
2026-05-19T22:00:00+00:00,2116.97000000,2116.97000000,2102.09000000,2106.40000000,7180.97320000
2026-05-19T23:00:00+00:00,2106.40000000,2118.68000000,2104.66000000,2111.93000000,4999.37710000
2026-05-20T00:00:00+00:00,2111.93000000,2115.95000000,2103.30000000,2111.29000000,5979.51790000
2026-05-20T01:00:00+00:00,2111.29000000,2119.24000000,2103.29000000,2115.28000000,6978.79380000
2026-05-20T02:00:00+00:00,2115.28000000,2117.14000000,2106.01000000,2109.43000000,3194.68350000
2026-05-20T03:00:00+00:00,2109.42000000,2116.30000000,2106.10000000,2111.60000000,3161.48430000
2026-05-20T04:00:00+00:00,2111.60000000,2114.78000000,2107.30000000,2113.20000000,3859.84960000
2026-05-20T05:00:00+00:00,2113.20000000,2130.38000000,2113.20000000,2125.63000000,14210.00760000
2026-05-20T06:00:00+00:00,2125.63000000,2134.41000000,2125.62000000,2133.75000000,10055.35380000
2026-05-20T07:00:00+00:00,2133.76000000,2136.50000000,2128.51000000,2129.74000000,6989.07840000
2026-05-20T08:00:00+00:00,2129.75000000,2138.00000000,2128.87000000,2131.91000000,8115.63620000
2026-05-20T09:00:00+00:00,2131.91000000,2133.00000000,2127.70000000,2129.36000000,4337.41430000
2026-05-20T10:00:00+00:00,2129.36000000,2137.02000000,2129.36000000,2130.82000000,4806.96900000
2026-05-20T11:00:00+00:00,2130.82000000,2132.24000000,2124.28000000,2128.30000000,4923.40520000
2026-05-20T12:00:00+00:00,2128.31000000,2140.00000000,2127.02000000,2134.01000000,5842.36350000
2026-05-20T13:00:00+00:00,2134.02000000,2135.73000000,2115.69000000,2120.61000000,16409.06090000
2026-05-20T14:00:00+00:00,2120.62000000,2139.63000000,2113.87000000,2135.25000000,19511.99750000
2026-05-20T15:00:00+00:00,2135.24000000,2149.00000000,2129.02000000,2136.75000000,17153.56180000
2026-05-20T16:00:00+00:00,2136.76000000,2140.51000000,2124.10000000,2135.46000000,9337.62790000
2026-05-20T17:00:00+00:00,2135.46000000,2148.77000000,2132.14000000,2140.50000000,10779.11260000
2026-05-20T18:00:00+00:00,2140.50000000,2140.95000000,2131.30000000,2132.10000000,6023.44870000
2026-05-20T19:00:00+00:00,2132.10000000,2141.45000000,2129.11000000,2139.12000000,6015.47480000
2026-05-20T20:00:00+00:00,2139.12000000,2140.76000000,2129.51000000,2135.93000000,4957.84930000
2026-05-20T21:00:00+00:00,2135.92000000,2138.59000000,2130.61000000,2130.62000000,3046.61870000
2026-05-20T22:00:00+00:00,2130.61000000,2130.61000000,2118.45000000,2128.32000000,9689.79470000
2026-05-20T23:00:00+00:00,2128.32000000,2130.37000000,2122.59000000,2129.44000000,3709.19000000
2026-05-21T00:00:00+00:00,2129.44000000,2145.32000000,2128.59000000,2142.92000000,7646.47450000
2026-05-21T01:00:00+00:00,2142.93000000,2157.50000000,2139.31000000,2141.07000000,11825.50220000
2026-05-21T02:00:00+00:00,2141.08000000,2148.04000000,2139.50000000,2141.50000000,4768.88430000
2026-05-21T03:00:00+00:00,2141.50000000,2146.85000000,2140.85000000,2145.76000000,3524.11370000
2026-05-21T04:00:00+00:00,2145.76000000,2148.75000000,2142.70000000,2145.00000000,3552.69700000
2026-05-21T05:00:00+00:00,2145.00000000,2148.19000000,2133.21000000,2136.30000000,6291.60250000
2026-05-21T06:00:00+00:00,2136.31000000,2138.61000000,2127.64000000,2128.57000000,8597.70980000
2026-05-21T07:00:00+00:00,2128.58000000,2137.00000000,2124.25000000,2135.06000000,8726.54340000
2026-05-21T08:00:00+00:00,2135.07000000,2148.33000000,2135.01000000,2138.26000000,8282.94930000
2026-05-21T09:00:00+00:00,2138.26000000,2140.94000000,2127.96000000,2127.98000000,6582.27960000
2026-05-21T10:00:00+00:00,2127.97000000,2130.09000000,2110.00000000,2114.19000000,19101.54680000
2026-05-21T11:00:00+00:00,2114.20000000,2119.94000000,2112.17000000,2115.27000000,7699.84300000
2026-05-21T12:00:00+00:00,2115.28000000,2119.91000000,2112.10000000,2117.22000000,11662.39480000
2026-05-21T13:00:00+00:00,2117.22000000,2124.09000000,2105.15000000,2120.46000000,18106.74570000
2026-05-21T14:00:00+00:00,2120.47000000,2125.59000000,2110.68000000,2121.96000000,14916.75520000
2026-05-21T15:00:00+00:00,2121.97000000,2138.05000000,2119.44000000,2132.65000000,21185.78220000
2026-05-21T16:00:00+00:00,2132.64000000,2136.66000000,2122.82000000,2127.79000000,10087.28370000
2026-05-21T17:00:00+00:00,2127.80000000,2153.75000000,2126.00000000,2146.60000000,23184.45160000
2026-05-21T18:00:00+00:00,2146.60000000,2148.00000000,2121.79000000,2126.87000000,13278.94640000
2026-05-21T19:00:00+00:00,2126.87000000,2145.78000000,2126.48000000,2142.83000000,9421.32560000
2026-05-21T20:00:00+00:00,2142.84000000,2143.46000000,2137.13000000,2138.62000000,5410.53220000
2026-05-21T21:00:00+00:00,2138.63000000,2141.00000000,2134.21000000,2135.42000000,2327.68590000
2026-05-21T22:00:00+00:00,2135.43000000,2136.87000000,2131.03000000,2131.85000000,2748.66720000
2026-05-21T23:00:00+00:00,2131.84000000,2136.77000000,2127.27000000,2133.76000000,3958.39510000
2026-05-22T00:00:00+00:00,2133.77000000,2134.99000000,2129.28000000,2129.33000000,2848.68080000
2026-05-22T01:00:00+00:00,2129.32000000,2137.00000000,2125.68000000,2135.88000000,4953.55990000
2026-05-22T02:00:00+00:00,2135.89000000,2140.01000000,2134.47000000,2137.98000000,3898.71590000
2026-05-22T03:00:00+00:00,2137.97000000,2141.39000000,2135.29000000,2137.88000000,2338.14580000
2026-05-22T04:00:00+00:00,2137.89000000,2141.34000000,2132.56000000,2134.00000000,2394.89560000
2026-05-22T05:00:00+00:00,2134.01000000,2135.95000000,2127.39000000,2129.21000000,4444.64460000
2026-05-22T06:00:00+00:00,2129.21000000,2130.86000000,2123.95000000,2125.68000000,7164.95180000
2026-05-22T07:00:00+00:00,2125.68000000,2132.73000000,2122.22000000,2128.70000000,9430.37080000
2026-05-22T08:00:00+00:00,2128.70000000,2133.34000000,2119.94000000,2122.30000000,14984.42940000
2026-05-22T09:00:00+00:00,2122.29000000,2125.24000000,2119.18000000,2123.98000000,5671.40060000
2026-05-22T10:00:00+00:00,2123.97000000,2125.40000000,2120.81000000,2123.00000000,3014.94430000
2026-05-22T11:00:00+00:00,2123.00000000,2131.01000000,2120.10000000,2130.78000000,7162.44230000
2026-05-22T12:00:00+00:00,2130.78000000,2138.00000000,2129.31000000,2134.99000000,7605.60030000
2026-05-22T13:00:00+00:00,2135.00000000,2135.75000000,2124.01000000,2130.23000000,11944.08650000
2026-05-22T14:00:00+00:00,2130.23000000,2130.23000000,2112.58000000,2116.94000000,15843.86200000
2026-05-22T15:00:00+00:00,2116.94000000,2125.49000000,2112.47000000,2119.48000000,6992.40970000
2026-05-22T16:00:00+00:00,2119.49000000,2124.00000000,2118.11000000,2122.78000000,5125.75280000
2026-05-22T17:00:00+00:00,2122.78000000,2130.00000000,2119.43000000,2119.60000000,7899.43390000
2026-05-22T18:00:00+00:00,2119.61000000,2121.57000000,2084.51000000,2099.99000000,21305.38540000
2026-05-22T19:00:00+00:00,2099.99000000,2103.10000000,2058.00000000,2065.54000000,37194.08580000
2026-05-22T20:00:00+00:00,2065.54000000,2078.85000000,2064.31000000,2073.40000000,12942.20360000
2026-05-22T21:00:00+00:00,2073.40000000,2079.59000000,2071.52000000,2078.18000000,5974.97090000
2026-05-22T22:00:00+00:00,2078.17000000,2079.58000000,2066.55000000,2072.71000000,8534.04280000
2026-05-22T23:00:00+00:00,2072.72000000,2077.24000000,2057.79000000,2065.85000000,12114.23930000
2026-05-23T00:00:00+00:00,2065.86000000,2070.61000000,2053.00000000,2064.63000000,21650.60940000
2026-05-23T01:00:00+00:00,2064.63000000,2069.92000000,2062.67000000,2068.93000000,6602.39140000
2026-05-23T02:00:00+00:00,2068.93000000,2070.37000000,2064.90000000,2068.52000000,3598.42430000
2026-05-23T03:00:00+00:00,2068.52000000,2072.00000000,2068.21000000,2070.78000000,3822.12240000
2026-05-23T04:00:00+00:00,2070.78000000,2071.19000000,2065.55000000,2067.30000000,2714.57130000
2026-05-23T05:00:00+00:00,2067.29000000,2068.00000000,2061.90000000,2064.85000000,8142.86520000
2026-05-23T06:00:00+00:00,2064.85000000,2065.81000000,2060.71000000,2061.69000000,6065.79960000
2026-05-23T07:00:00+00:00,2061.70000000,2063.06000000,2009.30000000,2028.59000000,58875.97660000
2026-05-23T08:00:00+00:00,2028.58000000,2032.10000000,2021.07000000,2030.32000000,16144.75890000
2026-05-23T09:00:00+00:00,2030.32000000,2031.00000000,2027.10000000,2027.29000000,5578.04840000
2026-05-23T10:00:00+00:00,2027.29000000,2033.79000000,2027.11000000,2031.57000000,4910.37890000
2026-05-23T11:00:00+00:00,2031.56000000,2036.01000000,2030.84000000,2031.48000000,7692.18540000
2026-05-23T12:00:00+00:00,2031.48000000,2032.07000000,2027.35000000,2031.07000000,7207.25260000
2026-05-23T13:00:00+00:00,2031.08000000,2046.10000000,2031.07000000,2044.89000000,17647.37330000
2026-05-23T14:00:00+00:00,2044.88000000,2065.32000000,2041.12000000,2061.64000000,16621.26210000
2026-05-23T15:00:00+00:00,2061.64000000,2068.68000000,2055.67000000,2060.27000000,13114.38010000
2026-05-23T16:00:00+00:00,2060.27000000,2065.00000000,2057.25000000,2061.65000000,6913.49830000
2026-05-23T17:00:00+00:00,2061.66000000,2065.87000000,2059.28000000,2063.98000000,5547.00710000
2026-05-23T18:00:00+00:00,2063.98000000,2083.64000000,2063.74000000,2074.27000000,14900.86830000
2026-05-23T19:00:00+00:00,2074.27000000,2081.00000000,2069.86000000,2077.33000000,12501.01140000
2026-05-23T20:00:00+00:00,2077.34000000,2147.00000000,2074.84000000,2146.30000000,60046.92530000
2026-05-23T21:00:00+00:00,2146.30000000,2149.95000000,2106.27000000,2116.84000000,33582.98360000
2026-05-23T22:00:00+00:00,2116.84000000,2120.28000000,2102.65000000,2116.83000000,10882.35460000
2026-05-23T23:00:00+00:00,2116.84000000,2121.84000000,2114.42000000,2117.68000000,5783.18040000
2026-05-24T00:00:00+00:00,2117.69000000,2121.50000000,2113.10000000,2119.45000000,5265.73510000
2026-05-24T01:00:00+00:00,2119.45000000,2125.51000000,2118.31000000,2122.56000000,7831.75490000
2026-05-24T02:00:00+00:00,2122.56000000,2125.45000000,2118.30000000,2122.53000000,8991.52120000
2026-05-24T03:00:00+00:00,2122.54000000,2127.28000000,2116.74000000,2119.04000000,7014.03970000
2026-05-24T04:00:00+00:00,2119.05000000,2123.86000000,2119.05000000,2120.21000000,3367.50720000
2026-05-24T05:00:00+00:00,2120.22000000,2121.39000000,2113.65000000,2119.98000000,8263.43570000
2026-05-24T06:00:00+00:00,2119.98000000,2129.93000000,2117.60000000,2128.13000000,11806.88960000
2026-05-24T07:00:00+00:00,2128.13000000,2129.79000000,2119.49000000,2121.01000000,5025.51550000
2026-05-24T08:00:00+00:00,2121.02000000,2123.23000000,2119.25000000,2120.32000000,3262.68090000
2026-05-24T09:00:00+00:00,2120.33000000,2124.37000000,2119.05000000,2123.41000000,4630.79730000
2026-05-24T10:00:00+00:00,2123.42000000,2132.14000000,2119.38000000,2122.35000000,8124.95840000
2026-05-24T11:00:00+00:00,2122.34000000,2127.82000000,2122.23000000,2126.18000000,4959.76230000
2026-05-24T12:00:00+00:00,2126.19000000,2126.58000000,2117.32000000,2119.97000000,7090.29640000
2026-05-24T13:00:00+00:00,2119.97000000,2121.05000000,2105.79000000,2110.14000000,12698.94150000
2026-05-24T14:00:00+00:00,2110.14000000,2112.52000000,2079.52000000,2097.98000000,28777.91890000
2026-05-24T15:00:00+00:00,2097.98000000,2100.00000000,2094.14000000,2095.84000000,4614.32970000
2026-05-24T16:00:00+00:00,2095.83000000,2109.00000000,2095.22000000,2103.62000000,7393.33020000
2026-05-24T17:00:00+00:00,2103.61000000,2106.68000000,2101.40000000,2102.88000000,3026.19390000
2026-05-24T18:00:00+00:00,2102.89000000,2104.78000000,2097.80000000,2099.97000000,2964.82750000
2026-05-24T19:00:00+00:00,2099.97000000,2102.58000000,2096.34000000,2100.87000000,3005.65020000
2026-05-24T20:00:00+00:00,2100.87000000,2102.11000000,2091.51000000,2093.15000000,7064.44110000
2026-05-24T21:00:00+00:00,2093.15000000,2098.63000000,2063.00000000,2070.59000000,19007.06320000
2026-05-24T22:00:00+00:00,2070.59000000,2099.49000000,2070.56000000,2092.37000000,15066.08130000
2026-05-24T23:00:00+00:00,2092.38000000,2107.00000000,2091.67000000,2099.85000000,8495.08880000
2026-05-25T00:00:00+00:00,2099.86000000,2109.40000000,2099.70000000,2104.95000000,5423.31030000
2026-05-25T01:00:00+00:00,2104.96000000,2107.99000000,2093.22000000,2094.13000000,3994.55100000
2026-05-25T02:00:00+00:00,2094.13000000,2113.25000000,2094.13000000,2098.35000000,9625.74390000
2026-05-25T03:00:00+00:00,2098.35000000,2100.00000000,2092.57000000,2095.58000000,5087.50280000
2026-05-25T04:00:00+00:00,2095.59000000,2108.14000000,2092.26000000,2105.83000000,6872.57220000
2026-05-25T05:00:00+00:00,2105.83000000,2111.70000000,2104.39000000,2108.22000000,6681.75230000
2026-05-25T06:00:00+00:00,2108.21000000,2111.42000000,2099.27000000,2108.99000000,13294.38960000
2026-05-25T07:00:00+00:00,2109.00000000,2117.55000000,2106.50000000,2116.28000000,15151.61640000
2026-05-25T08:00:00+00:00,2116.29000000,2117.79000000,2111.70000000,2116.82000000,4505.83360000
2026-05-25T09:00:00+00:00,2116.83000000,2124.10000000,2116.17000000,2117.02000000,6886.84410000
2026-05-25T10:00:00+00:00,2117.03000000,2121.23000000,2114.86000000,2117.03000000,3718.05190000
2026-05-25T11:00:00+00:00,2117.02000000,2120.30000000,2114.26000000,2114.95000000,6556.30200000
2026-05-25T12:00:00+00:00,2114.95000000,2119.61000000,2112.25000000,2117.34000000,5452.85870000
2026-05-25T13:00:00+00:00,2117.35000000,2120.00000000,2114.27000000,2116.28000000,4019.12580000
2026-05-25T14:00:00+00:00,2116.28000000,2130.24000000,2115.77000000,2128.34000000,9741.59960000
2026-05-25T15:00:00+00:00,2128.35000000,2138.28000000,2122.90000000,2127.12000000,10474.40140000
2026-05-25T16:00:00+00:00,2127.13000000,2141.98000000,2125.14000000,2136.40000000,7753.01990000
2026-05-25T17:00:00+00:00,2136.40000000,2140.52000000,2128.24000000,2128.55000000,5752.71160000
2026-05-25T18:00:00+00:00,2128.54000000,2133.81000000,2126.64000000,2126.85000000,3516.00690000
2026-05-25T19:00:00+00:00,2126.86000000,2126.86000000,2116.55000000,2121.43000000,6484.72590000
2026-05-25T20:00:00+00:00,2121.42000000,2123.16000000,2107.38000000,2108.64000000,8784.83010000
2026-05-25T21:00:00+00:00,2108.64000000,2113.04000000,2108.00000000,2110.90000000,5923.72840000
2026-05-25T22:00:00+00:00,2110.90000000,2115.68000000,2102.35000000,2103.61000000,7949.39830000
2026-05-25T23:00:00+00:00,2103.60000000,2113.85000000,2102.62000000,2113.01000000,2777.72120000
2026-05-26T00:00:00+00:00,2113.01000000,2113.89000000,2084.83000000,2097.75000000,13327.66780000
2026-05-26T01:00:00+00:00,2097.74000000,2100.50000000,2088.03000000,2094.35000000,8023.96830000
2026-05-26T02:00:00+00:00,2094.36000000,2095.80000000,2084.79000000,2088.83000000,8476.61350000
2026-05-26T03:00:00+00:00,2088.83000000,2093.84000000,2084.52000000,2093.12000000,4866.84810000
2026-05-26T04:00:00+00:00,2093.11000000,2096.45000000,2088.82000000,2093.67000000,3649.15500000
2026-05-26T05:00:00+00:00,2093.68000000,2103.65000000,2092.05000000,2100.91000000,5929.06560000
2026-05-26T06:00:00+00:00,2100.90000000,2104.65000000,2094.78000000,2101.73000000,4410.94590000
2026-05-26T07:00:00+00:00,2101.73000000,2102.63000000,2090.65000000,2095.61000000,8948.79410000
2026-05-26T08:00:00+00:00,2095.61000000,2100.14000000,2095.13000000,2097.25000000,4538.51240000
2026-05-26T09:00:00+00:00,2097.26000000,2099.62000000,2094.10000000,2096.81000000,5436.34080000
2026-05-26T10:00:00+00:00,2096.80000000,2137.29000000,2094.23000000,2127.56000000,22774.40480000
2026-05-26T11:00:00+00:00,2127.57000000,2130.60000000,2118.60000000,2121.01000000,11839.32260000
2026-05-26T12:00:00+00:00,2121.00000000,2126.93000000,2111.01000000,2126.20000000,14192.12630000
2026-05-26T13:00:00+00:00,2126.20000000,2131.50000000,2109.62000000,2125.30000000,14084.87610000
2026-05-26T14:00:00+00:00,2125.30000000,2140.49000000,2105.85000000,2109.29000000,33208.65610000
2026-05-26T15:00:00+00:00,2109.30000000,2112.20000000,2078.75000000,2087.36000000,32199.25340000
2026-05-26T16:00:00+00:00,2087.36000000,2089.97000000,2073.48000000,2079.56000000,22306.90780000
2026-05-26T17:00:00+00:00,2079.56000000,2083.84000000,2055.06000000,2070.84000000,23360.51180000
2026-05-26T18:00:00+00:00,2070.84000000,2081.21000000,2066.80000000,2068.59000000,12788.13710000
2026-05-26T19:00:00+00:00,2068.60000000,2076.85000000,2065.72000000,2074.29000000,7453.97100000
2026-05-26T20:00:00+00:00,2074.30000000,2078.51000000,2073.90000000,2078.35000000,4902.95550000
2026-05-26T21:00:00+00:00,2078.35000000,2078.78000000,2069.45000000,2072.85000000,5570.49490000
2026-05-26T22:00:00+00:00,2072.85000000,2076.52000000,2065.98000000,2068.79000000,5511.54890000
2026-05-26T23:00:00+00:00,2068.79000000,2076.85000000,2068.79000000,2073.77000000,4752.23180000
2026-05-27T00:00:00+00:00,2073.77000000,2084.23000000,2073.77000000,2083.36000000,6285.95920000
2026-05-27T01:00:00+00:00,2083.35000000,2083.93000000,2071.86000000,2074.53000000,5128.28910000
2026-05-27T02:00:00+00:00,2074.53000000,2076.26000000,2069.11000000,2076.26000000,4885.71760000
2026-05-27T03:00:00+00:00,2076.25000000,2080.00000000,2068.90000000,2070.00000000,5687.04050000
2026-05-27T04:00:00+00:00,2070.01000000,2073.08000000,2056.31000000,2072.21000000,9589.49710000
2026-05-27T05:00:00+00:00,2072.21000000,2079.20000000,2071.62000000,2077.37000000,6758.56650000
2026-05-27T06:00:00+00:00,2077.38000000,2081.46000000,2075.01000000,2079.62000000,5208.19620000
2026-05-27T07:00:00+00:00,2079.62000000,2084.16000000,2076.07000000,2083.78000000,5639.43190000
2026-05-27T08:00:00+00:00,2083.77000000,2096.71000000,2083.56000000,2085.05000000,10820.89540000
2026-05-27T09:00:00+00:00,2085.06000000,2087.78000000,2078.26000000,2083.36000000,6725.06150000
2026-05-27T10:00:00+00:00,2083.36000000,2087.90000000,2079.47000000,2079.50000000,5736.14980000
2026-05-27T11:00:00+00:00,2079.51000000,2085.29000000,2078.88000000,2080.55000000,5464.44910000
2026-05-27T12:00:00+00:00,2080.56000000,2097.40000000,2073.84000000,2078.76000000,16450.21590000
2026-05-27T13:00:00+00:00,2078.76000000,2080.64000000,2051.96000000,2064.53000000,30449.57200000
2026-05-27T14:00:00+00:00,2064.52000000,2071.86000000,2054.84000000,2062.62000000,14769.81580000
2026-05-27T15:00:00+00:00,2062.62000000,2079.73000000,2061.21000000,2071.38000000,17352.51300000
2026-05-27T16:00:00+00:00,2071.39000000,2074.50000000,2060.00000000,2070.15000000,9732.68730000
2026-05-27T17:00:00+00:00,2070.14000000,2070.30000000,2044.08000000,2052.28000000,18451.10300000
2026-05-27T18:00:00+00:00,2052.27000000,2056.92000000,2043.31000000,2056.71000000,9687.17110000
2026-05-27T19:00:00+00:00,2056.72000000,2061.16000000,2054.42000000,2057.47000000,7524.50570000
2026-05-27T20:00:00+00:00,2057.47000000,2066.14000000,2057.22000000,2063.29000000,6848.80960000
2026-05-27T21:00:00+00:00,2063.30000000,2063.30000000,2016.00000000,2021.04000000,27264.09680000
2026-05-27T22:00:00+00:00,2021.04000000,2035.00000000,2016.27000000,2025.34000000,18431.62400000
2026-05-27T23:00:00+00:00,2025.34000000,2030.19000000,2018.17000000,2024.84000000,13071.78920000
2026-05-28T00:00:00+00:00,2024.83000000,2029.20000000,2020.70000000,2028.23000000,7260.13740000
2026-05-28T01:00:00+00:00,2028.23000000,2029.20000000,2012.70000000,2020.32000000,11652.52320000
2026-05-28T02:00:00+00:00,2020.32000000,2021.99000000,2014.77000000,2017.75000000,6355.01110000
2026-05-28T03:00:00+00:00,2017.75000000,2020.96000000,1972.00000000,1981.55000000,65339.90560000
2026-05-28T04:00:00+00:00,1981.55000000,1986.39000000,1967.00000000,1982.33000000,29086.97190000
2026-05-28T05:00:00+00:00,1982.33000000,1983.55000000,1975.66000000,1978.52000000,15129.26730000
2026-05-28T06:00:00+00:00,1978.52000000,1984.83000000,1972.50000000,1984.07000000,13330.43580000
2026-05-28T07:00:00+00:00,1984.07000000,1996.78000000,1982.41000000,1995.56000000,17213.75490000
2026-05-28T08:00:00+00:00,1995.56000000,1996.23000000,1985.00000000,1988.26000000,10802.47240000
2026-05-28T09:00:00+00:00,1988.27000000,1995.51000000,1984.85000000,1994.04000000,7182.52510000
2026-05-28T10:00:00+00:00,1994.04000000,1998.40000000,1988.71000000,1990.32000000,8384.45700000
2026-05-28T11:00:00+00:00,1990.32000000,1992.72000000,1986.53000000,1989.89000000,6584.48840000
2026-05-28T12:00:00+00:00,1989.88000000,1994.58000000,1981.57000000,1991.89000000,8270.53120000
2026-05-28T13:00:00+00:00,1991.88000000,1995.00000000,1975.35000000,1981.55000000,19736.37400000
2026-05-28T14:00:00+00:00,1981.55000000,2002.50000000,1967.38000000,1993.62000000,35350.52050000
2026-05-28T15:00:00+00:00,1993.61000000,1999.40000000,1983.84000000,1990.65000000,12630.76070000
2026-05-28T16:00:00+00:00,1990.65000000,2015.00000000,1985.22000000,2013.19000000,21750.79470000
2026-05-28T17:00:00+00:00,2013.18000000,2027.14000000,2009.26000000,2019.51000000,15166.12170000
2026-05-28T18:00:00+00:00,2019.51000000,2030.00000000,2018.24000000,2025.00000000,12176.78970000
2026-05-28T19:00:00+00:00,2025.00000000,2025.01000000,2014.04000000,2014.55000000,8204.67130000
2026-05-28T20:00:00+00:00,2014.54000000,2020.03000000,2006.44000000,2014.11000000,8782.19700000
2026-05-28T21:00:00+00:00,2014.12000000,2024.63000000,2013.42000000,2020.17000000,10806.26590000
2026-05-28T22:00:00+00:00,2020.17000000,2022.90000000,2005.43000000,2005.60000000,6944.66990000
2026-05-28T23:00:00+00:00,2005.60000000,2011.96000000,2005.60000000,2009.90000000,5693.27440000
2026-05-29T00:00:00+00:00,2009.89000000,2017.17000000,2009.89000000,2012.46000000,6280.29710000
2026-05-29T01:00:00+00:00,2012.45000000,2016.47000000,2005.90000000,2008.23000000,4986.04930000
2026-05-29T02:00:00+00:00,2008.23000000,2010.62000000,1997.24000000,1999.22000000,9165.03500000
2026-05-29T03:00:00+00:00,1999.23000000,2007.86000000,1999.23000000,2002.78000000,3879.19330000
2026-05-29T04:00:00+00:00,2002.79000000,2008.51000000,1998.40000000,2008.51000000,5655.09470000
2026-05-29T05:00:00+00:00,2008.51000000,2015.30000000,2008.00000000,2014.56000000,6780.81160000
2026-05-29T06:00:00+00:00,2014.56000000,2021.51000000,2012.17000000,2018.09000000,6848.14420000
2026-05-29T07:00:00+00:00,2018.09000000,2019.81000000,2003.46000000,2007.62000000,15125.86770000
2026-05-29T08:00:00+00:00,2007.61000000,2013.91000000,2005.45000000,2006.11000000,12193.23020000
2026-05-29T09:00:00+00:00,2006.11000000,2016.11000000,2006.11000000,2014.85000000,6224.13420000
2026-05-29T10:00:00+00:00,2014.84000000,2014.85000000,2009.77000000,2011.10000000,4438.34050000
2026-05-29T11:00:00+00:00,2011.11000000,2014.29000000,2002.35000000,2007.58000000,5868.37360000
2026-05-29T12:00:00+00:00,2007.58000000,2007.58000000,1995.10000000,1999.78000000,9243.97800000
2026-05-29T13:00:00+00:00,1999.78000000,2006.16000000,1988.14000000,1999.53000000,14117.28760000
2026-05-29T14:00:00+00:00,1999.53000000,2004.31000000,1976.48000000,2001.84000000,25392.70960000
2026-05-29T15:00:00+00:00,2001.85000000,2046.59000000,1999.45000000,2031.62000000,52313.77480000
2026-05-29T16:00:00+00:00,2031.62000000,2043.00000000,2022.24000000,2040.45000000,21645.74370000
2026-05-29T17:00:00+00:00,2040.46000000,2044.29000000,2026.21000000,2028.27000000,16364.82310000
2026-05-29T18:00:00+00:00,2028.28000000,2031.64000000,2006.21000000,2011.41000000,20432.86400000
2026-05-29T19:00:00+00:00,2011.41000000,2022.20000000,2005.00000000,2016.96000000,8916.98580000
2026-05-29T20:00:00+00:00,2016.96000000,2023.84000000,2015.00000000,2018.17000000,4675.63810000
2026-05-29T21:00:00+00:00,2018.17000000,2023.99000000,2008.23000000,2009.40000000,6797.63340000
2026-05-29T22:00:00+00:00,2009.41000000,2017.24000000,2007.78000000,2013.83000000,7115.93810000
2026-05-29T23:00:00+00:00,2013.83000000,2015.60000000,2007.00000000,2014.54000000,8683.74740000
2026-05-30T00:00:00+00:00,2014.54000000,2016.18000000,2010.69000000,2014.74000000,3128.72830000
2026-05-30T01:00:00+00:00,2014.75000000,2021.55000000,2013.67000000,2019.46000000,4722.86220000
2026-05-30T02:00:00+00:00,2019.46000000,2021.34000000,2017.12000000,2021.34000000,2258.52710000
2026-05-30T03:00:00+00:00,2021.34000000,2023.55000000,2014.74000000,2016.83000000,4535.17380000
2026-05-30T04:00:00+00:00,2016.83000000,2018.44000000,2002.00000000,2010.80000000,8354.40330000
2026-05-30T05:00:00+00:00,2010.81000000,2019.50000000,2008.02000000,2015.95000000,5706.84540000
2026-05-30T06:00:00+00:00,2015.95000000,2020.56000000,2012.86000000,2016.98000000,6091.64750000
2026-05-30T07:00:00+00:00,2016.99000000,2017.88000000,2013.62000000,2016.32000000,2597.75020000
2026-05-30T08:00:00+00:00,2016.32000000,2016.32000000,2013.92000000,2014.16000000,1417.52620000
2026-05-30T09:00:00+00:00,2014.16000000,2017.27000000,2013.92000000,2016.79000000,1604.40060000
2026-05-30T10:00:00+00:00,2016.79000000,2022.00000000,2016.34000000,2017.98000000,4377.43830000
2026-05-30T11:00:00+00:00,2017.99000000,2019.05000000,2015.19000000,2017.40000000,1929.94630000
2026-05-30T12:00:00+00:00,2017.40000000,2020.35000000,2017.14000000,2019.86000000,2239.17440000
2026-05-30T13:00:00+00:00,2019.85000000,2022.77000000,2017.44000000,2020.73000000,3166.30200000
2026-05-30T14:00:00+00:00,2020.73000000,2030.62000000,2020.61000000,2026.60000000,10041.35830000
2026-05-30T15:00:00+00:00,2026.59000000,2032.00000000,2024.20000000,2026.61000000,7299.13170000
2026-05-30T16:00:00+00:00,2026.63000000,2028.33000000,2024.35000000,2027.09000000,3401.62080000
2026-05-30T17:00:00+00:00,2027.09000000,2029.01000000,2019.50000000,2027.17000000,5801.74210000
2026-05-30T18:00:00+00:00,2027.17000000,2030.01000000,2024.56000000,2027.59000000,3796.48460000
2026-05-30T19:00:00+00:00,2027.59000000,2029.12000000,2024.54000000,2028.76000000,2670.57390000
2026-05-30T20:00:00+00:00,2028.77000000,2029.68000000,2025.70000000,2027.05000000,4267.55370000
2026-05-30T21:00:00+00:00,2027.05000000,2031.41000000,2027.05000000,2028.15000000,2733.38250000
2026-05-30T22:00:00+00:00,2028.15000000,2028.15000000,2020.94000000,2023.57000000,3637.01750000
2026-05-30T23:00:00+00:00,2023.56000000,2026.10000000,2020.35000000,2022.44000000,2197.94420000
2026-05-31T00:00:00+00:00,2022.44000000,2027.83000000,2020.83000000,2027.12000000,2548.32300000
2026-05-31T01:00:00+00:00,2027.11000000,2034.23000000,2026.85000000,2029.11000000,4396.43450000
2026-05-31T02:00:00+00:00,2029.11000000,2038.00000000,2027.81000000,2034.36000000,7789.87010000
2026-05-31T03:00:00+00:00,2034.35000000,2036.88000000,2032.12000000,2033.41000000,2971.77980000
2026-05-31T04:00:00+00:00,2033.41000000,2034.99000000,2031.27000000,2033.91000000,1965.26430000
2026-05-31T05:00:00+00:00,2033.90000000,2033.90000000,2029.29000000,2030.18000000,2805.88790000
2026-05-31T06:00:00+00:00,2030.18000000,2030.93000000,2028.52000000,2029.87000000,2581.65600000
2026-05-31T07:00:00+00:00,2029.87000000,2029.87000000,2022.78000000,2024.01000000,3809.26700000
2026-05-31T08:00:00+00:00,2024.02000000,2029.11000000,2022.85000000,2027.63000000,6125.52000000
2026-05-31T09:00:00+00:00,2027.64000000,2028.60000000,2018.35000000,2021.13000000,5318.30590000
2026-05-31T10:00:00+00:00,2021.13000000,2021.65000000,2015.34000000,2021.05000000,6680.23470000
2026-05-31T11:00:00+00:00,2021.05000000,2024.12000000,2021.04000000,2023.27000000,2875.07910000
2026-05-31T12:00:00+00:00,2023.28000000,2025.16000000,2019.69000000,2022.35000000,3509.08870000
2026-05-31T13:00:00+00:00,2022.35000000,2026.50000000,2019.78000000,2020.50000000,4097.65090000
2026-05-31T14:00:00+00:00,2020.50000000,2021.69000000,2005.83000000,2008.06000000,14507.55030000
2026-05-31T15:00:00+00:00,2008.06000000,2015.22000000,2007.57000000,2010.52000000,7019.63820000
2026-05-31T16:00:00+00:00,2010.52000000,2012.42000000,1997.72000000,2002.09000000,14070.55460000
2026-05-31T17:00:00+00:00,2002.09000000,2007.69000000,1996.21000000,2006.00000000,10508.25520000
2026-05-31T18:00:00+00:00,2006.00000000,2006.07000000,1999.00000000,2000.68000000,7620.59110000
2026-05-31T19:00:00+00:00,2000.69000000,2002.49000000,1993.75000000,1999.59000000,8445.08410000
2026-05-31T20:00:00+00:00,1999.58000000,2008.25000000,1999.58000000,2007.09000000,7603.31290000
2026-05-31T21:00:00+00:00,2007.09000000,2014.28000000,2005.00000000,2012.18000000,11255.73540000
2026-05-31T22:00:00+00:00,2012.18000000,2014.42000000,2004.47000000,2012.43000000,10635.59120000
2026-05-31T23:00:00+00:00,2012.43000000,2023.00000000,2000.11000000,2007.01000000,14594.82090000
2026-06-01T00:00:00+00:00,2007.02000000,2021.50000000,1997.00000000,2015.44000000,31675.10390000
2026-06-01T01:00:00+00:00,2015.44000000,2016.73000000,1994.12000000,1994.70000000,14652.21520000
2026-06-01T02:00:00+00:00,1994.70000000,2017.89000000,1991.31000000,2011.47000000,14969.07540000
2026-06-01T03:00:00+00:00,2011.47000000,2018.09000000,2008.66000000,2009.09000000,11862.72600000
2026-06-01T04:00:00+00:00,2009.09000000,2011.97000000,1993.91000000,1999.99000000,10434.61350000
2026-06-01T05:00:00+00:00,1999.98000000,2001.27000000,1991.65000000,1994.55000000,8636.34480000
2026-06-01T06:00:00+00:00,1994.56000000,1995.34000000,1980.14000000,1988.07000000,11716.66630000
2026-06-01T07:00:00+00:00,1988.08000000,1990.62000000,1971.70000000,1976.43000000,12802.47570000
2026-06-01T08:00:00+00:00,1976.42000000,1985.07000000,1969.90000000,1983.96000000,24059.80120000
2026-06-01T09:00:00+00:00,1983.96000000,1990.11000000,1983.94000000,1987.53000000,9286.27610000
2026-06-01T10:00:00+00:00,1987.53000000,1988.92000000,1980.99000000,1984.49000000,8569.68150000
2026-06-01T11:00:00+00:00,1984.49000000,1986.89000000,1977.07000000,1981.44000000,7214.72120000
2026-06-01T12:00:00+00:00,1981.44000000,1994.39000000,1967.51000000,1989.55000000,16838.78130000
2026-06-01T13:00:00+00:00,1989.55000000,1990.29000000,1956.04000000,1971.22000000,35385.20370000
2026-06-01T14:00:00+00:00,1971.22000000,1977.34000000,1964.64000000,1968.63000000,21808.02980000
2026-06-01T15:00:00+00:00,1968.64000000,1980.24000000,1960.25000000,1968.45000000,16914.15950000
2026-06-01T16:00:00+00:00,1968.45000000,1978.97000000,1958.79000000,1978.15000000,19836.60470000
2026-06-01T17:00:00+00:00,1978.14000000,1996.73000000,1977.72000000,1990.62000000,21987.45550000
2026-06-01T18:00:00+00:00,1990.62000000,1996.00000000,1983.45000000,1992.72000000,12174.76120000
2026-06-01T19:00:00+00:00,1992.72000000,2008.83000000,1992.21000000,2004.53000000,15909.71640000
2026-06-01T20:00:00+00:00,2004.53000000,2008.70000000,2001.14000000,2005.57000000,7714.60410000
2026-06-01T21:00:00+00:00,2005.56000000,2009.20000000,1992.59000000,1994.57000000,16258.54490000
2026-06-01T22:00:00+00:00,1994.57000000,2006.00000000,1984.50000000,2004.43000000,12424.23800000
2026-06-01T23:00:00+00:00,2004.42000000,2008.38000000,1998.13000000,2006.73000000,11296.48400000
2026-06-02T00:00:00+00:00,2006.73000000,2006.78000000,1995.38000000,1996.44000000,6741.65880000
2026-06-02T01:00:00+00:00,1996.43000000,1999.00000000,1979.49000000,1980.15000000,10093.15390000
2026-06-02T02:00:00+00:00,1980.15000000,1997.08000000,1962.76000000,1997.07000000,19278.45490000
2026-06-02T03:00:00+00:00,1997.08000000,2005.00000000,1995.14000000,2003.94000000,10578.97310000
2026-06-02T04:00:00+00:00,2003.94000000,2006.44000000,1995.95000000,1996.85000000,9026.73990000
2026-06-02T05:00:00+00:00,1996.86000000,2001.23000000,1985.00000000,1985.01000000,13413.30250000
2026-06-02T06:00:00+00:00,1985.01000000,1988.88000000,1978.14000000,1982.38000000,12402.12030000
2026-06-02T07:00:00+00:00,1982.39000000,1990.00000000,1973.88000000,1981.88000000,12690.78930000
2026-06-02T08:00:00+00:00,1981.89000000,1989.00000000,1977.00000000,1979.21000000,8983.55780000
2026-06-02T09:00:00+00:00,1979.22000000,1979.78000000,1966.69000000,1975.28000000,16271.77470000
2026-06-02T10:00:00+00:00,1975.27000000,1983.88000000,1971.75000000,1983.49000000,16133.20950000
2026-06-02T11:00:00+00:00,1983.49000000,1983.72000000,1975.80000000,1978.53000000,6228.93220000
2026-06-02T12:00:00+00:00,1978.53000000,1982.75000000,1972.57000000,1976.27000000,14674.26340000
2026-06-02T13:00:00+00:00,1976.28000000,1981.79000000,1970.50000000,1974.33000000,13782.88450000
2026-06-02T14:00:00+00:00,1974.34000000,1975.22000000,1925.80000000,1941.36000000,56685.96330000
2026-06-02T15:00:00+00:00,1941.35000000,1941.59000000,1890.00000000,1914.81000000,80076.17400000
2026-06-02T16:00:00+00:00,1914.81000000,1943.87000000,1909.57000000,1920.59000000,32465.64500000
2026-06-02T17:00:00+00:00,1920.59000000,1931.53000000,1919.59000000,1924.18000000,12294.37620000
2026-06-02T18:00:00+00:00,1924.18000000,1928.00000000,1903.38000000,1913.11000000,13900.74560000
2026-06-02T19:00:00+00:00,1913.11000000,1917.80000000,1881.01000000,1912.28000000,37361.63370000
2026-06-02T20:00:00+00:00,1912.28000000,1919.01000000,1895.53000000,1906.74000000,18496.86290000
2026-06-02T21:00:00+00:00,1906.75000000,1911.45000000,1897.23000000,1900.34000000,11944.15310000
2026-06-02T22:00:00+00:00,1900.35000000,1909.59000000,1862.23000000,1868.77000000,53213.05510000
2026-06-02T23:00:00+00:00,1868.78000000,1873.37000000,1839.02000000,1859.84000000,70147.11810000
2026-06-03T00:00:00+00:00,1859.84000000,1874.11000000,1854.62000000,1867.35000000,26805.15750000
2026-06-03T01:00:00+00:00,1867.35000000,1870.01000000,1850.00000000,1864.51000000,17229.50110000
2026-06-03T02:00:00+00:00,1864.52000000,1864.94000000,1851.20000000,1854.09000000,25684.40900000
2026-06-03T03:00:00+00:00,1854.09000000,1856.71000000,1816.92000000,1828.24000000,53071.35550000
2026-06-03T04:00:00+00:00,1828.24000000,1852.00000000,1827.65000000,1850.84000000,24723.50330000
2026-06-03T05:00:00+00:00,1850.84000000,1876.12000000,1849.99000000,1873.45000000,31617.55500000
2026-06-03T06:00:00+00:00,1873.44000000,1884.41000000,1870.28000000,1871.87000000,20166.39120000
2026-06-03T07:00:00+00:00,1871.87000000,1880.38000000,1867.97000000,1878.39000000,13929.20160000
2026-06-03T08:00:00+00:00,1878.39000000,1883.43000000,1873.32000000,1880.02000000,11595.72040000
2026-06-03T09:00:00+00:00,1880.01000000,1886.58000000,1869.95000000,1876.28000000,18298.05500000
2026-06-03T10:00:00+00:00,1876.28000000,1893.07000000,1875.01000000,1884.79000000,13130.30990000
2026-06-03T11:00:00+00:00,1884.79000000,1888.29000000,1876.12000000,1878.16000000,10219.95210000
2026-06-03T12:00:00+00:00,1878.17000000,1880.00000000,1868.02000000,1876.40000000,14379.87920000
2026-06-03T13:00:00+00:00,1876.41000000,1879.68000000,1861.35000000,1867.64000000,18775.49240000
2026-06-03T14:00:00+00:00,1867.64000000,1868.72000000,1852.80000000,1858.51000000,15577.34300000
2026-06-03T15:00:00+00:00,1858.51000000,1859.75000000,1836.21000000,1837.21000000,29759.54090000
2026-06-03T16:00:00+00:00,1837.22000000,1844.08000000,1811.15000000,1832.68000000,38869.87310000
2026-06-03T17:00:00+00:00,1832.68000000,1839.53000000,1818.14000000,1828.11000000,15349.43720000
2026-06-03T18:00:00+00:00,1828.12000000,1834.41000000,1821.65000000,1832.25000000,10214.01690000
2026-06-03T19:00:00+00:00,1832.25000000,1833.64000000,1795.23000000,1803.41000000,39961.41270000
2026-06-03T20:00:00+00:00,1803.41000000,1813.11000000,1769.62000000,1781.44000000,48128.06540000
2026-06-03T21:00:00+00:00,1781.44000000,1850.29000000,1777.67000000,1850.10000000,40851.55270000
2026-06-03T22:00:00+00:00,1850.10000000,1852.20000000,1822.77000000,1829.00000000,26081.90600000
2026-06-03T23:00:00+00:00,1829.01000000,1830.93000000,1812.84000000,1813.05000000,20340.85070000
2026-06-04T00:00:00+00:00,1813.05000000,1820.50000000,1782.60000000,1793.85000000,36694.14840000
2026-06-04T01:00:00+00:00,1793.86000000,1801.06000000,1755.00000000,1759.77000000,45394.29140000
2026-06-04T02:00:00+00:00,1759.76000000,1778.93000000,1717.28000000,1766.82000000,84214.12130000
2026-06-04T03:00:00+00:00,1766.83000000,1812.52000000,1766.60000000,1809.24000000,33743.49770000
2026-06-04T04:00:00+00:00,1809.24000000,1818.00000000,1802.69000000,1805.49000000,16956.15640000
2026-06-04T05:00:00+00:00,1805.49000000,1805.49000000,1780.59000000,1784.06000000,27581.12140000
2026-06-04T06:00:00+00:00,1784.05000000,1802.06000000,1782.07000000,1789.95000000,18731.13950000
2026-06-04T07:00:00+00:00,1789.96000000,1790.72000000,1773.52000000,1777.45000000,19717.13420000
2026-06-04T08:00:00+00:00,1777.44000000,1783.27000000,1763.98000000,1773.63000000,21922.87410000
2026-06-04T09:00:00+00:00,1773.63000000,1774.14000000,1744.53000000,1766.52000000,40911.80620000
2026-06-04T10:00:00+00:00,1766.58000000,1767.22000000,1730.13000000,1736.86000000,43989.13150000
2026-06-04T11:00:00+00:00,1736.86000000,1754.67000000,1732.53000000,1751.51000000,34563.04900000
2026-06-04T12:00:00+00:00,1751.51000000,1782.91000000,1744.29000000,1778.16000000,36619.23360000
2026-06-04T13:00:00+00:00,1778.17000000,1790.00000000,1755.65000000,1785.52000000,32434.39160000
2026-06-04T14:00:00+00:00,1785.53000000,1794.43000000,1766.33000000,1774.38000000,24657.81690000
2026-06-04T15:00:00+00:00,1774.37000000,1791.29000000,1770.64000000,1777.02000000,17792.95460000
2026-06-04T16:00:00+00:00,1777.03000000,1781.25000000,1766.13000000,1772.20000000,13479.11200000
2026-06-04T17:00:00+00:00,1772.20000000,1776.03000000,1754.00000000,1768.05000000,18286.18720000
2026-06-04T18:00:00+00:00,1768.06000000,1783.64000000,1760.01000000,1776.28000000,16596.93340000
2026-06-04T19:00:00+00:00,1776.27000000,1787.11000000,1771.00000000,1776.94000000,12182.34130000
2026-06-04T20:00:00+00:00,1776.93000000,1777.52000000,1764.66000000,1774.88000000,8739.77790000
2026-06-04T21:00:00+00:00,1774.87000000,1783.02000000,1757.11000000,1761.20000000,14740.52500000
2026-06-04T22:00:00+00:00,1761.20000000,1770.26000000,1752.46000000,1768.73000000,17189.29270000
2026-06-04T23:00:00+00:00,1768.74000000,1777.02000000,1757.35000000,1770.77000000,11169.06780000
2026-06-05T00:00:00+00:00,1770.76000000,1774.99000000,1758.51000000,1759.42000000,11334.25800000
2026-06-05T01:00:00+00:00,1759.43000000,1764.07000000,1746.52000000,1753.33000000,18021.46050000
2026-06-05T02:00:00+00:00,1753.34000000,1754.90000000,1727.65000000,1730.24000000,35131.51600000
2026-06-05T03:00:00+00:00,1730.24000000,1739.50000000,1722.36000000,1729.71000000,23683.96270000
2026-06-05T04:00:00+00:00,1729.72000000,1746.05000000,1718.25000000,1744.64000000,29566.10430000
2026-06-05T05:00:00+00:00,1744.64000000,1747.80000000,1681.29000000,1684.16000000,80235.85930000
2026-06-05T06:00:00+00:00,1684.16000000,1689.50000000,1625.78000000,1656.52000000,128261.03020000
2026-06-05T07:00:00+00:00,1656.52000000,1680.00000000,1633.45000000,1679.21000000,75612.23370000
2026-06-05T08:00:00+00:00,1679.22000000,1679.64000000,1659.43000000,1663.87000000,38257.51350000
2026-06-05T09:00:00+00:00,1663.88000000,1690.07000000,1662.85000000,1682.72000000,32616.27790000
2026-06-05T10:00:00+00:00,1682.73000000,1685.03000000,1672.05000000,1676.87000000,22741.50960000
2026-06-05T11:00:00+00:00,1676.86000000,1681.80000000,1663.00000000,1663.44000000,25803.36930000
2026-06-05T12:00:00+00:00,1663.43000000,1671.47000000,1646.10000000,1657.28000000,40610.03970000
2026-06-05T13:00:00+00:00,1657.28000000,1677.70000000,1612.35000000,1615.04000000,67988.58310000
2026-06-05T14:00:00+00:00,1615.05000000,1624.56000000,1590.80000000,1600.96000000,118217.60460000
2026-06-05T15:00:00+00:00,1600.96000000,1604.60000000,1572.22000000,1583.29000000,77516.79360000
2026-06-05T16:00:00+00:00,1583.29000000,1612.44000000,1547.01000000,1608.49000000,100794.17260000
2026-06-05T17:00:00+00:00,1608.48000000,1612.89000000,1588.00000000,1594.28000000,35170.71110000
2026-06-05T18:00:00+00:00,1594.28000000,1598.66000000,1544.68000000,1553.26000000,65573.29690000
2026-06-05T19:00:00+00:00,1553.26000000,1580.30000000,1540.19000000,1574.06000000,65869.89840000
2026-06-05T20:00:00+00:00,1574.07000000,1608.50000000,1557.36000000,1603.38000000,56901.99520000
2026-06-05T21:00:00+00:00,1603.38000000,1619.30000000,1602.45000000,1609.80000000,40414.30080000
2026-06-05T22:00:00+00:00,1609.81000000,1610.25000000,1589.68000000,1597.14000000,33048.59830000
2026-06-05T23:00:00+00:00,1597.14000000,1603.89000000,1561.07000000,1583.40000000,33642.07150000
2026-06-06T00:00:00+00:00,1583.40000000,1601.22000000,1582.71000000,1593.03000000,17320.73330000
2026-06-06T01:00:00+00:00,1593.04000000,1596.77000000,1578.15000000,1583.16000000,12688.55620000
2026-06-06T02:00:00+00:00,1583.16000000,1585.84000000,1566.66000000,1576.20000000,19596.91680000
2026-06-06T03:00:00+00:00,1576.20000000,1576.73000000,1555.28000000,1563.34000000,18998.19080000
2026-06-06T04:00:00+00:00,1563.34000000,1569.57000000,1510.43000000,1522.56000000,53383.62050000
2026-06-06T05:00:00+00:00,1522.57000000,1569.17000000,1505.68000000,1566.71000000,60261.82100000
2026-06-06T06:00:00+00:00,1566.72000000,1581.62000000,1556.01000000,1560.16000000,38270.18540000
2026-06-06T07:00:00+00:00,1560.10000000,1580.22000000,1556.07000000,1575.14000000,30120.16760000
2026-06-06T08:00:00+00:00,1575.14000000,1593.04000000,1570.01000000,1582.57000000,17466.53490000
2026-06-06T09:00:00+00:00,1582.56000000,1588.53000000,1565.97000000,1570.69000000,18081.36020000
2026-06-06T10:00:00+00:00,1570.70000000,1570.70000000,1535.68000000,1548.27000000,39259.35620000
2026-06-06T11:00:00+00:00,1548.26000000,1567.40000000,1547.24000000,1558.89000000,21927.47880000
2026-06-06T12:00:00+00:00,1558.90000000,1575.82000000,1551.56000000,1571.32000000,25985.71500000
2026-06-06T13:00:00+00:00,1571.32000000,1573.36000000,1553.92000000,1557.03000000,32529.21890000
2026-06-06T14:00:00+00:00,1557.04000000,1566.96000000,1556.09000000,1557.70000000,26981.82390000
2026-06-06T15:00:00+00:00,1557.71000000,1565.84000000,1544.87000000,1560.45000000,22450.93110000
2026-06-06T16:00:00+00:00,1560.45000000,1566.00000000,1553.36000000,1563.57000000,15251.34660000
2026-06-06T17:00:00+00:00,1563.58000000,1566.51000000,1547.05000000,1553.54000000,20604.72770000
2026-06-06T18:00:00+00:00,1553.53000000,1566.25000000,1550.01000000,1556.58000000,16596.35150000
2026-06-06T19:00:00+00:00,1556.59000000,1563.51000000,1553.52000000,1554.56000000,8402.48890000
2026-06-06T20:00:00+00:00,1554.55000000,1559.99000000,1550.85000000,1557.61000000,11168.95040000
2026-06-06T21:00:00+00:00,1557.62000000,1565.21000000,1557.62000000,1558.20000000,8365.80310000
2026-06-06T22:00:00+00:00,1558.20000000,1561.93000000,1551.57000000,1558.33000000,10059.27970000
2026-06-06T23:00:00+00:00,1558.33000000,1570.06000000,1556.86000000,1569.69000000,12686.80870000
2026-06-07T00:00:00+00:00,1569.68000000,1572.42000000,1564.10000000,1565.03000000,8353.92290000
2026-06-07T01:00:00+00:00,1565.03000000,1596.54000000,1564.16000000,1590.12000000,23011.92460000
2026-06-07T02:00:00+00:00,1590.12000000,1594.92000000,1582.39000000,1592.67000000,12782.36550000
2026-06-07T03:00:00+00:00,1592.67000000,1600.51000000,1589.72000000,1595.01000000,12634.90400000
2026-06-07T04:00:00+00:00,1595.00000000,1599.10000000,1585.00000000,1597.00000000,12510.22470000
2026-06-07T05:00:00+00:00,1597.00000000,1609.96000000,1593.25000000,1604.02000000,18551.54940000
2026-06-07T06:00:00+00:00,1604.02000000,1623.52000000,1598.54000000,1612.01000000,35177.92620000
2026-06-07T07:00:00+00:00,1612.01000000,1616.46000000,1606.99000000,1615.18000000,22232.50600000
2026-06-07T08:00:00+00:00,1615.18000000,1642.27000000,1608.39000000,1641.35000000,27061.40960000
2026-06-07T09:00:00+00:00,1641.35000000,1648.70000000,1627.90000000,1633.52000000,23602.68750000
2026-06-07T10:00:00+00:00,1633.53000000,1635.73000000,1624.78000000,1625.70000000,16264.24580000
2026-06-07T11:00:00+00:00,1625.70000000,1633.99000000,1622.22000000,1630.12000000,12876.94960000
2026-06-07T12:00:00+00:00,1630.12000000,1631.24000000,1607.00000000,1620.17000000,25613.36590000
2026-06-07T13:00:00+00:00,1620.17000000,1623.00000000,1613.36000000,1617.46000000,10211.52770000
2026-06-07T14:00:00+00:00,1617.46000000,1640.00000000,1616.91000000,1628.13000000,23273.76800000
2026-06-07T15:00:00+00:00,1628.12000000,1636.12000000,1620.85000000,1630.07000000,13937.12810000
2026-06-07T16:00:00+00:00,1630.07000000,1633.52000000,1623.37000000,1628.52000000,13451.87180000
2026-06-07T17:00:00+00:00,1628.52000000,1638.00000000,1627.65000000,1631.35000000,16797.32910000
2026-06-07T18:00:00+00:00,1631.34000000,1636.74000000,1629.00000000,1630.36000000,6104.76660000
2026-06-07T19:00:00+00:00,1630.37000000,1630.56000000,1604.00000000,1613.11000000,23850.47890000
2026-06-07T20:00:00+00:00,1613.10000000,1631.65000000,1609.43000000,1628.14000000,10940.16690000
2026-06-07T21:00:00+00:00,1628.14000000,1634.57000000,1623.72000000,1634.53000000,7293.24850000
2026-06-07T22:00:00+00:00,1634.53000000,1721.93000000,1629.05000000,1672.56000000,60333.99380000
2026-06-07T23:00:00+00:00,1672.55000000,1691.93000000,1670.76000000,1690.51000000,21412.32980000
2026-06-08T00:00:00+00:00,1690.50000000,1711.58000000,1683.24000000,1697.59000000,28454.88850000
2026-06-08T01:00:00+00:00,1697.60000000,1700.20000000,1670.94000000,1687.34000000,23391.14580000
2026-06-08T02:00:00+00:00,1687.34000000,1689.50000000,1678.07000000,1683.90000000,12316.92540000
2026-06-08T03:00:00+00:00,1683.91000000,1692.62000000,1677.00000000,1680.01000000,10307.07880000
2026-06-08T04:00:00+00:00,1680.02000000,1681.00000000,1655.95000000,1657.05000000,19001.86090000
2026-06-08T05:00:00+00:00,1657.05000000,1659.87000000,1645.00000000,1653.68000000,17369.88580000
2026-06-08T06:00:00+00:00,1653.68000000,1669.99000000,1652.78000000,1666.53000000,13339.65700000
2026-06-08T07:00:00+00:00,1666.54000000,1683.49000000,1661.63000000,1673.47000000,23970.61560000
2026-06-08T08:00:00+00:00,1673.46000000,1673.46000000,1658.76000000,1661.17000000,18124.42710000
2026-06-08T09:00:00+00:00,1661.17000000,1672.00000000,1657.21000000,1671.10000000,18578.46030000
2026-06-08T10:00:00+00:00,1671.09000000,1676.95000000,1663.32000000,1672.36000000,11779.20150000
2026-06-08T11:00:00+00:00,1672.37000000,1696.77000000,1667.81000000,1683.76000000,25263.31300000
2026-06-08T12:00:00+00:00,1683.77000000,1698.90000000,1667.46000000,1695.61000000,30493.88630000
2026-06-08T13:00:00+00:00,1695.60000000,1696.82000000,1678.44000000,1681.59000000,36905.21830000
2026-06-08T14:00:00+00:00,1681.59000000,1694.46000000,1676.55000000,1691.25000000,35379.94670000
2026-06-08T15:00:00+00:00,1691.24000000,1706.22000000,1688.69000000,1691.59000000,26426.24710000
2026-06-08T16:00:00+00:00,1691.59000000,1703.88000000,1682.69000000,1682.70000000,21935.62510000
2026-06-08T17:00:00+00:00,1682.70000000,1687.86000000,1675.80000000,1686.80000000,18300.37670000
2026-06-08T18:00:00+00:00,1686.81000000,1692.54000000,1678.69000000,1684.71000000,12223.92360000
2026-06-08T19:00:00+00:00,1684.71000000,1691.76000000,1681.14000000,1684.78000000,20181.14620000
2026-06-08T20:00:00+00:00,1684.78000000,1689.71000000,1679.25000000,1689.71000000,10762.77910000
2026-06-08T21:00:00+00:00,1689.71000000,1714.50000000,1689.71000000,1703.52000000,19220.65990000
2026-06-08T22:00:00+00:00,1703.51000000,1704.19000000,1688.36000000,1703.22000000,10883.86580000
2026-06-08T23:00:00+00:00,1703.21000000,1714.45000000,1686.72000000,1690.49000000,15416.17760000
2026-06-09T00:00:00+00:00,1690.48000000,1696.88000000,1660.00000000,1663.26000000,28703.45820000
2026-06-09T01:00:00+00:00,1663.26000000,1674.27000000,1658.80000000,1669.02000000,11633.80820000
2026-06-09T02:00:00+00:00,1669.01000000,1672.19000000,1654.63000000,1667.89000000,16612.09730000
2026-06-09T03:00:00+00:00,1667.88000000,1671.68000000,1663.83000000,1669.44000000,8667.14470000
2026-06-09T04:00:00+00:00,1669.44000000,1696.41000000,1664.33000000,1686.35000000,17666.92910000
2026-06-09T05:00:00+00:00,1686.36000000,1695.23000000,1681.53000000,1688.25000000,10451.01910000
2026-06-09T06:00:00+00:00,1688.25000000,1695.49000000,1684.06000000,1685.98000000,12296.15880000
2026-06-09T07:00:00+00:00,1685.99000000,1691.59000000,1675.20000000,1679.86000000,15280.92400000
2026-06-09T08:00:00+00:00,1679.86000000,1680.64000000,1668.16000000,1675.28000000,13033.67050000
2026-06-09T09:00:00+00:00,1675.28000000,1680.16000000,1665.00000000,1670.61000000,9977.74650000
2026-06-09T10:00:00+00:00,1670.60000000,1676.41000000,1667.11000000,1674.72000000,8285.71830000
2026-06-09T11:00:00+00:00,1674.72000000,1675.46000000,1666.12000000,1671.96000000,7742.42690000
2026-06-09T12:00:00+00:00,1671.96000000,1683.32000000,1671.04000000,1676.90000000,15615.63140000
2026-06-09T13:00:00+00:00,1676.90000000,1680.63000000,1664.05000000,1666.71000000,22526.17050000
2026-06-09T14:00:00+00:00,1666.71000000,1670.84000000,1633.84000000,1645.90000000,43940.31850000
2026-06-09T15:00:00+00:00,1645.90000000,1653.89000000,1634.45000000,1636.40000000,27668.78110000
2026-06-09T16:00:00+00:00,1636.40000000,1639.35000000,1614.02000000,1632.27000000,36381.07010000
2026-06-09T17:00:00+00:00,1632.28000000,1649.76000000,1632.18000000,1643.04000000,19699.23700000
2026-06-09T18:00:00+00:00,1643.03000000,1655.49000000,1639.87000000,1652.28000000,11940.11950000
2026-06-09T19:00:00+00:00,1652.27000000,1658.64000000,1647.82000000,1657.33000000,13801.80960000
2026-06-09T20:00:00+00:00,1657.33000000,1663.77000000,1655.34000000,1660.59000000,7896.36840000
2026-06-09T21:00:00+00:00,1660.59000000,1661.69000000,1647.29000000,1650.33000000,6653.73300000
2026-06-09T22:00:00+00:00,1650.32000000,1655.00000000,1639.52000000,1640.00000000,6633.87670000
2026-06-09T23:00:00+00:00,1640.01000000,1642.87000000,1630.36000000,1639.52000000,11039.01750000
2026-06-10T00:00:00+00:00,1639.52000000,1646.83000000,1629.52000000,1645.74000000,8118.21280000
2026-06-10T01:00:00+00:00,1645.75000000,1646.91000000,1633.55000000,1638.98000000,7176.75700000
2026-06-10T02:00:00+00:00,1638.99000000,1642.50000000,1621.77000000,1624.22000000,8216.53850000
2026-06-10T03:00:00+00:00,1624.21000000,1636.53000000,1623.52000000,1630.82000000,4424.32580000
2026-06-10T04:00:00+00:00,1630.82000000,1632.92000000,1622.45000000,1625.98000000,4591.32800000
2026-06-10T05:00:00+00:00,1625.99000000,1630.00000000,1616.33000000,1627.99000000,8002.80750000
2026-06-10T06:00:00+00:00,1628.00000000,1634.41000000,1622.76000000,1632.08000000,8041.79260000
2026-06-10T07:00:00+00:00,1632.08000000,1643.58000000,1630.73000000,1640.09000000,8126.55660000
2026-06-10T08:00:00+00:00,1640.10000000,1640.89000000,1618.18000000,1621.34000000,14750.54670000
2026-06-10T09:00:00+00:00,1621.35000000,1626.44000000,1606.01000000,1623.67000000,12606.99160000
2026-06-10T10:00:00+00:00,1623.67000000,1629.99000000,1618.10000000,1628.23000000,5500.82610000
2026-06-10T11:00:00+00:00,1628.23000000,1630.22000000,1612.00000000,1620.05000000,17819.15980000
2026-06-10T12:00:00+00:00,1620.06000000,1645.46000000,1615.91000000,1635.40000000,20732.89350000
2026-06-10T13:00:00+00:00,1635.40000000,1667.96000000,1632.00000000,1651.81000000,21809.46490000
2026-06-10T14:00:00+00:00,1651.82000000,1655.64000000,1637.27000000,1646.72000000,15637.52510000
2026-06-10T15:00:00+00:00,1646.72000000,1665.05000000,1635.85000000,1657.97000000,20813.25300000
2026-06-10T16:00:00+00:00,1657.98000000,1658.73000000,1632.50000000,1641.99000000,17206.21150000
2026-06-10T17:00:00+00:00,1641.99000000,1647.59000000,1622.51000000,1632.32000000,19894.07120000
2026-06-10T18:00:00+00:00,1632.32000000,1636.88000000,1622.52000000,1631.13000000,10584.20280000
2026-06-10T19:00:00+00:00,1631.13000000,1633.69000000,1623.13000000,1630.15000000,7568.51950000
2026-06-10T20:00:00+00:00,1630.15000000,1636.21000000,1623.15000000,1630.65000000,8748.52400000
2026-06-10T21:00:00+00:00,1630.64000000,1630.64000000,1603.44000000,1611.44000000,15299.01850000
2026-06-10T22:00:00+00:00,1611.45000000,1622.38000000,1604.62000000,1616.52000000,13595.35750000
2026-06-10T23:00:00+00:00,1616.52000000,1625.09000000,1609.39000000,1621.59000000,11526.39740000
2026-06-11T00:00:00+00:00,1621.60000000,1634.72000000,1621.60000000,1628.64000000,7724.42950000
2026-06-11T01:00:00+00:00,1628.63000000,1647.88000000,1628.57000000,1642.83000000,7074.66380000
2026-06-11T02:00:00+00:00,1642.83000000,1645.50000000,1630.90000000,1641.07000000,5910.63330000
2026-06-11T03:00:00+00:00,1641.06000000,1661.30000000,1636.09000000,1653.95000000,15578.30700000
2026-06-11T04:00:00+00:00,1653.94000000,1659.72000000,1650.00000000,1656.89000000,6886.65930000
2026-06-11T05:00:00+00:00,1656.89000000,1656.90000000,1647.63000000,1647.95000000,7974.19310000
2026-06-11T06:00:00+00:00,1647.96000000,1663.14000000,1646.20000000,1654.82000000,16221.97280000
2026-06-11T07:00:00+00:00,1654.81000000,1658.30000000,1651.70000000,1654.41000000,5480.14140000
2026-06-11T08:00:00+00:00,1654.40000000,1664.14000000,1654.33000000,1659.96000000,7619.28710000
2026-06-11T09:00:00+00:00,1659.97000000,1662.00000000,1656.47000000,1658.98000000,4916.57930000
2026-06-11T10:00:00+00:00,1658.97000000,1661.58000000,1654.28000000,1658.85000000,6620.76960000
2026-06-11T11:00:00+00:00,1658.85000000,1673.50000000,1656.43000000,1666.84000000,11246.06650000
2026-06-11T12:00:00+00:00,1666.84000000,1666.88000000,1642.12000000,1651.84000000,20236.87970000
2026-06-11T13:00:00+00:00,1651.85000000,1659.52000000,1644.45000000,1653.24000000,11181.15210000
2026-06-11T14:00:00+00:00,1653.24000000,1655.40000000,1638.95000000,1643.04000000,13211.53860000
2026-06-11T15:00:00+00:00,1643.04000000,1650.83000000,1636.19000000,1645.55000000,11179.53170000
2026-06-11T16:00:00+00:00,1645.56000000,1649.50000000,1638.35000000,1639.75000000,7669.88540000
2026-06-11T17:00:00+00:00,1639.74000000,1693.59000000,1632.71000000,1688.66000000,45791.85730000
2026-06-11T18:00:00+00:00,1688.65000000,1691.85000000,1676.98000000,1683.98000000,17473.63640000
2026-06-11T19:00:00+00:00,1683.97000000,1693.55000000,1675.98000000,1681.26000000,14280.26740000
2026-06-11T20:00:00+00:00,1681.26000000,1683.01000000,1667.18000000,1672.37000000,11476.22530000
2026-06-11T21:00:00+00:00,1672.37000000,1683.29000000,1672.14000000,1677.00000000,8304.80250000
2026-06-11T22:00:00+00:00,1676.99000000,1683.21000000,1675.43000000,1676.17000000,7951.56600000
2026-06-11T23:00:00+00:00,1676.16000000,1679.25000000,1670.19000000,1673.46000000,6496.67530000
2026-06-12T00:00:00+00:00,1673.46000000,1677.74000000,1669.86000000,1672.74000000,4281.84560000
2026-06-12T01:00:00+00:00,1672.74000000,1672.74000000,1660.93000000,1667.09000000,7875.92610000
2026-06-12T02:00:00+00:00,1667.08000000,1678.42000000,1666.87000000,1675.59000000,4970.85460000
2026-06-12T03:00:00+00:00,1675.60000000,1676.60000000,1668.81000000,1673.25000000,3530.82340000
2026-06-12T04:00:00+00:00,1673.25000000,1682.00000000,1669.29000000,1677.47000000,5441.51550000
2026-06-12T05:00:00+00:00,1677.48000000,1677.86000000,1662.31000000,1664.23000000,7801.15970000
2026-06-12T06:00:00+00:00,1664.23000000,1666.82000000,1652.09000000,1657.34000000,8649.46470000
2026-06-12T07:00:00+00:00,1657.35000000,1664.99000000,1656.23000000,1662.12000000,8331.43530000
2026-06-12T08:00:00+00:00,1662.12000000,1678.22000000,1662.12000000,1673.53000000,15418.70170000
2026-06-12T09:00:00+00:00,1673.53000000,1685.65000000,1671.48000000,1680.16000000,8197.00230000
2026-06-12T10:00:00+00:00,1680.16000000,1683.35000000,1671.91000000,1674.85000000,6173.98750000
2026-06-12T11:00:00+00:00,1674.85000000,1678.51000000,1672.10000000,1673.89000000,3363.21930000
2026-06-12T12:00:00+00:00,1673.88000000,1673.88000000,1663.07000000,1666.54000000,6467.20570000
2026-06-12T13:00:00+00:00,1666.55000000,1668.91000000,1653.74000000,1657.60000000,11710.15440000
2026-06-12T14:00:00+00:00,1657.60000000,1685.93000000,1656.26000000,1685.64000000,16504.34850000
2026-06-12T15:00:00+00:00,1685.65000000,1691.07000000,1658.75000000,1660.08000000,28712.92870000
2026-06-12T16:00:00+00:00,1660.08000000,1675.81000000,1657.38000000,1672.90000000,16259.72090000
2026-06-12T17:00:00+00:00,1672.91000000,1678.10000000,1667.37000000,1668.84000000,9374.84960000
2026-06-12T18:00:00+00:00,1668.84000000,1673.57000000,1663.60000000,1666.87000000,7832.52320000
2026-06-12T19:00:00+00:00,1666.86000000,1672.47000000,1664.90000000,1665.92000000,8724.77370000
2026-06-12T20:00:00+00:00,1665.92000000,1667.85000000,1662.02000000,1664.92000000,3958.86590000
2026-06-12T21:00:00+00:00,1664.93000000,1668.01000000,1663.21000000,1664.19000000,3024.20870000
2026-06-12T22:00:00+00:00,1664.18000000,1667.49000000,1661.46000000,1662.60000000,2376.05630000
2026-06-12T23:00:00+00:00,1662.60000000,1666.41000000,1659.02000000,1666.41000000,2906.43890000
2026-06-13T00:00:00+00:00,1666.42000000,1669.34000000,1665.31000000,1667.47000000,2920.12540000
2026-06-13T01:00:00+00:00,1667.47000000,1675.90000000,1666.53000000,1674.03000000,5623.27010000
2026-06-13T02:00:00+00:00,1674.03000000,1674.52000000,1665.69000000,1668.02000000,4867.99170000
2026-06-13T03:00:00+00:00,1668.03000000,1669.57000000,1663.36000000,1665.25000000,2988.20570000
2026-06-13T04:00:00+00:00,1665.25000000,1668.28000000,1663.52000000,1664.51000000,2235.54650000
2026-06-13T05:00:00+00:00,1664.52000000,1665.61000000,1662.20000000,1665.22000000,3000.82410000
2026-06-13T06:00:00+00:00,1665.22000000,1670.25000000,1663.88000000,1669.70000000,3290.87760000
2026-06-13T07:00:00+00:00,1669.71000000,1677.74000000,1668.47000000,1676.38000000,7516.47970000
2026-06-13T08:00:00+00:00,1676.38000000,1679.92000000,1673.63000000,1674.57000000,7578.62820000
2026-06-13T09:00:00+00:00,1674.57000000,1676.30000000,1672.93000000,1673.70000000,3898.67500000
2026-06-13T10:00:00+00:00,1673.70000000,1676.37000000,1672.80000000,1674.18000000,3139.32270000
2026-06-13T11:00:00+00:00,1674.19000000,1678.96000000,1673.55000000,1678.34000000,3875.39020000
2026-06-13T12:00:00+00:00,1678.33000000,1683.77000000,1676.99000000,1680.53000000,4637.80320000
2026-06-13T13:00:00+00:00,1680.52000000,1681.58000000,1676.69000000,1678.02000000,4422.23720000
2026-06-13T14:00:00+00:00,1678.02000000,1681.47000000,1677.82000000,1679.97000000,3196.09560000
2026-06-13T15:00:00+00:00,1679.98000000,1686.56000000,1678.50000000,1682.15000000,7674.30140000
2026-06-13T16:00:00+00:00,1682.14000000,1682.48000000,1671.44000000,1676.74000000,12322.16860000
2026-06-13T17:00:00+00:00,1676.74000000,1678.40000000,1673.23000000,1674.31000000,3585.25800000
2026-06-13T18:00:00+00:00,1674.31000000,1682.63000000,1674.20000000,1678.53000000,2724.58490000
2026-06-13T19:00:00+00:00,1678.53000000,1680.00000000,1675.86000000,1678.29000000,2737.34280000
2026-06-13T20:00:00+00:00,1678.30000000,1678.30000000,1675.11000000,1676.53000000,2067.66270000
2026-06-13T21:00:00+00:00,1676.53000000,1697.28000000,1674.91000000,1686.44000000,6677.29330000
2026-06-13T22:00:00+00:00,1686.44000000,1686.65000000,1681.62000000,1681.63000000,3324.16240000
2026-06-13T23:00:00+00:00,1681.62000000,1684.20000000,1678.10000000,1681.18000000,2447.36070000
2026-06-14T00:00:00+00:00,1681.19000000,1683.52000000,1678.83000000,1681.91000000,2635.51970000
2026-06-14T01:00:00+00:00,1681.90000000,1690.36000000,1680.30000000,1683.99000000,3518.04140000
2026-06-14T02:00:00+00:00,1683.98000000,1685.70000000,1681.59000000,1682.47000000,1929.40390000
2026-06-14T03:00:00+00:00,1682.46000000,1683.28000000,1679.85000000,1681.73000000,2324.93530000
2026-06-14T04:00:00+00:00,1681.74000000,1682.66000000,1676.35000000,1677.95000000,3535.00600000
2026-06-14T05:00:00+00:00,1677.95000000,1679.14000000,1674.00000000,1678.13000000,4061.95160000
2026-06-14T06:00:00+00:00,1678.13000000,1682.50000000,1675.30000000,1676.39000000,5066.56320000
2026-06-14T07:00:00+00:00,1676.40000000,1677.55000000,1673.72000000,1675.91000000,2927.68360000
2026-06-14T08:00:00+00:00,1675.91000000,1678.92000000,1674.73000000,1675.58000000,3088.94480000
2026-06-14T09:00:00+00:00,1675.58000000,1679.00000000,1669.15000000,1678.49000000,7430.34400000
2026-06-14T10:00:00+00:00,1678.48000000,1678.55000000,1673.13000000,1673.13000000,1896.07130000
2026-06-14T11:00:00+00:00,1673.13000000,1677.15000000,1672.36000000,1673.73000000,2400.91290000
2026-06-14T12:00:00+00:00,1673.73000000,1674.58000000,1665.35000000,1666.90000000,4560.24960000
2026-06-14T13:00:00+00:00,1666.90000000,1669.15000000,1664.50000000,1666.54000000,4290.08890000
2026-06-14T14:00:00+00:00,1666.53000000,1670.20000000,1654.90000000,1659.76000000,10746.81890000
2026-06-14T15:00:00+00:00,1659.76000000,1664.67000000,1659.60000000,1662.95000000,4335.40700000
2026-06-14T16:00:00+00:00,1662.95000000,1668.57000000,1659.36000000,1661.38000000,6515.36900000
2026-06-14T17:00:00+00:00,1661.37000000,1666.52000000,1660.92000000,1662.09000000,5151.40480000
2026-06-14T18:00:00+00:00,1662.09000000,1663.27000000,1658.95000000,1662.08000000,3057.11030000
2026-06-14T19:00:00+00:00,1662.07000000,1667.93000000,1661.13000000,1665.43000000,3219.09460000
2026-06-14T20:00:00+00:00,1665.44000000,1673.72000000,1662.67000000,1670.48000000,4358.51030000
2026-06-14T21:00:00+00:00,1670.48000000,1732.28000000,1669.97000000,1718.67000000,48781.25160000
2026-06-14T22:00:00+00:00,1718.68000000,1729.10000000,1712.34000000,1722.62000000,28043.47970000
2026-06-14T23:00:00+00:00,1722.62000000,1726.43000000,1716.79000000,1725.62000000,14135.79170000
2026-06-15T00:00:00+00:00,1725.63000000,1733.04000000,1719.78000000,1720.83000000,14570.98120000
2026-06-15T01:00:00+00:00,1720.83000000,1721.91000000,1709.66000000,1715.79000000,12097.97980000
2026-06-15T02:00:00+00:00,1715.80000000,1726.96000000,1714.23000000,1716.78000000,8966.25820000
2026-06-15T03:00:00+00:00,1716.78000000,1724.17000000,1715.55000000,1720.78000000,11155.86510000
2026-06-15T04:00:00+00:00,1720.78000000,1720.78000000,1716.00000000,1717.04000000,11426.77490000
2026-06-15T05:00:00+00:00,1717.05000000,1722.63000000,1715.95000000,1720.66000000,6961.62590000
2026-06-15T06:00:00+00:00,1720.67000000,1723.29000000,1718.25000000,1719.82000000,6607.70470000
2026-06-15T07:00:00+00:00,1719.82000000,1723.80000000,1716.49000000,1716.59000000,8177.27790000
2026-06-15T08:00:00+00:00,1716.60000000,1721.91000000,1715.60000000,1720.36000000,6027.92860000
2026-06-15T09:00:00+00:00,1720.35000000,1726.94000000,1712.17000000,1718.65000000,14597.51070000
2026-06-15T10:00:00+00:00,1718.65000000,1748.60000000,1718.27000000,1737.77000000,26756.96620000
2026-06-15T11:00:00+00:00,1737.77000000,1769.00000000,1734.11000000,1764.67000000,38954.89020000
2026-06-15T12:00:00+00:00,1764.67000000,1777.77000000,1760.28000000,1777.48000000,27438.19800000
2026-06-15T13:00:00+00:00,1777.48000000,1827.67000000,1774.60000000,1814.12000000,70367.20040000
2026-06-15T14:00:00+00:00,1814.12000000,1818.58000000,1804.71000000,1814.55000000,25775.38320000
2026-06-15T15:00:00+00:00,1814.55000000,1849.54000000,1813.15000000,1845.53000000,47178.98020000
2026-06-15T16:00:00+00:00,1845.53000000,1847.13000000,1837.48000000,1842.85000000,28115.05900000
2026-06-15T17:00:00+00:00,1842.85000000,1842.86000000,1823.58000000,1829.19000000,23706.47930000
2026-06-15T18:00:00+00:00,1829.19000000,1835.58000000,1825.85000000,1828.13000000,9996.57350000
2026-06-15T19:00:00+00:00,1828.12000000,1834.44000000,1811.66000000,1821.89000000,16646.39000000
2026-06-15T20:00:00+00:00,1821.88000000,1826.62000000,1815.33000000,1816.95000000,8446.38840000
2026-06-15T21:00:00+00:00,1816.94000000,1822.15000000,1809.53000000,1811.35000000,8869.85900000
2026-06-15T22:00:00+00:00,1811.36000000,1813.55000000,1787.00000000,1789.68000000,16216.32540000
2026-06-15T23:00:00+00:00,1789.69000000,1797.58000000,1782.82000000,1796.13000000,15076.65550000
2026-06-16T00:00:00+00:00,1796.14000000,1802.09000000,1789.00000000,1789.60000000,9861.76390000
2026-06-16T01:00:00+00:00,1789.59000000,1797.42000000,1789.13000000,1792.27000000,5337.86990000
2026-06-16T02:00:00+00:00,1792.26000000,1794.10000000,1767.40000000,1770.13000000,20732.52930000
2026-06-16T03:00:00+00:00,1770.13000000,1780.73000000,1764.84000000,1779.16000000,14600.46490000
2026-06-16T04:00:00+00:00,1779.16000000,1783.32000000,1758.00000000,1760.64000000,17722.51480000
2026-06-16T05:00:00+00:00,1760.65000000,1766.00000000,1760.57000000,1762.05000000,11474.85320000
2026-06-16T06:00:00+00:00,1762.06000000,1774.17000000,1762.06000000,1771.40000000,11200.05730000
2026-06-16T07:00:00+00:00,1771.41000000,1776.47000000,1769.02000000,1774.24000000,10004.50980000
2026-06-16T08:00:00+00:00,1774.25000000,1807.97000000,1773.25000000,1803.23000000,22080.50050000
2026-06-16T09:00:00+00:00,1803.23000000,1805.79000000,1787.07000000,1789.63000000,13315.74170000
2026-06-16T10:00:00+00:00,1789.63000000,1800.00000000,1788.61000000,1793.95000000,13040.38440000
2026-06-16T11:00:00+00:00,1793.95000000,1800.00000000,1790.70000000,1799.59000000,8788.32910000
2026-06-16T12:00:00+00:00,1799.60000000,1839.77000000,1796.71000000,1814.88000000,38221.06140000
2026-06-16T13:00:00+00:00,1814.89000000,1817.10000000,1791.57000000,1797.88000000,32836.35530000
2026-06-16T14:00:00+00:00,1797.86000000,1805.57000000,1763.36000000,1780.56000000,37636.96850000
2026-06-16T15:00:00+00:00,1780.56000000,1788.32000000,1774.52000000,1782.44000000,15292.77150000
2026-06-16T16:00:00+00:00,1782.43000000,1785.58000000,1773.03000000,1777.89000000,10107.19780000
2026-06-16T17:00:00+00:00,1777.90000000,1799.45000000,1777.38000000,1795.10000000,11225.17370000
2026-06-16T18:00:00+00:00,1795.10000000,1808.44000000,1792.58000000,1799.21000000,14940.94380000
2026-06-16T19:00:00+00:00,1799.20000000,1801.04000000,1790.14000000,1795.41000000,11864.48250000
2026-06-16T20:00:00+00:00,1795.41000000,1798.50000000,1789.53000000,1797.82000000,7360.84830000
2026-06-16T21:00:00+00:00,1797.82000000,1800.48000000,1790.57000000,1796.52000000,6138.19350000
2026-06-16T22:00:00+00:00,1796.53000000,1799.49000000,1791.03000000,1796.21000000,5783.04830000
2026-06-16T23:00:00+00:00,1796.22000000,1798.89000000,1791.26000000,1792.99000000,4010.98560000
2026-06-17T00:00:00+00:00,1793.00000000,1799.01000000,1791.95000000,1794.22000000,3837.35140000
2026-06-17T01:00:00+00:00,1794.22000000,1799.12000000,1778.99000000,1797.76000000,9518.83190000
2026-06-17T02:00:00+00:00,1797.76000000,1810.21000000,1788.78000000,1795.59000000,11539.61860000
2026-06-17T03:00:00+00:00,1795.59000000,1797.36000000,1787.65000000,1793.58000000,6278.70110000
2026-06-17T04:00:00+00:00,1793.58000000,1801.79000000,1792.00000000,1794.30000000,4566.94980000
2026-06-17T05:00:00+00:00,1794.30000000,1799.45000000,1789.13000000,1793.98000000,6224.91790000
2026-06-17T06:00:00+00:00,1793.98000000,1797.20000000,1786.44000000,1790.38000000,5350.77830000
2026-06-17T07:00:00+00:00,1790.38000000,1792.34000000,1778.71000000,1785.08000000,7467.65360000
2026-06-17T08:00:00+00:00,1785.09000000,1786.15000000,1760.40000000,1765.31000000,15038.46960000
2026-06-17T09:00:00+00:00,1765.30000000,1777.78000000,1765.00000000,1773.07000000,6492.48680000
2026-06-17T10:00:00+00:00,1773.08000000,1776.05000000,1767.14000000,1768.38000000,4720.79500000
2026-06-17T11:00:00+00:00,1768.39000000,1770.77000000,1759.35000000,1763.92000000,8865.85410000
2026-06-17T12:00:00+00:00,1763.93000000,1765.99000000,1742.94000000,1759.44000000,22647.94940000
2026-06-17T13:00:00+00:00,1759.42000000,1771.91000000,1754.72000000,1761.25000000,20823.44390000
2026-06-17T14:00:00+00:00,1761.24000000,1765.52000000,1741.05000000,1754.96000000,21946.52890000
2026-06-17T15:00:00+00:00,1754.97000000,1776.94000000,1751.21000000,1773.41000000,16711.54990000
2026-06-17T16:00:00+00:00,1773.42000000,1791.73000000,1769.52000000,1772.02000000,20521.21250000
2026-06-17T17:00:00+00:00,1772.03000000,1796.08000000,1767.54000000,1789.27000000,12709.61910000
2026-06-17T18:00:00+00:00,1789.27000000,1789.40000000,1746.42000000,1770.32000000,45097.91030000
2026-06-17T19:00:00+00:00,1770.31000000,1775.85000000,1729.26000000,1734.72000000,48044.22290000
2026-06-17T20:00:00+00:00,1734.73000000,1747.92000000,1732.97000000,1747.36000000,12478.29460000
2026-06-17T21:00:00+00:00,1747.37000000,1748.01000000,1736.39000000,1738.90000000,6882.81130000
2026-06-17T22:00:00+00:00,1738.91000000,1746.60000000,1725.34000000,1740.31000000,10769.20640000
2026-06-17T23:00:00+00:00,1740.31000000,1751.66000000,1740.10000000,1750.60000000,5962.90020000
2026-06-18T00:00:00+00:00,1750.61000000,1759.49000000,1749.98000000,1752.97000000,8434.46260000
2026-06-18T01:00:00+00:00,1752.97000000,1762.99000000,1752.64000000,1754.92000000,6736.30830000
2026-06-18T02:00:00+00:00,1754.93000000,1759.00000000,1750.34000000,1755.85000000,5941.18090000
2026-06-18T03:00:00+00:00,1755.86000000,1756.26000000,1741.46000000,1744.17000000,9869.85150000
2026-06-18T04:00:00+00:00,1744.17000000,1745.92000000,1730.00000000,1730.64000000,10827.01060000
2026-06-18T05:00:00+00:00,1730.63000000,1733.00000000,1722.24000000,1730.97000000,9504.60660000
2026-06-18T06:00:00+00:00,1730.97000000,1736.79000000,1725.53000000,1735.56000000,9171.88360000
2026-06-18T07:00:00+00:00,1735.56000000,1753.29000000,1732.91000000,1749.79000000,14499.70600000
2026-06-18T08:00:00+00:00,1749.80000000,1753.61000000,1743.70000000,1747.67000000,16995.32590000
2026-06-18T09:00:00+00:00,1747.67000000,1751.87000000,1742.53000000,1746.07000000,9188.07660000
2026-06-18T10:00:00+00:00,1746.07000000,1752.84000000,1739.46000000,1746.90000000,10293.21990000
2026-06-18T11:00:00+00:00,1746.90000000,1749.39000000,1739.11000000,1743.31000000,10599.35060000
2026-06-18T12:00:00+00:00,1743.31000000,1753.06000000,1741.88000000,1750.41000000,9678.60030000
2026-06-18T13:00:00+00:00,1750.41000000,1752.51000000,1729.08000000,1736.78000000,14466.24320000
2026-06-18T14:00:00+00:00,1736.78000000,1745.46000000,1729.66000000,1739.79000000,15628.51690000
2026-06-18T15:00:00+00:00,1739.78000000,1740.09000000,1680.00000000,1682.23000000,54756.23730000
2026-06-18T16:00:00+00:00,1682.23000000,1692.95000000,1680.39000000,1686.93000000,23218.72470000
2026-06-18T17:00:00+00:00,1686.96000000,1687.68000000,1671.79000000,1679.42000000,18337.10740000
2026-06-18T18:00:00+00:00,1679.41000000,1689.40000000,1676.35000000,1685.38000000,11493.09570000
2026-06-18T19:00:00+00:00,1685.38000000,1707.48000000,1682.78000000,1705.39000000,12972.02300000
2026-06-18T20:00:00+00:00,1705.40000000,1717.23000000,1705.40000000,1710.47000000,10803.47290000
2026-06-18T21:00:00+00:00,1710.47000000,1711.96000000,1701.64000000,1708.39000000,8309.85330000
2026-06-18T22:00:00+00:00,1708.39000000,1708.56000000,1700.19000000,1706.81000000,5388.02620000
2026-06-18T23:00:00+00:00,1706.81000000,1712.38000000,1702.96000000,1711.11000000,5368.08160000
2026-06-19T00:00:00+00:00,1711.11000000,1716.30000000,1708.64000000,1713.84000000,5697.95990000
2026-06-19T01:00:00+00:00,1713.85000000,1719.51000000,1706.19000000,1713.50000000,4979.29320000
2026-06-19T02:00:00+00:00,1713.50000000,1715.21000000,1701.29000000,1707.15000000,7104.62480000
2026-06-19T03:00:00+00:00,1707.15000000,1708.28000000,1682.35000000,1697.69000000,19909.14550000
2026-06-19T04:00:00+00:00,1697.70000000,1702.97000000,1686.00000000,1689.72000000,9047.71310000
2026-06-19T05:00:00+00:00,1689.72000000,1697.75000000,1689.39000000,1697.51000000,6751.56110000
2026-06-19T06:00:00+00:00,1697.51000000,1703.40000000,1696.18000000,1700.26000000,5912.18870000
2026-06-19T07:00:00+00:00,1700.27000000,1700.98000000,1690.09000000,1695.82000000,10871.05750000
2026-06-19T08:00:00+00:00,1695.82000000,1699.11000000,1693.66000000,1697.94000000,4871.77740000
2026-06-19T09:00:00+00:00,1697.94000000,1699.82000000,1688.72000000,1689.20000000,5546.97360000
2026-06-19T10:00:00+00:00,1689.21000000,1694.67000000,1687.05000000,1692.61000000,5996.38390000
2026-06-19T11:00:00+00:00,1692.60000000,1694.24000000,1688.84000000,1691.74000000,3329.07390000
2026-06-19T12:00:00+00:00,1691.74000000,1696.12000000,1679.11000000,1695.36000000,9586.95100000
2026-06-19T13:00:00+00:00,1695.37000000,1711.59000000,1687.75000000,1703.47000000,11636.31770000
2026-06-19T14:00:00+00:00,1703.46000000,1709.98000000,1696.51000000,1706.97000000,8226.39520000
2026-06-19T15:00:00+00:00,1706.96000000,1712.06000000,1698.37000000,1707.86000000,9090.81570000
2026-06-19T16:00:00+00:00,1707.87000000,1711.76000000,1695.09000000,1696.80000000,7276.02520000
2026-06-19T17:00:00+00:00,1696.80000000,1706.25000000,1693.70000000,1704.85000000,7369.58480000
2026-06-19T18:00:00+00:00,1704.85000000,1705.45000000,1698.30000000,1702.70000000,3812.16930000
2026-06-19T19:00:00+00:00,1702.69000000,1704.61000000,1698.15000000,1701.20000000,3987.74580000
2026-06-19T20:00:00+00:00,1701.21000000,1709.37000000,1698.89000000,1708.96000000,3414.00820000
2026-06-19T21:00:00+00:00,1708.97000000,1708.97000000,1701.52000000,1702.03000000,2847.93890000
2026-06-19T22:00:00+00:00,1702.02000000,1710.38000000,1700.45000000,1707.61000000,4493.57100000
2026-06-19T23:00:00+00:00,1707.61000000,1715.00000000,1704.88000000,1711.19000000,3318.92300000
2026-06-20T00:00:00+00:00,1711.18000000,1718.00000000,1708.41000000,1708.80000000,6468.23010000
2026-06-20T01:00:00+00:00,1708.80000000,1713.36000000,1706.62000000,1709.89000000,2947.07580000
2026-06-20T02:00:00+00:00,1709.89000000,1710.52000000,1704.06000000,1704.85000000,3058.59580000
2026-06-20T03:00:00+00:00,1704.85000000,1709.33000000,1704.56000000,1708.17000000,2012.50220000
2026-06-20T04:00:00+00:00,1708.18000000,1715.47000000,1706.51000000,1713.52000000,4256.56010000
2026-06-20T05:00:00+00:00,1713.52000000,1733.89000000,1712.25000000,1726.10000000,15425.56810000
2026-06-20T06:00:00+00:00,1726.11000000,1729.84000000,1723.98000000,1727.67000000,4389.74010000
2026-06-20T07:00:00+00:00,1727.66000000,1729.56000000,1723.05000000,1725.82000000,4567.47720000
2026-06-20T08:00:00+00:00,1725.81000000,1726.90000000,1721.25000000,1722.83000000,4169.44260000
2026-06-20T09:00:00+00:00,1722.83000000,1730.00000000,1722.83000000,1728.47000000,3920.34100000
2026-06-20T10:00:00+00:00,1728.46000000,1729.53000000,1725.26000000,1727.62000000,2117.89500000
2026-06-20T11:00:00+00:00,1727.63000000,1731.76000000,1725.84000000,1727.18000000,3102.37400000
2026-06-20T12:00:00+00:00,1727.18000000,1730.35000000,1723.61000000,1726.86000000,3168.53930000
2026-06-20T13:00:00+00:00,1726.86000000,1727.21000000,1712.81000000,1717.56000000,7508.83060000
2026-06-20T14:00:00+00:00,1717.56000000,1746.67000000,1708.11000000,1733.48000000,17301.39760000
2026-06-20T15:00:00+00:00,1733.49000000,1749.55000000,1729.44000000,1740.63000000,17584.99230000
2026-06-20T16:00:00+00:00,1740.63000000,1740.91000000,1730.90000000,1733.92000000,4672.24340000
2026-06-20T17:00:00+00:00,1733.92000000,1733.93000000,1721.03000000,1726.86000000,4887.24090000
2026-06-20T18:00:00+00:00,1726.87000000,1732.00000000,1726.00000000,1726.63000000,4045.85040000
2026-06-20T19:00:00+00:00,1726.62000000,1730.18000000,1725.24000000,1729.27000000,9864.41560000
2026-06-20T20:00:00+00:00,1729.27000000,1731.34000000,1726.53000000,1730.98000000,2561.06200000
2026-06-20T21:00:00+00:00,1730.98000000,1738.01000000,1730.38000000,1735.33000000,10038.60890000
2026-06-20T22:00:00+00:00,1735.33000000,1746.17000000,1732.96000000,1743.32000000,13257.52900000
2026-06-20T23:00:00+00:00,1743.32000000,1743.76000000,1740.52000000,1741.08000000,8465.30910000
2026-06-21T00:00:00+00:00,1741.08000000,1741.09000000,1736.19000000,1737.92000000,3498.05100000
2026-06-21T01:00:00+00:00,1737.92000000,1740.00000000,1734.50000000,1737.01000000,2282.04420000
2026-06-21T02:00:00+00:00,1737.00000000,1738.18000000,1735.66000000,1736.09000000,1633.64970000
2026-06-21T03:00:00+00:00,1736.08000000,1741.45000000,1733.51000000,1737.87000000,4072.18390000
2026-06-21T04:00:00+00:00,1737.88000000,1741.41000000,1731.63000000,1732.85000000,3580.85940000
2026-06-21T05:00:00+00:00,1732.85000000,1736.27000000,1729.80000000,1733.47000000,3450.49940000
2026-06-21T06:00:00+00:00,1733.46000000,1738.66000000,1732.52000000,1736.14000000,8991.48450000
2026-06-21T07:00:00+00:00,1736.14000000,1736.44000000,1731.79000000,1732.36000000,3125.81220000
2026-06-21T08:00:00+00:00,1732.36000000,1733.22000000,1724.00000000,1729.10000000,4507.56800000
2026-06-21T09:00:00+00:00,1729.11000000,1734.37000000,1725.89000000,1732.78000000,3081.64770000
2026-06-21T10:00:00+00:00,1732.77000000,1737.02000000,1731.03000000,1731.38000000,3584.34820000
2026-06-21T11:00:00+00:00,1731.39000000,1734.81000000,1718.56000000,1725.36000000,8436.54160000
2026-06-21T12:00:00+00:00,1725.37000000,1726.93000000,1717.14000000,1726.00000000,8012.72320000
2026-06-21T13:00:00+00:00,1725.99000000,1728.14000000,1722.12000000,1725.15000000,3705.30060000
2026-06-21T14:00:00+00:00,1725.15000000,1728.46000000,1721.78000000,1728.44000000,3406.01890000
2026-06-21T15:00:00+00:00,1728.45000000,1732.57000000,1727.12000000,1730.72000000,3875.81920000
2026-06-21T16:00:00+00:00,1730.71000000,1730.71000000,1722.21000000,1728.15000000,5613.96790000
2026-06-21T17:00:00+00:00,1728.16000000,1731.54000000,1725.97000000,1727.36000000,4651.97460000
2026-06-21T18:00:00+00:00,1727.37000000,1737.81000000,1721.67000000,1735.39000000,7082.16540000
2026-06-21T19:00:00+00:00,1735.40000000,1739.32000000,1733.59000000,1734.14000000,2837.26960000
2026-06-21T20:00:00+00:00,1734.14000000,1735.34000000,1717.30000000,1721.30000000,5585.80710000
2026-06-21T21:00:00+00:00,1721.32000000,1724.19000000,1702.00000000,1718.60000000,13883.61980000
2026-06-21T22:00:00+00:00,1718.59000000,1721.38000000,1708.57000000,1717.65000000,6845.10930000
2026-06-21T23:00:00+00:00,1717.64000000,1717.64000000,1704.25000000,1706.94000000,8018.00350000
2026-06-22T00:00:00+00:00,1706.94000000,1732.20000000,1706.94000000,1726.95000000,10130.38050000
2026-06-22T01:00:00+00:00,1726.95000000,1759.84000000,1724.56000000,1743.82000000,22702.97130000
2026-06-22T02:00:00+00:00,1743.83000000,1745.28000000,1737.28000000,1737.28000000,6300.05910000
2026-06-22T03:00:00+00:00,1737.27000000,1740.98000000,1726.54000000,1730.00000000,9112.57990000
2026-06-22T04:00:00+00:00,1730.00000000,1735.96000000,1727.69000000,1735.31000000,6465.28010000
2026-06-22T05:00:00+00:00,1735.30000000,1739.83000000,1734.20000000,1736.85000000,5508.66240000
2026-06-22T06:00:00+00:00,1736.85000000,1740.21000000,1733.21000000,1735.06000000,6815.16640000
2026-06-22T07:00:00+00:00,1735.07000000,1751.58000000,1734.76000000,1746.34000000,12767.32670000
2026-06-22T08:00:00+00:00,1746.34000000,1752.23000000,1743.56000000,1747.79000000,6440.11790000
2026-06-22T09:00:00+00:00,1747.80000000,1750.38000000,1743.75000000,1746.20000000,7565.42430000
2026-06-22T10:00:00+00:00,1746.19000000,1751.58000000,1745.23000000,1748.81000000,3656.44250000
2026-06-22T11:00:00+00:00,1748.81000000,1774.70000000,1747.48000000,1767.68000000,22291.96650000
2026-06-22T12:00:00+00:00,1767.68000000,1772.00000000,1761.29000000,1764.00000000,13529.96720000
2026-06-22T13:00:00+00:00,1764.00000000,1779.90000000,1762.06000000,1777.51000000,20616.35900000
2026-06-22T14:00:00+00:00,1777.52000000,1778.00000000,1749.85000000,1754.61000000,17137.59040000
2026-06-22T15:00:00+00:00,1754.62000000,1758.06000000,1742.41000000,1744.74000000,13111.68860000
2026-06-22T16:00:00+00:00,1744.75000000,1746.29000000,1733.71000000,1740.10000000,17031.01080000
2026-06-22T17:00:00+00:00,1740.10000000,1743.12000000,1731.32000000,1740.93000000,9084.94340000
2026-06-22T18:00:00+00:00,1740.92000000,1747.70000000,1729.42000000,1733.51000000,12571.19350000
2026-06-22T19:00:00+00:00,1733.51000000,1736.82000000,1729.15000000,1734.59000000,10968.99430000
2026-06-22T20:00:00+00:00,1734.59000000,1740.07000000,1731.14000000,1734.61000000,5535.29970000
2026-06-22T21:00:00+00:00,1734.61000000,1737.53000000,1726.83000000,1732.74000000,5705.29220000
2026-06-22T22:00:00+00:00,1732.74000000,1735.93000000,1717.02000000,1724.15000000,11341.67320000
2026-06-22T23:00:00+00:00,1724.16000000,1730.60000000,1721.38000000,1728.19000000,6266.79210000
2026-06-23T00:00:00+00:00,1728.19000000,1731.74000000,1719.75000000,1731.27000000,5627.00990000
2026-06-23T01:00:00+00:00,1731.26000000,1736.25000000,1721.22000000,1730.61000000,5962.02360000
2026-06-23T02:00:00+00:00,1730.61000000,1735.04000000,1726.36000000,1732.65000000,3137.14250000
2026-06-23T03:00:00+00:00,1732.65000000,1733.11000000,1725.98000000,1729.90000000,4003.49960000
2026-06-23T04:00:00+00:00,1729.91000000,1731.25000000,1717.75000000,1719.07000000,5982.79410000
2026-06-23T05:00:00+00:00,1719.07000000,1721.38000000,1710.50000000,1713.44000000,9724.82990000
2026-06-23T06:00:00+00:00,1713.51000000,1713.70000000,1680.52000000,1692.29000000,25365.44130000
2026-06-23T07:00:00+00:00,1692.30000000,1696.47000000,1682.34000000,1683.01000000,10843.58500000
2026-06-23T08:00:00+00:00,1683.02000000,1684.80000000,1635.65000000,1648.48000000,45421.57850000
2026-06-23T09:00:00+00:00,1648.47000000,1654.39000000,1648.15000000,1650.97000000,9665.83990000
2026-06-23T10:00:00+00:00,1650.97000000,1658.91000000,1649.37000000,1652.65000000,7703.62160000
2026-06-23T11:00:00+00:00,1652.65000000,1663.90000000,1652.65000000,1660.90000000,8465.12000000
2026-06-23T12:00:00+00:00,1660.90000000,1662.59000000,1653.60000000,1654.53000000,8770.32730000
2026-06-23T13:00:00+00:00,1654.54000000,1664.13000000,1645.52000000,1662.83000000,18188.63960000
2026-06-23T14:00:00+00:00,1662.82000000,1672.00000000,1658.04000000,1662.10000000,11900.43810000
2026-06-23T15:00:00+00:00,1662.10000000,1663.39000000,1651.39000000,1659.78000000,9981.54950000
2026-06-23T16:00:00+00:00,1659.78000000,1673.89000000,1656.99000000,1659.35000000,16753.28700000
2026-06-23T17:00:00+00:00,1659.34000000,1664.87000000,1654.67000000,1656.85000000,5433.17620000
2026-06-23T18:00:00+00:00,1656.86000000,1660.64000000,1650.00000000,1655.53000000,9237.57860000
2026-06-23T19:00:00+00:00,1655.53000000,1663.97000000,1655.47000000,1662.58000000,7258.07500000
2026-06-23T20:00:00+00:00,1662.57000000,1667.64000000,1661.42000000,1664.13000000,5425.23130000
2026-06-23T21:00:00+00:00,1664.12000000,1668.37000000,1663.52000000,1666.75000000,3885.27370000
2026-06-23T22:00:00+00:00,1666.74000000,1672.92000000,1663.00000000,1664.67000000,4377.06300000
2026-06-23T23:00:00+00:00,1664.67000000,1669.55000000,1660.27000000,1667.13000000,5148.88680000
2026-06-24T00:00:00+00:00,1667.13000000,1674.72000000,1666.75000000,1671.37000000,4670.74780000
2026-06-24T01:00:00+00:00,1671.37000000,1680.46000000,1666.12000000,1672.71000000,6893.08070000
2026-06-24T02:00:00+00:00,1672.71000000,1673.62000000,1663.53000000,1664.03000000,4564.50590000
2026-06-24T03:00:00+00:00,1664.03000000,1670.09000000,1658.18000000,1666.67000000,6262.17000000
2026-06-24T04:00:00+00:00,1666.67000000,1671.01000000,1658.22000000,1669.00000000,6413.20870000
2026-06-24T05:00:00+00:00,1669.00000000,1679.57000000,1667.80000000,1674.48000000,6618.85950000
2026-06-24T06:00:00+00:00,1674.48000000,1677.00000000,1670.54000000,1674.89000000,5038.46810000
2026-06-24T07:00:00+00:00,1674.89000000,1678.53000000,1670.94000000,1673.12000000,6333.96310000
2026-06-24T08:00:00+00:00,1673.13000000,1675.20000000,1669.23000000,1673.28000000,5571.62040000
2026-06-24T09:00:00+00:00,1673.28000000,1673.38000000,1665.29000000,1667.15000000,6153.86320000
2026-06-24T10:00:00+00:00,1667.14000000,1668.00000000,1662.88000000,1663.69000000,7390.63950000
2026-06-24T11:00:00+00:00,1663.68000000,1693.67000000,1655.76000000,1679.57000000,14579.93120000
2026-06-24T12:00:00+00:00,1679.57000000,1681.29000000,1670.52000000,1671.53000000,8195.69480000
2026-06-24T13:00:00+00:00,1671.53000000,1672.17000000,1641.44000000,1645.43000000,27387.75470000
2026-06-24T14:00:00+00:00,1645.42000000,1657.40000000,1638.14000000,1647.26000000,23273.28980000
2026-06-24T15:00:00+00:00,1647.27000000,1651.24000000,1616.80000000,1618.08000000,29543.95690000
2026-06-24T16:00:00+00:00,1618.08000000,1636.08000000,1585.20000000,1589.87000000,48596.78810000
2026-06-24T17:00:00+00:00,1589.86000000,1597.83000000,1552.95000000,1560.66000000,44350.58320000
2026-06-24T18:00:00+00:00,1560.66000000,1585.11000000,1556.86000000,1572.26000000,27727.02150000
2026-06-24T19:00:00+00:00,1572.27000000,1585.39000000,1567.12000000,1584.58000000,14632.35020000
2026-06-24T20:00:00+00:00,1584.59000000,1622.12000000,1580.00000000,1613.63000000,23963.58710000
2026-06-24T21:00:00+00:00,1613.63000000,1621.81000000,1606.09000000,1621.37000000,10321.27570000
2026-06-24T22:00:00+00:00,1621.37000000,1629.82000000,1613.65000000,1615.46000000,11234.91870000
2026-06-24T23:00:00+00:00,1615.45000000,1623.46000000,1613.75000000,1622.17000000,6010.06150000
2026-06-25T00:00:00+00:00,1622.18000000,1626.51000000,1616.56000000,1619.12000000,10082.82770000
2026-06-25T01:00:00+00:00,1619.12000000,1624.24000000,1614.69000000,1620.72000000,5059.82550000
2026-06-25T02:00:00+00:00,1620.73000000,1621.47000000,1615.04000000,1621.00000000,3603.67970000
2026-06-25T03:00:00+00:00,1621.01000000,1624.12000000,1616.23000000,1619.60000000,5190.76250000
2026-06-25T04:00:00+00:00,1619.61000000,1636.52000000,1617.12000000,1635.03000000,10616.03130000
2026-06-25T05:00:00+00:00,1635.04000000,1652.23000000,1633.58000000,1645.89000000,29374.74630000
2026-06-25T06:00:00+00:00,1645.89000000,1660.54000000,1644.15000000,1653.95000000,13089.77780000
2026-06-25T07:00:00+00:00,1653.95000000,1659.89000000,1651.22000000,1657.19000000,10508.24790000
2026-06-25T08:00:00+00:00,1657.20000000,1658.98000000,1651.03000000,1652.92000000,5137.72570000
2026-06-25T09:00:00+00:00,1652.93000000,1655.41000000,1646.62000000,1648.88000000,5291.91710000
2026-06-25T10:00:00+00:00,1648.89000000,1649.83000000,1633.60000000,1636.58000000,12280.27740000
2026-06-25T11:00:00+00:00,1636.58000000,1639.17000000,1628.05000000,1633.27000000,21315.38000000
2026-06-25T12:00:00+00:00,1633.28000000,1650.38000000,1624.71000000,1635.81000000,14082.14110000
2026-06-25T13:00:00+00:00,1635.82000000,1640.98000000,1532.90000000,1538.15000000,69978.66100000
2026-06-25T14:00:00+00:00,1538.15000000,1593.07000000,1538.15000000,1568.37000000,74239.25850000
2026-06-25T15:00:00+00:00,1568.37000000,1573.55000000,1544.68000000,1570.01000000,40193.96890000
2026-06-25T16:00:00+00:00,1570.01000000,1587.70000000,1558.17000000,1562.04000000,27455.60570000
2026-06-25T17:00:00+00:00,1562.04000000,1575.43000000,1557.56000000,1574.92000000,16173.20730000
2026-06-25T18:00:00+00:00,1574.92000000,1577.49000000,1560.00000000,1567.56000000,15081.15500000
2026-06-25T19:00:00+00:00,1567.56000000,1567.83000000,1554.60000000,1559.42000000,11610.44840000
2026-06-25T20:00:00+00:00,1559.41000000,1570.74000000,1556.73000000,1560.33000000,9081.72740000
2026-06-25T21:00:00+00:00,1560.33000000,1583.09000000,1560.14000000,1580.77000000,11363.35880000
2026-06-25T22:00:00+00:00,1580.76000000,1583.65000000,1566.62000000,1570.30000000,10594.80860000
2026-06-25T23:00:00+00:00,1570.29000000,1579.82000000,1564.57000000,1567.84000000,9265.46540000
2026-06-26T00:00:00+00:00,1567.86000000,1571.78000000,1563.69000000,1564.72000000,4929.46350000
2026-06-26T01:00:00+00:00,1564.73000000,1568.65000000,1555.33000000,1560.13000000,7050.36910000
2026-06-26T02:00:00+00:00,1560.13000000,1560.94000000,1520.00000000,1524.70000000,35180.37390000
2026-06-26T03:00:00+00:00,1524.70000000,1563.65000000,1512.00000000,1557.93000000,36405.79420000
2026-06-26T04:00:00+00:00,1557.93000000,1560.70000000,1547.41000000,1549.79000000,8921.68470000
2026-06-26T05:00:00+00:00,1549.80000000,1559.22000000,1548.40000000,1555.69000000,11399.79600000
2026-06-26T06:00:00+00:00,1555.68000000,1574.02000000,1543.43000000,1570.99000000,15077.44820000
2026-06-26T07:00:00+00:00,1571.00000000,1586.50000000,1570.65000000,1581.12000000,33337.55740000
2026-06-26T08:00:00+00:00,1581.12000000,1582.43000000,1563.55000000,1566.43000000,27853.25570000
2026-06-26T09:00:00+00:00,1566.44000000,1567.28000000,1549.33000000,1552.99000000,16726.18380000
2026-06-26T10:00:00+00:00,1552.99000000,1556.15000000,1545.00000000,1548.37000000,10405.97140000
2026-06-26T11:00:00+00:00,1548.36000000,1555.20000000,1541.01000000,1545.14000000,15853.29160000
2026-06-26T12:00:00+00:00,1545.15000000,1560.61000000,1527.81000000,1536.28000000,20616.55010000
2026-06-26T13:00:00+00:00,1536.29000000,1571.40000000,1521.54000000,1569.40000000,35433.13840000
2026-06-26T14:00:00+00:00,1569.40000000,1575.36000000,1553.66000000,1559.98000000,33128.11140000
2026-06-26T15:00:00+00:00,1559.98000000,1588.23000000,1559.56000000,1580.14000000,30928.05750000
2026-06-26T16:00:00+00:00,1580.13000000,1594.70000000,1572.44000000,1577.84000000,19277.14590000
2026-06-26T17:00:00+00:00,1577.83000000,1589.03000000,1576.59000000,1581.92000000,14613.13950000
2026-06-26T18:00:00+00:00,1581.91000000,1585.51000000,1570.32000000,1573.34000000,9649.54200000
2026-06-26T19:00:00+00:00,1573.35000000,1584.20000000,1570.50000000,1574.51000000,10709.88940000
2026-06-26T20:00:00+00:00,1574.51000000,1583.40000000,1568.00000000,1571.03000000,12801.70660000
2026-06-26T21:00:00+00:00,1571.02000000,1579.40000000,1568.43000000,1575.18000000,5129.51890000
2026-06-26T22:00:00+00:00,1575.17000000,1579.45000000,1569.44000000,1577.95000000,4444.57290000
2026-06-26T23:00:00+00:00,1577.94000000,1580.76000000,1574.44000000,1578.68000000,3818.87720000
2026-06-27T00:00:00+00:00,1578.68000000,1582.07000000,1571.55000000,1576.82000000,3878.24380000
2026-06-27T01:00:00+00:00,1576.83000000,1577.70000000,1574.00000000,1576.01000000,1579.79640000
2026-06-27T02:00:00+00:00,1576.00000000,1587.17000000,1574.64000000,1583.13000000,5372.92760000
2026-06-27T03:00:00+00:00,1583.13000000,1585.09000000,1578.41000000,1580.62000000,8297.57490000
2026-06-27T04:00:00+00:00,1580.62000000,1585.22000000,1579.00000000,1579.48000000,3722.08110000
2026-06-27T05:00:00+00:00,1579.48000000,1581.12000000,1577.00000000,1578.65000000,4219.36900000
2026-06-27T06:00:00+00:00,1578.66000000,1584.61000000,1575.20000000,1582.71000000,3621.24670000
2026-06-27T07:00:00+00:00,1582.71000000,1586.38000000,1580.39000000,1585.71000000,3657.58860000
2026-06-27T08:00:00+00:00,1585.72000000,1585.95000000,1582.05000000,1584.18000000,5115.61150000
2026-06-27T09:00:00+00:00,1584.18000000,1584.91000000,1579.39000000,1582.93000000,3278.63790000
2026-06-27T10:00:00+00:00,1582.93000000,1584.97000000,1582.18000000,1584.31000000,2292.32540000
2026-06-27T11:00:00+00:00,1584.31000000,1585.12000000,1579.00000000,1584.00000000,2769.01680000
2026-06-27T12:00:00+00:00,1584.00000000,1586.49000000,1581.42000000,1585.95000000,3471.42360000
2026-06-27T13:00:00+00:00,1585.95000000,1593.23000000,1584.98000000,1592.30000000,8300.54950000
2026-06-27T14:00:00+00:00,1592.31000000,1598.88000000,1589.49000000,1594.68000000,7439.29540000
2026-06-27T15:00:00+00:00,1594.68000000,1611.02000000,1594.09000000,1605.68000000,14977.09370000
2026-06-27T16:00:00+00:00,1605.68000000,1607.92000000,1601.70000000,1606.97000000,4657.14130000
2026-06-27T17:00:00+00:00,1606.98000000,1607.10000000,1588.60000000,1591.42000000,10759.71530000
2026-06-27T18:00:00+00:00,1591.42000000,1594.70000000,1589.20000000,1593.92000000,2775.85770000
2026-06-27T19:00:00+00:00,1593.91000000,1595.25000000,1573.36000000,1578.51000000,11430.89180000
2026-06-27T20:00:00+00:00,1578.51000000,1583.24000000,1578.48000000,1581.48000000,2379.69340000
2026-06-27T21:00:00+00:00,1581.48000000,1585.69000000,1573.93000000,1575.38000000,5770.04740000
2026-06-27T22:00:00+00:00,1575.38000000,1579.56000000,1562.86000000,1578.98000000,7609.19670000
2026-06-27T23:00:00+00:00,1578.98000000,1581.58000000,1570.55000000,1573.99000000,4217.03430000
2026-06-28T00:00:00+00:00,1574.00000000,1578.08000000,1572.71000000,1574.75000000,2955.01910000
2026-06-28T01:00:00+00:00,1574.74000000,1576.95000000,1570.00000000,1575.11000000,3504.18950000
2026-06-28T02:00:00+00:00,1575.11000000,1580.05000000,1569.07000000,1572.00000000,4027.30510000
2026-06-28T03:00:00+00:00,1572.01000000,1576.11000000,1572.01000000,1575.08000000,1672.75400000
2026-06-28T04:00:00+00:00,1575.08000000,1577.34000000,1570.64000000,1574.32000000,3089.36360000
2026-06-28T05:00:00+00:00,1574.32000000,1574.33000000,1564.33000000,1569.17000000,6581.55220000
2026-06-28T06:00:00+00:00,1569.18000000,1570.65000000,1562.41000000,1567.84000000,5839.15720000
2026-06-28T07:00:00+00:00,1567.85000000,1577.13000000,1567.84000000,1575.96000000,5527.18520000
2026-06-28T08:00:00+00:00,1575.96000000,1585.32000000,1573.75000000,1581.58000000,8339.70960000
2026-06-28T09:00:00+00:00,1581.58000000,1586.35000000,1578.37000000,1579.09000000,6148.27540000
2026-06-28T10:00:00+00:00,1579.08000000,1581.42000000,1572.23000000,1577.16000000,5257.72190000
2026-06-28T11:00:00+00:00,1577.16000000,1584.00000000,1575.90000000,1582.87000000,4122.22340000
2026-06-28T12:00:00+00:00,1582.86000000,1588.82000000,1578.21000000,1583.56000000,8975.49820000
2026-06-28T13:00:00+00:00,1583.56000000,1583.85000000,1575.04000000,1579.68000000,4303.25260000
2026-06-28T14:00:00+00:00,1579.68000000,1586.36000000,1577.92000000,1581.56000000,4893.54910000
2026-06-28T15:00:00+00:00,1581.55000000,1585.36000000,1577.20000000,1580.89000000,5502.25540000
2026-06-28T16:00:00+00:00,1580.90000000,1581.94000000,1566.62000000,1572.85000000,9393.46850000
2026-06-28T17:00:00+00:00,1572.84000000,1577.36000000,1563.53000000,1572.35000000,6830.07240000
2026-06-28T18:00:00+00:00,1572.34000000,1575.15000000,1569.08000000,1571.78000000,3637.05340000
2026-06-28T19:00:00+00:00,1571.79000000,1574.55000000,1556.81000000,1564.62000000,6915.10440000
2026-06-28T20:00:00+00:00,1564.61000000,1576.42000000,1564.30000000,1573.20000000,4705.05870000
2026-06-28T21:00:00+00:00,1573.20000000,1573.87000000,1559.21000000,1563.62000000,4084.21400000
2026-06-28T22:00:00+00:00,1563.63000000,1582.29000000,1548.37000000,1557.09000000,15493.94960000
2026-06-28T23:00:00+00:00,1557.08000000,1580.10000000,1555.35000000,1571.96000000,8383.20920000
2026-06-29T00:00:00+00:00,1571.96000000,1574.69000000,1552.21000000,1573.53000000,9360.72040000
2026-06-29T01:00:00+00:00,1573.53000000,1574.28000000,1560.19000000,1568.70000000,5801.24280000
2026-06-29T02:00:00+00:00,1568.71000000,1579.15000000,1550.43000000,1576.60000000,12263.51630000
2026-06-29T03:00:00+00:00,1576.60000000,1589.75000000,1576.60000000,1584.78000000,9914.29310000
2026-06-29T04:00:00+00:00,1584.77000000,1585.05000000,1574.65000000,1575.50000000,4238.93360000
2026-06-29T05:00:00+00:00,1575.50000000,1583.10000000,1562.26000000,1583.10000000,8554.54540000
2026-06-29T06:00:00+00:00,1583.10000000,1589.08000000,1579.81000000,1582.82000000,5429.16520000
2026-06-29T07:00:00+00:00,1582.82000000,1584.90000000,1577.92000000,1580.16000000,5938.94800000
2026-06-29T08:00:00+00:00,1580.17000000,1582.33000000,1569.85000000,1572.98000000,7152.08860000
2026-06-29T09:00:00+00:00,1572.98000000,1580.44000000,1570.49000000,1576.20000000,7628.97280000
2026-06-29T10:00:00+00:00,1576.20000000,1587.00000000,1576.20000000,1578.60000000,7670.00290000
2026-06-29T11:00:00+00:00,1578.60000000,1582.54000000,1570.32000000,1574.93000000,10782.30570000
2026-06-29T12:00:00+00:00,1574.93000000,1597.28000000,1566.60000000,1576.11000000,29333.74110000
2026-06-29T13:00:00+00:00,1576.12000000,1588.82000000,1564.85000000,1572.74000000,22887.33890000
2026-06-29T14:00:00+00:00,1572.74000000,1579.34000000,1557.35000000,1572.90000000,25528.26160000
2026-06-29T15:00:00+00:00,1572.90000000,1585.41000000,1561.70000000,1580.26000000,22851.74100000
2026-06-29T16:00:00+00:00,1580.26000000,1587.71000000,1574.06000000,1585.37000000,13677.84500000
2026-06-29T17:00:00+00:00,1585.37000000,1637.58000000,1585.37000000,1628.03000000,47576.48520000
2026-06-29T18:00:00+00:00,1628.04000000,1628.61000000,1618.37000000,1621.10000000,11128.55180000
2026-06-29T19:00:00+00:00,1621.10000000,1627.36000000,1616.23000000,1625.60000000,8541.61030000
2026-06-29T20:00:00+00:00,1625.60000000,1626.65000000,1617.37000000,1617.66000000,11491.59880000
2026-06-29T21:00:00+00:00,1617.66000000,1623.00000000,1611.50000000,1619.99000000,8484.76180000
2026-06-29T22:00:00+00:00,1620.00000000,1622.11000000,1610.36000000,1612.90000000,7654.41770000
2026-06-29T23:00:00+00:00,1612.90000000,1613.98000000,1607.41000000,1613.07000000,6077.88680000
2026-06-30T00:00:00+00:00,1613.07000000,1614.41000000,1592.71000000,1594.41000000,14031.36700000
2026-06-30T01:00:00+00:00,1594.42000000,1599.83000000,1589.00000000,1593.92000000,9136.29580000
2026-06-30T02:00:00+00:00,1593.92000000,1593.93000000,1586.49000000,1590.57000000,6252.36130000
2026-06-30T03:00:00+00:00,1590.57000000,1596.18000000,1586.58000000,1587.18000000,5380.68590000
2026-06-30T04:00:00+00:00,1587.18000000,1590.99000000,1579.79000000,1588.11000000,8118.73240000
2026-06-30T05:00:00+00:00,1588.10000000,1592.02000000,1585.22000000,1591.60000000,6208.86480000
2026-06-30T06:00:00+00:00,1591.61000000,1594.65000000,1589.00000000,1593.72000000,4198.23530000
2026-06-30T07:00:00+00:00,1593.72000000,1596.25000000,1590.07000000,1592.51000000,6659.25530000
2026-06-30T08:00:00+00:00,1592.51000000,1594.28000000,1579.54000000,1583.98000000,12844.08510000
2026-06-30T09:00:00+00:00,1583.97000000,1587.03000000,1581.49000000,1585.35000000,6708.23190000
2026-06-30T10:00:00+00:00,1585.35000000,1586.93000000,1582.23000000,1584.51000000,5569.30340000
2026-06-30T11:00:00+00:00,1584.52000000,1586.15000000,1575.85000000,1578.58000000,8676.24580000
2026-06-30T12:00:00+00:00,1578.57000000,1578.58000000,1551.33000000,1552.79000000,21763.48640000
2026-06-30T13:00:00+00:00,1552.80000000,1567.51000000,1550.20000000,1567.29000000,25249.46690000
2026-06-30T14:00:00+00:00,1567.29000000,1578.00000000,1561.33000000,1563.52000000,14106.08700000
2026-06-30T15:00:00+00:00,1563.52000000,1576.94000000,1557.35000000,1565.18000000,12920.77100000
2026-06-30T16:00:00+00:00,1565.19000000,1575.00000000,1561.84000000,1572.38000000,10466.68460000
2026-06-30T17:00:00+00:00,1572.38000000,1577.10000000,1568.64000000,1570.86000000,6056.38480000
2026-06-30T18:00:00+00:00,1570.87000000,1581.83000000,1569.59000000,1579.11000000,9113.06830000
2026-06-30T19:00:00+00:00,1579.10000000,1581.92000000,1575.56000000,1580.53000000,6894.01300000
2026-06-30T20:00:00+00:00,1580.52000000,1582.98000000,1573.40000000,1575.99000000,6496.55230000
2026-06-30T21:00:00+00:00,1575.99000000,1577.26000000,1570.00000000,1571.68000000,4676.41800000
2026-06-30T22:00:00+00:00,1571.68000000,1575.30000000,1566.81000000,1567.64000000,5732.23410000
2026-06-30T23:00:00+00:00,1567.64000000,1572.80000000,1566.00000000,1572.01000000,4798.37380000
2026-07-01T00:00:00+00:00,1572.00000000,1576.70000000,1566.13000000,1575.07000000,5170.83490000
2026-07-01T01:00:00+00:00,1575.07000000,1586.60000000,1552.92000000,1577.91000000,20972.99350000
2026-07-01T02:00:00+00:00,1577.91000000,1589.55000000,1574.53000000,1586.30000000,9847.68450000
2026-07-01T03:00:00+00:00,1586.30000000,1599.19000000,1582.45000000,1594.81000000,13735.44400000
2026-07-01T04:00:00+00:00,1594.81000000,1604.02000000,1590.89000000,1599.35000000,10850.55590000
2026-07-01T05:00:00+00:00,1599.35000000,1600.83000000,1591.21000000,1593.00000000,7409.76860000
2026-07-01T06:00:00+00:00,1593.00000000,1593.15000000,1571.50000000,1575.99000000,14828.29990000
2026-07-01T07:00:00+00:00,1575.99000000,1581.19000000,1572.50000000,1578.36000000,6847.45300000
2026-07-01T08:00:00+00:00,1578.36000000,1582.37000000,1568.51000000,1582.37000000,6285.30840000
2026-07-01T09:00:00+00:00,1582.36000000,1585.33000000,1578.68000000,1581.01000000,7492.70880000
2026-07-01T10:00:00+00:00,1581.00000000,1581.52000000,1572.11000000,1573.43000000,5702.47910000
2026-07-01T11:00:00+00:00,1573.43000000,1575.96000000,1567.13000000,1569.89000000,6688.41040000
2026-07-01T12:00:00+00:00,1569.88000000,1572.49000000,1565.26000000,1570.24000000,7560.23900000
2026-07-01T13:00:00+00:00,1570.24000000,1598.00000000,1570.00000000,1597.22000000,20616.96710000
2026-07-01T14:00:00+00:00,1597.22000000,1617.04000000,1591.20000000,1601.18000000,38319.40060000
2026-07-01T15:00:00+00:00,1601.19000000,1631.00000000,1600.98000000,1620.09000000,28006.77560000
2026-07-01T16:00:00+00:00,1620.10000000,1629.26000000,1612.77000000,1614.54000000,13891.34610000
2026-07-01T17:00:00+00:00,1614.54000000,1624.79000000,1607.17000000,1622.72000000,10580.08530000
2026-07-01T18:00:00+00:00,1622.72000000,1624.50000000,1612.01000000,1616.59000000,7761.22190000
2026-07-01T19:00:00+00:00,1616.59000000,1624.00000000,1614.42000000,1618.09000000,8988.55810000
2026-07-01T20:00:00+00:00,1618.07000000,1620.46000000,1610.38000000,1617.68000000,8568.53840000
2026-07-01T21:00:00+00:00,1617.67000000,1638.63000000,1617.55000000,1632.12000000,18296.01030000
2026-07-01T22:00:00+00:00,1632.11000000,1646.26000000,1620.58000000,1621.63000000,17822.83490000
2026-07-01T23:00:00+00:00,1621.62000000,1621.63000000,1608.35000000,1609.58000000,10292.39270000
2026-07-02T00:00:00+00:00,1609.59000000,1609.80000000,1597.22000000,1603.42000000,10412.13290000
2026-07-02T01:00:00+00:00,1603.42000000,1625.00000000,1602.63000000,1620.48000000,8577.15290000
2026-07-02T02:00:00+00:00,1620.47000000,1624.45000000,1614.64000000,1620.68000000,6676.41850000
2026-07-02T03:00:00+00:00,1620.69000000,1642.32000000,1618.12000000,1639.47000000,19491.77340000
2026-07-02T04:00:00+00:00,1639.46000000,1639.94000000,1630.44000000,1632.71000000,10670.88880000
2026-07-02T05:00:00+00:00,1632.71000000,1634.84000000,1625.21000000,1626.50000000,6765.41430000
2026-07-02T06:00:00+00:00,1626.51000000,1629.88000000,1617.51000000,1619.14000000,8049.34620000
2026-07-02T07:00:00+00:00,1619.14000000,1619.88000000,1614.32000000,1615.97000000,14349.35800000
2026-07-02T08:00:00+00:00,1615.97000000,1626.35000000,1615.08000000,1624.92000000,8243.22290000
2026-07-02T09:00:00+00:00,1624.91000000,1651.95000000,1620.34000000,1643.33000000,27834.73070000
2026-07-02T10:00:00+00:00,1643.32000000,1649.62000000,1641.48000000,1646.12000000,12264.08830000
2026-07-02T11:00:00+00:00,1646.12000000,1657.53000000,1644.53000000,1650.32000000,22336.09210000
2026-07-02T12:00:00+00:00,1650.31000000,1669.72000000,1647.66000000,1662.82000000,25143.50730000
2026-07-02T13:00:00+00:00,1662.81000000,1713.77000000,1660.73000000,1710.72000000,70316.27200000
2026-07-02T14:00:00+00:00,1710.73000000,1725.00000000,1692.96000000,1701.55000000,46156.98420000
2026-07-02T15:00:00+00:00,1701.55000000,1703.50000000,1688.72000000,1697.05000000,15806.44000000
2026-07-02T16:00:00+00:00,1697.06000000,1704.00000000,1686.49000000,1699.67000000,15511.61020000
2026-07-02T17:00:00+00:00,1699.66000000,1705.94000000,1694.51000000,1695.89000000,10016.66060000
2026-07-02T18:00:00+00:00,1695.88000000,1707.14000000,1695.45000000,1702.06000000,6185.18020000
2026-07-02T19:00:00+00:00,1702.05000000,1705.53000000,1694.75000000,1700.15000000,6640.07030000
2026-07-02T20:00:00+00:00,1700.15000000,1706.68000000,1696.08000000,1705.75000000,6054.85460000
2026-07-02T21:00:00+00:00,1705.75000000,1705.89000000,1697.36000000,1700.23000000,6841.12570000
2026-07-02T22:00:00+00:00,1700.23000000,1700.98000000,1694.20000000,1696.88000000,4106.71790000
2026-07-02T23:00:00+00:00,1696.88000000,1701.80000000,1692.13000000,1700.57000000,5003.46620000
2026-07-03T00:00:00+00:00,1700.57000000,1702.98000000,1694.72000000,1696.75000000,6275.85700000
2026-07-03T01:00:00+00:00,1696.75000000,1718.97000000,1695.34000000,1712.33000000,14375.09280000
2026-07-03T02:00:00+00:00,1712.33000000,1715.33000000,1696.23000000,1704.76000000,8846.15440000
2026-07-03T03:00:00+00:00,1704.75000000,1712.11000000,1699.53000000,1706.43000000,4972.00580000
2026-07-03T04:00:00+00:00,1706.43000000,1708.50000000,1702.34000000,1703.08000000,5425.96640000
2026-07-03T05:00:00+00:00,1703.07000000,1721.80000000,1702.28000000,1714.92000000,8051.46260000
2026-07-03T06:00:00+00:00,1714.93000000,1721.53000000,1712.94000000,1716.03000000,5814.78470000
2026-07-03T07:00:00+00:00,1716.03000000,1722.21000000,1713.97000000,1717.77000000,11185.80060000
2026-07-03T08:00:00+00:00,1717.77000000,1735.13000000,1715.68000000,1719.89000000,16499.87120000
2026-07-03T09:00:00+00:00,1719.89000000,1731.25000000,1717.03000000,1726.28000000,8910.38480000
2026-07-03T10:00:00+00:00,1726.27000000,1749.00000000,1726.26000000,1742.16000000,17896.72770000
2026-07-03T11:00:00+00:00,1742.17000000,1748.00000000,1737.47000000,1742.54000000,11215.55410000
2026-07-03T12:00:00+00:00,1742.54000000,1745.03000000,1731.55000000,1736.44000000,8572.59060000
2026-07-03T13:00:00+00:00,1736.44000000,1753.29000000,1736.09000000,1748.15000000,18552.76210000
2026-07-03T14:00:00+00:00,1748.14000000,1748.15000000,1728.99000000,1737.14000000,16334.16860000
2026-07-03T15:00:00+00:00,1737.15000000,1745.90000000,1729.75000000,1731.24000000,9633.88750000
2026-07-03T16:00:00+00:00,1731.24000000,1735.50000000,1727.87000000,1733.63000000,4503.36550000
2026-07-03T17:00:00+00:00,1733.62000000,1741.86000000,1732.33000000,1738.18000000,5441.91730000
2026-07-03T18:00:00+00:00,1738.19000000,1741.13000000,1736.19000000,1738.77000000,4412.39280000
2026-07-03T19:00:00+00:00,1738.78000000,1753.00000000,1737.34000000,1745.38000000,12018.82340000
2026-07-03T20:00:00+00:00,1745.39000000,1774.00000000,1743.61000000,1766.15000000,23241.50260000
2026-07-03T21:00:00+00:00,1766.15000000,1775.78000000,1756.75000000,1763.46000000,12003.77220000
2026-07-03T22:00:00+00:00,1763.46000000,1764.06000000,1756.00000000,1757.52000000,6188.96570000
2026-07-03T23:00:00+00:00,1757.53000000,1762.03000000,1755.45000000,1758.21000000,4043.05760000
2026-07-04T00:00:00+00:00,1758.22000000,1764.00000000,1756.50000000,1758.70000000,3683.71690000
2026-07-04T01:00:00+00:00,1758.70000000,1758.70000000,1746.00000000,1747.93000000,7014.52870000
2026-07-04T02:00:00+00:00,1747.93000000,1751.04000000,1744.09000000,1749.31000000,3003.36720000
2026-07-04T03:00:00+00:00,1749.31000000,1756.74000000,1747.26000000,1753.92000000,4996.56540000
2026-07-04T04:00:00+00:00,1753.91000000,1764.61000000,1752.00000000,1761.67000000,5721.94840000
2026-07-04T05:00:00+00:00,1761.68000000,1761.68000000,1753.27000000,1755.99000000,5276.36240000
2026-07-04T06:00:00+00:00,1755.98000000,1761.27000000,1751.72000000,1754.77000000,10308.15910000
2026-07-04T07:00:00+00:00,1754.78000000,1759.67000000,1752.86000000,1758.19000000,6166.44060000
2026-07-04T08:00:00+00:00,1758.18000000,1765.55000000,1757.39000000,1762.31000000,4156.42020000
2026-07-04T09:00:00+00:00,1762.30000000,1763.05000000,1755.00000000,1758.13000000,4166.56610000
2026-07-04T10:00:00+00:00,1758.12000000,1760.88000000,1757.12000000,1759.14000000,5248.40580000
2026-07-04T11:00:00+00:00,1759.14000000,1760.15000000,1756.19000000,1758.24000000,3639.54010000
2026-07-04T12:00:00+00:00,1758.23000000,1766.45000000,1758.23000000,1764.22000000,5574.77210000
2026-07-04T13:00:00+00:00,1764.22000000,1778.63000000,1761.62000000,1764.06000000,12097.16140000
2026-07-04T14:00:00+00:00,1764.05000000,1775.00000000,1763.92000000,1772.23000000,7318.71160000
2026-07-04T15:00:00+00:00,1772.23000000,1799.92000000,1772.22000000,1791.09000000,27008.32860000
2026-07-04T16:00:00+00:00,1791.08000000,1792.00000000,1783.32000000,1786.81000000,9177.80410000
2026-07-04T17:00:00+00:00,1786.81000000,1807.65000000,1779.00000000,1799.36000000,29134.50210000
2026-07-04T18:00:00+00:00,1799.36000000,1805.84000000,1791.58000000,1793.63000000,11047.19450000
2026-07-04T19:00:00+00:00,1793.62000000,1797.66000000,1788.47000000,1792.83000000,5951.67430000
2026-07-04T20:00:00+00:00,1792.83000000,1795.81000000,1783.84000000,1787.15000000,5589.82400000
2026-07-04T21:00:00+00:00,1787.15000000,1794.25000000,1786.24000000,1789.25000000,2648.90600000
2026-07-04T22:00:00+00:00,1789.25000000,1789.45000000,1782.19000000,1784.73000000,2861.69260000
2026-07-04T23:00:00+00:00,1784.73000000,1785.59000000,1772.10000000,1780.64000000,9087.55750000
2026-07-05T00:00:00+00:00,1780.64000000,1780.75000000,1769.64000000,1772.71000000,6958.11220000
2026-07-05T01:00:00+00:00,1772.70000000,1774.66000000,1760.72000000,1766.62000000,10008.11440000
2026-07-05T02:00:00+00:00,1766.61000000,1767.79000000,1757.00000000,1760.88000000,13241.53430000
2026-07-05T03:00:00+00:00,1760.87000000,1764.00000000,1757.76000000,1761.59000000,6232.63910000
2026-07-05T04:00:00+00:00,1761.58000000,1772.69000000,1760.07000000,1767.54000000,13059.26610000
2026-07-05T05:00:00+00:00,1767.53000000,1767.87000000,1760.50000000,1765.98000000,16392.01460000
2026-07-05T06:00:00+00:00,1765.98000000,1768.00000000,1762.01000000,1764.69000000,33430.88250000
2026-07-05T07:00:00+00:00,1764.69000000,1772.35000000,1761.76000000,1770.10000000,34375.05910000
2026-07-05T08:00:00+00:00,1770.09000000,1773.27000000,1766.46000000,1767.71000000,37769.81380000
2026-07-05T09:00:00+00:00,1767.72000000,1767.83000000,1748.79000000,1757.98000000,128409.69270000
2026-07-05T10:00:00+00:00,1757.99000000,1761.96000000,1755.03000000,1761.39000000,5053.51300000
2026-07-05T11:00:00+00:00,1761.39000000,1765.00000000,1758.70000000,1760.08000000,4765.44160000
2026-07-05T12:00:00+00:00,1760.08000000,1769.44000000,1756.03000000,1765.12000000,4749.45240000
2026-07-05T13:00:00+00:00,1765.12000000,1767.55000000,1761.51000000,1766.26000000,2946.71990000
2026-07-05T14:00:00+00:00,1766.25000000,1772.77000000,1764.96000000,1772.56000000,3839.53010000
2026-07-05T15:00:00+00:00,1772.56000000,1781.28000000,1770.11000000,1774.67000000,8462.28460000
2026-07-05T16:00:00+00:00,1774.66000000,1777.50000000,1770.31000000,1773.00000000,4477.97690000
2026-07-05T17:00:00+00:00,1773.00000000,1785.75000000,1772.99000000,1779.48000000,6807.84400000
2026-07-05T18:00:00+00:00,1779.47000000,1786.23000000,1777.80000000,1781.28000000,4040.31750000
2026-07-05T19:00:00+00:00,1781.28000000,1784.52000000,1777.70000000,1781.43000000,2877.40160000
2026-07-05T20:00:00+00:00,1781.44000000,1783.53000000,1776.26000000,1777.10000000,1915.64050000
2026-07-05T21:00:00+00:00,1777.10000000,1793.25000000,1769.29000000,1786.88000000,10803.26290000
2026-07-05T22:00:00+00:00,1786.91000000,1808.00000000,1784.34000000,1790.00000000,19757.58950000
2026-07-05T23:00:00+00:00,1789.99000000,1802.75000000,1782.75000000,1785.65000000,9299.31580000
2026-07-06T00:00:00+00:00,1785.65000000,1794.13000000,1774.35000000,1793.28000000,10212.84820000
2026-07-06T01:00:00+00:00,1793.27000000,1799.02000000,1785.40000000,1786.31000000,5674.44730000
2026-07-06T02:00:00+00:00,1786.31000000,1790.28000000,1779.26000000,1783.71000000,6310.47520000
2026-07-06T03:00:00+00:00,1783.71000000,1784.99000000,1772.22000000,1779.71000000,6649.58810000
2026-07-06T04:00:00+00:00,1779.70000000,1784.79000000,1776.34000000,1777.98000000,9109.76170000
2026-07-06T05:00:00+00:00,1777.98000000,1778.18000000,1764.42000000,1774.06000000,7877.24600000
2026-07-06T06:00:00+00:00,1774.06000000,1775.28000000,1769.23000000,1769.63000000,3980.86400000
2026-07-06T07:00:00+00:00,1769.64000000,1775.54000000,1766.98000000,1772.32000000,5935.98490000
2026-07-06T08:00:00+00:00,1772.32000000,1778.60000000,1763.08000000,1765.55000000,7580.27900000
2026-07-06T09:00:00+00:00,1765.54000000,1766.30000000,1755.77000000,1758.67000000,9014.23170000
2026-07-06T10:00:00+00:00,1758.67000000,1774.32000000,1758.24000000,1771.09000000,9282.12220000
2026-07-06T11:00:00+00:00,1771.10000000,1775.65000000,1759.59000000,1759.64000000,7461.89800000
2026-07-06T12:00:00+00:00,1759.64000000,1760.92000000,1735.27000000,1740.85000000,36298.14570000
2026-07-06T13:00:00+00:00,1740.85000000,1753.54000000,1728.95000000,1744.89000000,23443.43430000
2026-07-06T14:00:00+00:00,1744.89000000,1763.14000000,1742.10000000,1751.78000000,12993.13330000
2026-07-06T15:00:00+00:00,1751.79000000,1788.96000000,1751.56000000,1788.57000000,29447.77450000
2026-07-06T16:00:00+00:00,1788.57000000,1805.00000000,1782.42000000,1792.51000000,35024.39130000
2026-07-06T17:00:00+00:00,1792.50000000,1800.40000000,1787.30000000,1788.26000000,14958.37800000
2026-07-06T18:00:00+00:00,1788.27000000,1796.24000000,1786.76000000,1792.68000000,5560.25910000
2026-07-06T19:00:00+00:00,1792.69000000,1798.80000000,1791.18000000,1792.76000000,5042.21420000
2026-07-06T20:00:00+00:00,1792.76000000,1796.40000000,1787.26000000,1793.04000000,4815.42550000
2026-07-06T21:00:00+00:00,1793.04000000,1833.40000000,1792.63000000,1814.88000000,35802.77920000
2026-07-06T22:00:00+00:00,1814.88000000,1816.82000000,1804.70000000,1806.30000000,6468.80630000
2026-07-06T23:00:00+00:00,1806.29000000,1810.08000000,1797.55000000,1799.56000000,6934.84270000
2026-07-07T00:00:00+00:00,1799.56000000,1810.16000000,1794.86000000,1803.74000000,8258.86550000
2026-07-07T01:00:00+00:00,1803.74000000,1803.74000000,1787.35000000,1792.64000000,10940.28050000
2026-07-07T02:00:00+00:00,1792.65000000,1794.48000000,1777.00000000,1778.57000000,9702.15020000
2026-07-07T03:00:00+00:00,1778.57000000,1781.56000000,1768.85000000,1771.56000000,8523.34800000
2026-07-07T04:00:00+00:00,1771.55000000,1773.71000000,1762.66000000,1766.53000000,8330.32880000
2026-07-07T05:00:00+00:00,1766.52000000,1773.71000000,1757.57000000,1770.58000000,10294.84420000
2026-07-07T06:00:00+00:00,1770.57000000,1782.39000000,1764.84000000,1779.11000000,12917.95230000
2026-07-07T07:00:00+00:00,1779.11000000,1782.59000000,1771.08000000,1771.24000000,5410.57190000
2026-07-07T08:00:00+00:00,1771.23000000,1775.80000000,1768.37000000,1770.78000000,8034.42760000
2026-07-07T09:00:00+00:00,1770.77000000,1783.04000000,1768.81000000,1778.16000000,8425.75550000
2026-07-07T10:00:00+00:00,1778.16000000,1784.66000000,1774.35000000,1775.80000000,6740.84040000
2026-07-07T11:00:00+00:00,1775.80000000,1785.00000000,1772.00000000,1780.77000000,4518.84450000
2026-07-07T12:00:00+00:00,1780.77000000,1794.57000000,1780.27000000,1781.97000000,10488.46580000
2026-07-07T13:00:00+00:00,1781.97000000,1783.28000000,1766.06000000,1769.01000000,16012.74400000
2026-07-07T14:00:00+00:00,1769.02000000,1792.93000000,1761.19000000,1789.46000000,21986.80130000
2026-07-07T15:00:00+00:00,1789.45000000,1803.03000000,1783.00000000,1797.45000000,16643.77330000
2026-07-07T16:00:00+00:00,1797.45000000,1813.16000000,1792.44000000,1802.23000000,14026.21670000
2026-07-07T17:00:00+00:00,1802.23000000,1810.39000000,1798.54000000,1810.39000000,8332.28600000
2026-07-07T18:00:00+00:00,1810.39000000,1810.39000000,1785.88000000,1786.60000000,10232.44000000
2026-07-07T19:00:00+00:00,1786.60000000,1792.39000000,1773.50000000,1790.45000000,14007.65200000
2026-07-07T20:00:00+00:00,1790.46000000,1793.12000000,1781.39000000,1784.12000000,5049.35630000
2026-07-07T21:00:00+00:00,1784.12000000,1789.40000000,1771.05000000,1773.84000000,11249.41790000
2026-07-07T22:00:00+00:00,1773.83000000,1778.57000000,1765.35000000,1775.55000000,7075.21010000
2026-07-07T23:00:00+00:00,1775.55000000,1780.94000000,1768.00000000,1771.45000000,4334.15250000
2026-07-08T00:00:00+00:00,1771.45000000,1785.00000000,1770.02000000,1780.29000000,7805.24650000
2026-07-08T01:00:00+00:00,1780.29000000,1780.75000000,1750.00000000,1755.94000000,15773.17090000
2026-07-08T02:00:00+00:00,1755.93000000,1759.67000000,1741.21000000,1757.62000000,14172.65620000
2026-07-08T03:00:00+00:00,1757.63000000,1763.87000000,1749.21000000,1751.78000000,7909.33940000
2026-07-08T04:00:00+00:00,1751.74000000,1758.00000000,1749.49000000,1756.50000000,5605.20150000
2026-07-08T05:00:00+00:00,1756.50000000,1759.69000000,1750.65000000,1754.14000000,5002.95630000
2026-07-08T06:00:00+00:00,1754.15000000,1755.00000000,1746.34000000,1751.81000000,7293.50310000
2026-07-08T07:00:00+00:00,1751.81000000,1757.40000000,1745.01000000,1756.70000000,7480.53380000
2026-07-08T08:00:00+00:00,1756.70000000,1758.70000000,1725.18000000,1735.32000000,32556.40330000
2026-07-08T09:00:00+00:00,1735.32000000,1740.77000000,1729.70000000,1736.05000000,10459.08110000
2026-07-08T10:00:00+00:00,1736.06000000,1742.30000000,1732.60000000,1739.34000000,5418.13470000
2026-07-08T11:00:00+00:00,1739.34000000,1750.96000000,1736.02000000,1747.95000000,8362.75530000
2026-07-08T12:00:00+00:00,1747.95000000,1751.25000000,1738.20000000,1738.58000000,8062.18410000
2026-07-08T13:00:00+00:00,1738.58000000,1744.25000000,1731.22000000,1737.72000000,12548.57490000
2026-07-08T14:00:00+00:00,1737.71000000,1740.95000000,1722.13000000,1729.62000000,14284.78210000
2026-07-08T15:00:00+00:00,1729.62000000,1730.53000000,1713.44000000,1722.96000000,17338.05600000
2026-07-08T16:00:00+00:00,1722.96000000,1738.18000000,1722.78000000,1736.38000000,9231.42900000
2026-07-08T17:00:00+00:00,1736.39000000,1746.52000000,1730.96000000,1733.15000000,10650.85260000
2026-07-08T18:00:00+00:00,1733.16000000,1741.20000000,1730.03000000,1737.46000000,6602.49850000
2026-07-08T19:00:00+00:00,1737.46000000,1741.52000000,1733.61000000,1740.98000000,4899.93300000
2026-07-08T20:00:00+00:00,1740.99000000,1741.31000000,1734.62000000,1736.42000000,4235.44220000
2026-07-08T21:00:00+00:00,1736.42000000,1740.00000000,1731.41000000,1738.06000000,2971.62020000
2026-07-08T22:00:00+00:00,1738.07000000,1743.43000000,1736.83000000,1741.40000000,2733.66350000
2026-07-08T23:00:00+00:00,1741.39000000,1744.81000000,1738.82000000,1743.54000000,3833.20720000
2026-07-09T00:00:00+00:00,1743.55000000,1744.68000000,1736.98000000,1738.22000000,4559.45410000
2026-07-09T01:00:00+00:00,1738.22000000,1756.79000000,1730.29000000,1731.79000000,12551.33050000
2026-07-09T02:00:00+00:00,1731.80000000,1739.47000000,1723.60000000,1727.30000000,6230.84600000
2026-07-09T03:00:00+00:00,1727.30000000,1734.61000000,1721.93000000,1730.70000000,4448.97580000
2026-07-09T04:00:00+00:00,1730.70000000,1743.94000000,1730.35000000,1742.51000000,5752.12930000
2026-07-09T05:00:00+00:00,1742.51000000,1749.48000000,1737.46000000,1749.39000000,7363.79480000
2026-07-09T06:00:00+00:00,1749.38000000,1755.69000000,1745.91000000,1755.26000000,10243.23600000
2026-07-09T07:00:00+00:00,1755.27000000,1762.36000000,1749.83000000,1753.31000000,14267.98580000
2026-07-09T08:00:00+00:00,1753.30000000,1758.68000000,1750.92000000,1754.45000000,4961.89450000
2026-07-09T09:00:00+00:00,1754.45000000,1756.52000000,1749.47000000,1755.78000000,5100.44660000
2026-07-09T10:00:00+00:00,1755.77000000,1757.34000000,1744.10000000,1746.31000000,4382.03950000
2026-07-09T11:00:00+00:00,1746.31000000,1748.49000000,1741.26000000,1744.02000000,5775.61430000
2026-07-09T12:00:00+00:00,1744.02000000,1747.20000000,1734.70000000,1741.80000000,19303.94490000
2026-07-09T13:00:00+00:00,1741.80000000,1752.00000000,1735.94000000,1746.99000000,12891.66530000
2026-07-09T14:00:00+00:00,1746.99000000,1749.83000000,1733.36000000,1743.14000000,12621.63150000
2026-07-09T15:00:00+00:00,1743.14000000,1749.37000000,1737.52000000,1739.51000000,5941.47180000
2026-07-09T16:00:00+00:00,1739.51000000,1743.84000000,1731.99000000,1739.25000000,5567.83780000
2026-07-09T17:00:00+00:00,1739.25000000,1752.50000000,1738.46000000,1748.52000000,5902.76650000
2026-07-09T18:00:00+00:00,1748.53000000,1759.82000000,1747.47000000,1751.55000000,8365.68340000
2026-07-09T19:00:00+00:00,1751.56000000,1752.95000000,1747.12000000,1748.51000000,4098.76710000
2026-07-09T20:00:00+00:00,1748.51000000,1750.36000000,1745.27000000,1748.76000000,3290.15120000
2026-07-09T21:00:00+00:00,1748.77000000,1750.97000000,1745.01000000,1748.17000000,3391.97130000
2026-07-09T22:00:00+00:00,1748.17000000,1751.08000000,1746.33000000,1747.52000000,2982.54220000
2026-07-09T23:00:00+00:00,1747.53000000,1749.07000000,1741.56000000,1745.16000000,3709.07700000
2026-07-10T00:00:00+00:00,1745.17000000,1746.42000000,1737.68000000,1743.09000000,4484.71280000
2026-07-10T01:00:00+00:00,1743.09000000,1777.47000000,1738.25000000,1767.62000000,21949.68400000
2026-07-10T02:00:00+00:00,1767.62000000,1775.00000000,1764.56000000,1772.86000000,9964.53340000
2026-07-10T03:00:00+00:00,1772.87000000,1779.68000000,1769.22000000,1776.12000000,8951.60110000
2026-07-10T04:00:00+00:00,1776.13000000,1780.33000000,1771.94000000,1774.75000000,6935.68250000
2026-07-10T05:00:00+00:00,1774.74000000,1780.00000000,1772.54000000,1779.04000000,5928.99420000
2026-07-10T06:00:00+00:00,1779.04000000,1779.88000000,1769.23000000,1771.17000000,6368.24820000
2026-07-10T07:00:00+00:00,1771.17000000,1777.45000000,1768.57000000,1773.20000000,4620.37440000
2026-07-10T08:00:00+00:00,1773.20000000,1789.59000000,1772.63000000,1783.99000000,10180.55420000
2026-07-10T09:00:00+00:00,1783.99000000,1794.94000000,1781.27000000,1792.56000000,10631.99100000
2026-07-10T10:00:00+00:00,1792.55000000,1802.99000000,1789.45000000,1797.01000000,13415.15110000
2026-07-10T11:00:00+00:00,1797.01000000,1802.41000000,1794.25000000,1801.22000000,12000.03230000
2026-07-10T12:00:00+00:00,1801.22000000,1807.18000000,1792.98000000,1793.95000000,14822.58250000
2026-07-10T13:00:00+00:00,1793.95000000,1812.00000000,1793.65000000,1803.82000000,14696.71910000
2026-07-10T14:00:00+00:00,1803.82000000,1804.49000000,1775.00000000,1785.06000000,18781.42580000
2026-07-10T15:00:00+00:00,1785.06000000,1796.88000000,1784.03000000,1791.11000000,8899.21600000
2026-07-10T16:00:00+00:00,1791.11000000,1799.53000000,1785.86000000,1797.49000000,7780.21870000
2026-07-10T17:00:00+00:00,1797.48000000,1799.00000000,1788.02000000,1788.03000000,6049.03190000
2026-07-10T18:00:00+00:00,1788.03000000,1794.00000000,1781.20000000,1784.94000000,6073.97160000
2026-07-10T19:00:00+00:00,1784.94000000,1797.31000000,1784.10000000,1792.68000000,6542.42640000
2026-07-10T20:00:00+00:00,1792.68000000,1794.46000000,1789.65000000,1790.14000000,5201.04390000
2026-07-10T21:00:00+00:00,1790.13000000,1796.99000000,1789.60000000,1794.37000000,5005.50300000
2026-07-10T22:00:00+00:00,1794.37000000,1796.62000000,1792.95000000,1795.20000000,3421.88740000
2026-07-10T23:00:00+00:00,1795.20000000,1798.00000000,1792.57000000,1796.85000000,2900.21900000
2026-07-11T00:00:00+00:00,1796.85000000,1797.20000000,1790.10000000,1793.36000000,3618.95270000
2026-07-11T01:00:00+00:00,1793.35000000,1799.29000000,1788.25000000,1789.09000000,5003.16040000
2026-07-11T02:00:00+00:00,1789.09000000,1796.14000000,1786.77000000,1795.59000000,4151.10430000
2026-07-11T03:00:00+00:00,1795.59000000,1798.24000000,1792.03000000,1796.50000000,3677.84420000
2026-07-11T04:00:00+00:00,1796.50000000,1800.18000000,1795.75000000,1796.53000000,3954.42070000
2026-07-11T05:00:00+00:00,1796.52000000,1802.27000000,1795.07000000,1799.45000000,4300.63000000
2026-07-11T06:00:00+00:00,1799.44000000,1803.29000000,1794.60000000,1799.32000000,8839.66650000
2026-07-11T07:00:00+00:00,1799.31000000,1802.00000000,1797.93000000,1800.00000000,5908.39440000
2026-07-11T08:00:00+00:00,1799.99000000,1803.52000000,1799.58000000,1801.47000000,2510.29730000
2026-07-11T09:00:00+00:00,1801.47000000,1802.59000000,1795.15000000,1795.50000000,3701.75490000
2026-07-11T10:00:00+00:00,1795.51000000,1799.28000000,1795.23000000,1798.30000000,2958.87590000
2026-07-11T11:00:00+00:00,1798.30000000,1801.02000000,1797.20000000,1800.48000000,3992.72280000
2026-07-11T12:00:00+00:00,1800.47000000,1801.66000000,1798.42000000,1800.10000000,2803.01210000
2026-07-11T13:00:00+00:00,1800.10000000,1808.37000000,1799.15000000,1802.61000000,4888.93760000
2026-07-11T14:00:00+00:00,1802.61000000,1817.62000000,1802.48000000,1810.73000000,13659.34700000
2026-07-11T15:00:00+00:00,1810.73000000,1828.00000000,1808.73000000,1814.83000000,27611.25840000
2026-07-11T16:00:00+00:00,1814.82000000,1824.43000000,1810.62000000,1823.34000000,17930.40940000
2026-07-11T17:00:00+00:00,1823.34000000,1830.00000000,1818.42000000,1824.73000000,7153.28140000
2026-07-11T18:00:00+00:00,1824.72000000,1830.00000000,1823.70000000,1826.39000000,6844.04620000
2026-07-11T19:00:00+00:00,1826.39000000,1827.21000000,1818.96000000,1824.38000000,12178.85370000
2026-07-11T20:00:00+00:00,1824.38000000,1828.57000000,1823.21000000,1825.97000000,3595.75540000
2026-07-11T21:00:00+00:00,1825.97000000,1829.17000000,1822.65000000,1823.97000000,3406.48650000
2026-07-11T22:00:00+00:00,1823.96000000,1824.21000000,1809.26000000,1813.73000000,7981.44880000
2026-07-11T23:00:00+00:00,1813.73000000,1815.86000000,1786.58000000,1787.76000000,18032.75770000
2026-07-12T00:00:00+00:00,1787.76000000,1791.18000000,1779.46000000,1788.98000000,11937.49120000
2026-07-12T01:00:00+00:00,1788.98000000,1808.30000000,1788.16000000,1806.70000000,8466.36800000
2026-07-12T02:00:00+00:00,1806.70000000,1807.60000000,1802.97000000,1805.12000000,3503.15990000
2026-07-12T03:00:00+00:00,1805.11000000,1813.67000000,1802.66000000,1811.53000000,6583.91370000
2026-07-12T04:00:00+00:00,1811.53000000,1812.63000000,1804.15000000,1805.92000000,3232.07530000
2026-07-12T05:00:00+00:00,1805.92000000,1807.15000000,1801.30000000,1803.25000000,2322.34980000
2026-07-12T06:00:00+00:00,1803.25000000,1803.25000000,1789.44000000,1795.13000000,6351.42600000
2026-07-12T07:00:00+00:00,1795.14000000,1799.10000000,1794.20000000,1798.78000000,2575.73080000
2026-07-12T08:00:00+00:00,1798.78000000,1808.94000000,1798.73000000,1805.22000000,3448.41740000
2026-07-12T09:00:00+00:00,1805.22000000,1805.99000000,1796.69000000,1802.39000000,3895.08670000
2026-07-12T10:00:00+00:00,1802.40000000,1802.58000000,1798.99000000,1799.40000000,2402.48270000
2026-07-12T11:00:00+00:00,1799.41000000,1806.84000000,1796.48000000,1803.77000000,3917.39230000
2026-07-12T12:00:00+00:00,1803.77000000,1809.42000000,1803.00000000,1807.01000000,2524.43390000
2026-07-12T13:00:00+00:00,1807.02000000,1809.78000000,1805.33000000,1805.95000000,2484.67620000
2026-07-12T14:00:00+00:00,1805.95000000,1822.00000000,1804.20000000,1819.51000000,11538.34280000
2026-07-12T15:00:00+00:00,1819.50000000,1826.92000000,1816.54000000,1820.93000000,16127.37800000
2026-07-12T16:00:00+00:00,1820.94000000,1824.39000000,1817.60000000,1822.00000000,12343.51950000
2026-07-12T17:00:00+00:00,1821.99000000,1822.54000000,1814.85000000,1818.50000000,5327.09600000
2026-07-12T18:00:00+00:00,1818.51000000,1822.38000000,1815.12000000,1821.42000000,5070.45220000
2026-07-12T19:00:00+00:00,1821.42000000,1823.00000000,1818.71000000,1821.40000000,4492.96290000
2026-07-12T20:00:00+00:00,1821.40000000,1824.00000000,1818.80000000,1821.26000000,3550.74590000
2026-07-12T21:00:00+00:00,1821.26000000,1823.63000000,1810.78000000,1812.28000000,4999.72810000
2026-07-12T22:00:00+00:00,1812.27000000,1812.27000000,1797.63000000,1805.06000000,10013.14090000
2026-07-12T23:00:00+00:00,1805.05000000,1808.94000000,1801.00000000,1806.80000000,3964.61330000
2026-07-13T00:00:00+00:00,1806.80000000,1846.00000000,1804.41000000,1826.59000000,45581.49350000
2026-07-13T01:00:00+00:00,1826.60000000,1829.99000000,1805.32000000,1806.83000000,13467.77050000
2026-07-13T02:00:00+00:00,1806.84000000,1814.82000000,1798.99000000,1806.99000000,12025.55380000
2026-07-13T03:00:00+00:00,1806.99000000,1806.99000000,1775.00000000,1780.55000000,28414.50540000
2026-07-13T04:00:00+00:00,1780.54000000,1785.16000000,1776.42000000,1779.03000000,7879.82090000
2026-07-13T05:00:00+00:00,1779.03000000,1786.61000000,1773.99000000,1781.64000000,10049.81840000
2026-07-13T06:00:00+00:00,1781.64000000,1783.42000000,1775.96000000,1777.85000000,7014.69650000
2026-07-13T07:00:00+00:00,1777.85000000,1791.39000000,1776.44000000,1787.57000000,9229.38960000
2026-07-13T08:00:00+00:00,1787.58000000,1793.56000000,1783.86000000,1790.17000000,7102.96880000
2026-07-13T09:00:00+00:00,1790.18000000,1790.55000000,1784.92000000,1785.81000000,4441.84540000
2026-07-13T10:00:00+00:00,1785.81000000,1786.89000000,1777.10000000,1779.43000000,8604.83380000
2026-07-13T11:00:00+00:00,1779.43000000,1784.98000000,1779.43000000,1780.74000000,4821.35270000
2026-07-13T12:00:00+00:00,1780.74000000,1783.54000000,1767.73000000,1772.33000000,13917.35520000
2026-07-13T13:00:00+00:00,1772.33000000,1776.54000000,1763.46000000,1771.30000000,16550.73640000
2026-07-13T14:00:00+00:00,1771.30000000,1782.00000000,1762.44000000,1781.74000000,19924.44400000
2026-07-13T15:00:00+00:00,1781.74000000,1786.53000000,1775.50000000,1777.01000000,7213.66170000
2026-07-13T16:00:00+00:00,1777.00000000,1780.73000000,1767.38000000,1772.05000000,8562.98680000
2026-07-13T17:00:00+00:00,1772.05000000,1776.33000000,1753.25000000,1753.62000000,16382.02090000
2026-07-13T18:00:00+00:00,1753.62000000,1767.39000000,1750.20000000,1764.90000000,16733.38960000
2026-07-13T19:00:00+00:00,1764.90000000,1775.26000000,1764.51000000,1774.92000000,7678.57970000
2026-07-13T20:00:00+00:00,1774.93000000,1776.99000000,1761.72000000,1767.33000000,5722.32990000
2026-07-13T21:00:00+00:00,1767.34000000,1767.34000000,1752.59000000,1761.68000000,8959.97070000
2026-07-13T22:00:00+00:00,1761.68000000,1768.45000000,1756.41000000,1758.50000000,5489.76100000
2026-07-13T23:00:00+00:00,1758.51000000,1778.05000000,1756.49000000,1776.72000000,9262.33460000
2026-07-14T00:00:00+00:00,1776.71000000,1788.64000000,1773.41000000,1786.02000000,8453.57700000
2026-07-14T01:00:00+00:00,1786.02000000,1794.47000000,1783.27000000,1784.84000000,8797.12280000
2026-07-14T02:00:00+00:00,1784.83000000,1789.02000000,1775.07000000,1782.66000000,4929.12790000
2026-07-14T03:00:00+00:00,1782.67000000,1783.96000000,1774.75000000,1783.65000000,3656.01380000
2026-07-14T04:00:00+00:00,1783.64000000,1789.99000000,1782.26000000,1785.93000000,5691.24120000
2026-07-14T05:00:00+00:00,1785.92000000,1793.26000000,1784.53000000,1787.04000000,6015.86970000
2026-07-14T06:00:00+00:00,1787.03000000,1787.40000000,1781.92000000,1783.19000000,4426.52350000
2026-07-14T07:00:00+00:00,1783.19000000,1786.55000000,1779.41000000,1781.21000000,6999.26400000
2026-07-14T08:00:00+00:00,1781.21000000,1789.61000000,1779.00000000,1785.93000000,6336.90610000
2026-07-14T09:00:00+00:00,1785.94000000,1789.56000000,1782.90000000,1786.19000000,5397.68910000
2026-07-14T10:00:00+00:00,1786.19000000,1805.00000000,1786.11000000,1800.12000000,27952.71870000
2026-07-14T11:00:00+00:00,1800.13000000,1802.95000000,1795.82000000,1798.09000000,7829.77700000
2026-07-14T12:00:00+00:00,1798.09000000,1867.71000000,1794.37000000,1861.04000000,78226.08120000
2026-07-14T13:00:00+00:00,1861.04000000,1882.85000000,1854.41000000,1871.31000000,59074.24250000
2026-07-14T14:00:00+00:00,1871.30000000,1884.56000000,1859.46000000,1881.16000000,27015.05550000
2026-07-14T15:00:00+00:00,1881.17000000,1888.80000000,1872.85000000,1875.22000000,28696.38130000
2026-07-14T16:00:00+00:00,1875.22000000,1877.07000000,1868.76000000,1873.79000000,12744.14140000
2026-07-14T17:00:00+00:00,1873.80000000,1873.80000000,1860.56000000,1871.54000000,12580.75540000
2026-07-14T18:00:00+00:00,1871.55000000,1876.83000000,1868.18000000,1874.79000000,6718.53070000
2026-07-14T19:00:00+00:00,1874.79000000,1881.56000000,1874.43000000,1876.74000000,6916.49560000
2026-07-14T20:00:00+00:00,1876.74000000,1878.55000000,1873.63000000,1875.42000000,3540.17650000
2026-07-14T21:00:00+00:00,1875.41000000,1879.74000000,1874.40000000,1876.46000000,4325.44090000
2026-07-14T22:00:00+00:00,1876.46000000,1896.14000000,1872.06000000,1882.04000000,21465.41470000
2026-07-14T23:00:00+00:00,1882.04000000,1893.32000000,1878.69000000,1891.87000000,11125.22550000
2026-07-15T00:00:00+00:00,1891.87000000,1893.32000000,1878.13000000,1881.58000000,9550.64080000
2026-07-15T01:00:00+00:00,1881.58000000,1881.98000000,1867.23000000,1870.20000000,10644.97340000
2026-07-15T02:00:00+00:00,1870.19000000,1873.04000000,1864.38000000,1864.60000000,8096.64750000
2026-07-15T03:00:00+00:00,1864.60000000,1878.96000000,1864.46000000,1876.08000000,6856.56060000
2026-07-15T04:00:00+00:00,1876.08000000,1880.59000000,1873.31000000,1876.49000000,5458.10450000
2026-07-15T05:00:00+00:00,1876.50000000,1883.54000000,1871.64000000,1882.68000000,5911.75970000
2026-07-15T06:00:00+00:00,1882.69000000,1891.89000000,1875.52000000,1875.87000000,11821.18320000
2026-07-15T07:00:00+00:00,1875.87000000,1877.16000000,1864.70000000,1870.04000000,13148.28060000
2026-07-15T08:00:00+00:00,1870.04000000,1879.64000000,1870.03000000,1879.22000000,7626.35540000
2026-07-15T09:00:00+00:00,1879.22000000,1886.59000000,1879.18000000,1879.86000000,11037.78790000
2026-07-15T10:00:00+00:00,1879.86000000,1886.55000000,1874.98000000,1878.11000000,10094.63060000
2026-07-15T11:00:00+00:00,1878.12000000,1885.71000000,1877.48000000,1884.62000000,6327.11960000
2026-07-15T12:00:00+00:00,1884.62000000,1929.94000000,1879.25000000,1927.16000000,40956.86540000
2026-07-15T13:00:00+00:00,1927.17000000,1946.52000000,1917.16000000,1925.76000000,55492.80370000
2026-07-15T14:00:00+00:00,1925.77000000,1935.51000000,1919.12000000,1933.23000000,25792.00820000
2026-07-15T15:00:00+00:00,1933.24000000,1937.60000000,1925.95000000,1931.95000000,15043.13800000
2026-07-15T16:00:00+00:00,1931.96000000,1932.95000000,1904.36000000,1919.62000000,21205.26580000
2026-07-15T17:00:00+00:00,1919.62000000,1931.22000000,1919.44000000,1927.94000000,10664.04320000
2026-07-15T18:00:00+00:00,1927.93000000,1937.00000000,1922.62000000,1924.47000000,14593.80810000
2026-07-15T19:00:00+00:00,1924.47000000,1929.06000000,1918.92000000,1924.15000000,8808.65790000
2026-07-15T20:00:00+00:00,1924.15000000,1930.71000000,1919.71000000,1923.75000000,4481.71480000
2026-07-15T21:00:00+00:00,1923.75000000,1925.73000000,1919.80000000,1922.00000000,4689.26910000
2026-07-15T22:00:00+00:00,1922.00000000,1928.58000000,1918.30000000,1923.43000000,6006.37690000
2026-07-15T23:00:00+00:00,1923.43000000,1927.28000000,1914.89000000,1917.86000000,5492.97440000
2026-07-16T00:00:00+00:00,1917.86000000,1924.98000000,1911.61000000,1914.86000000,8258.60480000
